,e_hbonds_r,hbonds_unsat_r,score_sc_r,hpsasa_r,rmsf_bb_r,e_hbonds_s,hbonds_unsat_s,score_sc_s,hpsasa_s,rmsf_bb_s,foldx,saltb_p,exp_tested,stabilizing,dtm
P7F,0.2247444762751002,-0.4913026473336234,1.9847708455231787,-0.1233480120714937,4.870299041041289,0.2195159587112486,-0.064214398814749,1.9111762935482728,-0.1763527517899042,1.9668087644933905,0.5773406313161548,1.773734453729758,False,False,
P7W,-0.0296832889223727,-1.1975502028757077,2.599809547379011,-0.1153010363232049,6.04304523078411,1.034956537980791,-0.4678477627931721,1.6496696344283353,-0.0698776609673605,3.4904203758885473,0.9351689199978825,-0.3902215798205447,False,False,
P7K,0.2797824389735659,-1.6713063270902728,3.0593569080473824,0.8628228128382097,4.323039218325759,0.4009713194701612,-1.272056662235031,2.6343581810761973,1.4828119813792178,0.5303357841683699,0.5199188620175667,0.4670834061488383,True,True,0.9
S17D,1.3317642940794727,0.5351689551312684,0.7034302859701258,0.0,0.7912816188335572,1.6179501550481348,0.8011510709268688,-0.0870188832523107,0.7394216142255049,-1.7894169532647008,0.8918507431585968,2.7138137142065317,True,True,3.9
P181R,1.421021870905213,-1.6810543954897494,-1.3470933755283323,0.2729181678816083,1.2771038445168337,0.7854661451538364,-1.3410276831842085,-1.099723029993666,0.3778940353208858,0.8607162618775875,1.0965543137107565,1.5188422433419284,True,False,-0.5
A199M,0.4372116341421653,-0.1842384927501087,0.8023533009777322,1.165612814804654,2.240096802094697,0.0223402493364434,-1.4157746024394688,-0.3650272461642441,0.9263661976302324,0.6075179664958786,1.3893045971874178,2.2467303080576935,False,False,
L150F,-0.1356236730216496,-0.3772502470597464,1.2935812331967669,0.8253318766494617,0.1019340377618958,0.815372054550851,0.4189225065533617,0.4293273305159056,1.7386210143122325,1.7221794465145157,1.1547820025784474,0.6562817478800118,True,True,14.2
T236K,0.9772969060985228,-0.851006371274312,0.0,0.2591244342665567,-0.0517291328710855,-0.0900522791544576,-0.957100325191264,0.6715714180630201,-0.9343687409419248,1.2472559798377894,1.8992502045373352,5.469014565666754,True,False,-1.0
S97A,-0.7871654321758617,1.3247624954888777,1.953718616695356,-0.4372178696569948,0.6462260702408815,-0.0339659482497151,1.1466856931205214,0.3373188685748217,-0.2463651434266207,1.7779288011295438,0.8165980033936051,2.0752693108638183,True,True,2.8
S197E,0.9642011184151182,0.5790352629289134,2.06125661392603,-0.0291286100097679,-0.2876382006365334,1.3491432466026425,0.2262793101091172,0.7184092936333577,1.2790086386075852,0.2275797460767717,0.7655228507017031,1.0938029131333509,True,True,6.1
R177K,0.4222797830467851,1.7239458964474466,-0.2416564025640991,0.0,0.2972112080989285,0.1935501721148404,1.0916447798507376,0.2213072601926293,0.4539854975098913,-0.0106746102560357,0.6667977034865867,-0.1714609971938752,False,False,
G75K,1.626279924749688,-1.114204218060182,-0.9203468147707984,1.704800551174121,-0.4232995573363339,1.1239849165008429,-0.2996671944688316,-1.817846645060118,1.921469600684128,-0.1632892547665969,1.888773250138996,1.4012502184465114,False,False,
G41E,1.1852817530989213,0.4649828626550365,-0.8646732952611876,0.0162267310980109,0.0304328717999364,2.000695487405363,-0.0550409132697853,0.8859809810491257,0.6410145536809446,0.713524908544784,3.9243246018008744,0.0768618263282901,True,True,2.5
A155F,-0.1641657409650936,-0.1359855541726994,1.063564557113885,-1.4168872543183613,1.1550073821847069,0.4929249809116852,-0.0917348554496382,0.9664877458317376,0.3044487739033429,1.8645022065289265,3.4304973858330166,1.531324078386693,True,True,14.0
T14L,-0.2776923261243188,1.0615646487030077,-0.1535413713438402,-0.3695558919514246,-0.2416132168214716,0.2357942716356454,-0.1712383968393318,1.7689594106043822,0.5109778009997679,-0.5584861506733806,1.9182900543573933,1.0346784313423607,False,False,
S162A,-1.485429293939889,1.1405240027387689,2.0563920839277117,0.0,1.2107340237697897,-1.807281729504548,0.9907364388561296,0.2442068250087332,0.3682759363539603,1.0868812015245717,1.3120370584996683,-0.2483228235221654,True,False,-5.5
V193M,0.0453070965832456,-0.1579187080715219,-0.7832591467129855,1.81330648216772,-0.5903328062279339,0.6347952870854593,-0.2323949671390895,-0.3577172669919594,2.621720574847426,0.1883116436547835,1.1938691016799425,1.135190050387046,False,False,
V193L,-0.1700650128008659,0.1798518619703443,-0.7313621827410566,0.5311752392310323,0.2968342275337251,0.4478325398974709,0.6604909592374244,-0.0360429205780572,1.0827348622895208,1.4194628545935717,1.836287738201164,0.9932912940886652,True,True,2.5
S97V,-0.6787334272672987,1.425655003423461,1.2616771425228666,-2.040415761889954,0.617057820491347,0.5243513856181282,1.391311974319566,0.039494702050144,-2.0967171482594105,1.0069649706028618,0.6492689528585968,1.1292776022079472,False,False,
S97I,-0.7224482697006465,1.0484047563637142,1.7548566089221351,-1.867559675643219,0.194844253865335,0.4677206683039496,0.14371794020444,1.1048267245976156,-1.9850616023157897,1.4155692268716356,0.7047766631805652,2.2762925489531916,False,False,
A131L,0.1598867441222454,0.1666919696310508,2.086873597934862,-0.3241836507310257,0.6092984250425094,-0.8155191881588918,-1.0885869513357471,0.0396512808510291,0.9259933097123846,-0.2656630669292693,1.5049540553536969,1.3184759439391207,False,False,
Q65P,-0.6350482813420084,-0.0394796770178803,-0.8070012633992018,0.5529669760533036,0.3897433263423278,-0.0095518534871695,-0.0397517706948468,1.4823476806456195,0.2830541271361067,0.6798719069482331,1.819363427250001,0.5794199215517216,False,False,
S239R,1.4486876384424798,-2.3117544209358893,2.030893878497558,0.0,0.6199838011683219,-0.5698231343741272,-2.975267145083378,-0.3276220793437162,0.2610705932275365,0.6924135090989939,2.026283276617194,4.4165987897871,False,False,
A155Y,1.4949568460312914,-0.4035700317383334,1.244787170388688,-1.0010876417791983,0.6814690861349395,0.9092342445421016,-1.1711483212404243,-0.2476642191633855,0.0074384720346678,0.6892492190996643,3.944976290759138,0.8573049859693849,True,True,4.5
V158M,-0.3262419276359503,-0.3597037239406886,1.301377205712846,0.105764593763152,0.4263737446092864,-1.5071481464182714,-0.2752045663489286,1.132809219380576,0.4168177212135266,0.5650774706584257,2.081388027154611,3.1335975349225724,True,True,2.9
P7M,0.2448438921425135,-0.4869160165538591,2.7265584118313155,-0.0836357890084313,2.5028328756454963,0.3976716517878335,0.0366939421798563,1.599494254134061,0.0166790003326634,-0.8283045096110383,0.9639805445933146,0.6444568515218142,False,False,
K49R,1.1942182608967256,-0.8246865865957254,1.2731213165180058,0.0,-0.941341183478966,1.4150104290116037,-0.3088406800137926,0.2005346989581455,-0.0244835147812082,-1.9676589418299044,0.8864107860671516,1.8269464873416523,True,True,0.1
S39D,0.9266569124601388,1.6142801269533342,1.0640622971826723,0.7821582807125435,0.0576376659379642,1.4483896690963152,0.4189225065533617,1.118635899943221,0.6878889469165477,0.2826771068501698,1.0835588606589708,0.7686182632828967,True,True,7.8
S92E,1.8666954065840484,1.1843903105364135,0.7116326100912064,0.0,0.8544314064403198,0.1099205568313148,0.5412356471528874,0.5584895861472247,-0.1500873092240431,0.1296733798947184,1.4270820769891204,1.1174527058497494,True,True,12.1
Q98L,-1.753204662037995,1.1931635720959428,0.0183137730148383,-1.3421074509662636,0.7458122955998036,-0.095971687327759,1.2751144907500178,0.1558504587353113,-0.4700822557767893,1.791618094477133,0.930837102313954,0.4729958543279371,False,False,
Q65V,-0.1125759245313747,1.3423090186079356,0.7198936910849257,-1.4548235064185082,-0.0111974077822734,1.0372737533521772,1.5442034000689686,1.9245466502741568,-1.188620958038229,0.3364348354837138,0.5385557520530734,-0.407958924357843,False,False,
M157F,0.4542035292087278,0.096505877154819,-0.1315675474939726,-0.3077758052341509,0.7861494586780781,0.0399598363605912,-0.8867702693465365,-1.178576873610675,0.0623552603937299,0.6650031644303821,0.7678398694628742,0.1773734453729774,False,False,
V186I,0.0229830492015602,-0.0175465231190579,2.2076347137236563,0.0,0.3292401879873762,0.0805018549198288,-0.2385106241690687,0.5309756896417829,-0.0010109183100779,0.6193335868199166,0.5738147332013293,-0.236497927163966,True,False,-4.0
K182R,1.7562605165003762,-1.1668437874173558,-0.2087600217116011,0.0,0.1286615639049955,0.9905598253387302,-0.7613993002320254,0.590328513598337,0.2519540352483588,-0.4929985977643274,2.1285343219471358,1.6673103865059735,True,False,-1.5
Q44E,0.1932610576464263,1.2765095569114682,0.0454892853221559,0.2495082659462634,0.513020415193374,0.202560338891826,0.6880114158723111,0.948739124648086,-0.675804986404403,-0.2236293692747829,1.0175741959386635,1.4249000111629069,True,True,3.4
L9P,-0.6244169314573808,-1.3247624954888777,0.7247652726777157,2.0346742730606806,-0.8971817582061901,-0.2458698667734138,0.0703300558447239,0.0489511014964373,1.2515607365966452,1.4929997212443045,1.5437389346167782,0.1537236526565803,True,True,0.6
S230K,0.3493104357541153,0.1403721849524639,1.3058555207942382,0.8276170414072859,-0.0954346317606515,-0.9972340376555432,-1.8102344808729292,0.0603914789116617,0.7210023930571647,-0.2073690324906308,1.6631157707901587,3.0981228458479793,False,False,
S239Q,0.774607439875057,-1.0966576949411238,0.7519803213842472,-0.0041406947910523,0.4201154903257267,-0.4679295773825895,-0.8592498127116411,0.2699637484079669,0.754887448881952,0.8091010860764508,1.3532396964700588,0.0709493781491913,False,False,
Q65I,-0.1320679118248823,1.2765095569114682,-0.1262922362353159,-1.4803216415842382,0.7746424847326002,1.2104270625615383,2.1680004171265317,0.7907581508047272,-1.2576535076078856,1.3105364952677765,1.0887973378581401,0.6799315405964089,True,False,-1.2
T225R,0.1241154848630569,-2.1977020206620126,-0.2020076630670399,0.5551729207716927,-0.3153206975674665,0.3758743596082817,-2.275024415151113,-1.2331335840030682,0.6169484193840847,0.4196806703936193,2.1900864290373767,3.0271734676987876,False,False,
H62K,0.5515885262123575,-0.2939042622442213,0.5952044442802565,0.4134510702106653,-0.010158132431924,0.5439659709702791,1.2904036333249596,1.187625517549628,0.4987401452885397,-0.4104577514545933,0.9194534884003743,-0.0354746890745931,True,False,-0.5
C245T,1.2098092069044823,-1.052791387143479,1.1151218961429177,1.454243119445045,-0.0344789493945694,1.227035374015325,-0.8409028416217191,-1.024941914921081,1.647900141475636,-0.6762208006268864,1.1742248121830572,1.0287659831632616,False,False,
V238I,0.1244227832113276,0.0570262001369384,0.0276100820524759,0.2082308207161505,1.1548442911104295,0.3409619285697193,-0.8194980420167995,1.359618881792156,0.3992963200204459,1.7977913997165325,1.3205999539213877,0.8040929523574916,True,True,2.2
R18D,0.8750349584260941,2.5208504881046636,0.7028053313991753,-1.1073306099337414,-1.739207227819812,1.6361448132984555,1.5690057869127614,1.0819288659748645,-0.7788237901241347,-0.6367173514489781,1.0663323298693943,0.3462066878205876,True,True,7.1
S92Q,1.9199544646666105,-0.2763577391251634,1.3970377886841927,0.0,0.8814985669864723,0.5829116732554351,-0.4036333639784231,0.6751931567452559,-0.3789702405580479,0.5284480497537297,2.080279887747094,-0.2837975125967602,False,False,
V55K,0.3519349926558982,-0.929965725310073,-0.9267409917299728,2.2876831550561314,-0.6916356898138518,1.0665600111955544,-0.4586742772482085,-0.9502904921450472,3.0531972174552857,-0.4663631095999523,1.5060621947612134,1.1943145321780395,True,True,1.2
R18W,-0.1985641651010042,1.780972096584385,0.7955610431546292,-1.797186144656167,1.099159732466571,0.82106159127502,-0.0886770269346529,0.8464479072006438,0.1346024310857666,-0.2064308215024283,0.8631398585093027,-0.6858439887755042,False,False,
N10K,-1.0086884424279712,0.2061716466489312,0.3875214618054597,0.0,0.0413973128432181,-0.7251862990903409,0.2018166819892124,-0.295447310102932,0.1604838708996623,1.145489732010331,0.6014174784431067,0.1182489635819855,True,False,-0.6
S17N,-0.5805360120009138,-1.1010443257208886,0.7642934281651227,0.0,1.7603772658258063,0.6927465543376422,-0.4403273061582829,-0.0684997089993091,0.447293029078235,1.496562641354149,0.5417794303294854,0.4552585097906388,True,True,0.1
T148N,0.9569483746964308,-1.0571780179232435,0.5119447532249725,0.0,0.9451127272080874,1.0349672573747957,-1.3790806602596108,-0.0202742074293971,0.0641118947713817,1.268748960010572,0.5757287921779488,1.0405908795214591,True,True,2.8
N212L,-0.3062359766402927,1.237029879893588,-0.0321195636513979,-0.3898297025302586,0.9293652358930204,0.6036302767867948,0.4189225065533651,-1.330575749662592,-0.0694629775812227,-0.4373268418566776,0.6888597516907812,0.5202954397607297,True,False,-1.2
P101F,0.4382978374525614,1.3642421725067575,-0.0096969991655943,-1.9769716877551144,1.2802767929222951,-0.4012366046209504,-0.9785051247961764,-0.9871886555119296,0.1850929292147694,0.6429193632967629,0.6752598589621682,1.2711763585063265,False,False,
S197L,0.0923729898020176,0.9826052946672468,1.2560629848794096,-1.1154443603805169,0.8492206140898446,0.4050767679697017,0.2232214815941285,-0.5203776753438791,-0.3852860675233393,0.0687106081121059,0.7978603734119606,1.3894253220883122,True,True,3.4
A155L,0.284448607531184,0.2105582774286959,0.519951129957184,-1.6663710873998072,0.0968604666914777,0.4620227942733618,0.4953682194280666,-0.1434913586725065,-0.7392824891261008,0.1562225834442439,0.5051100899352993,0.0827742745073907,False,False,
S197P,-0.1012768221317078,-0.2851310006846922,2.2211054906499808,0.9019498974174818,0.7704797657037552,0.0599975598655751,-0.810324556471835,-0.233257669115733,1.2879316020306386,0.407144470762354,1.876986676440865,1.1588398431034432,False,False,
N10F,-2.2123110940362856,1.381788695625816,2.0278477210688783,-2.2335889804522,-0.3256295471887056,-0.6086550522770336,1.3087506044148869,1.888351494173007,-1.4722142870075108,0.554732410878084,1.6444788807546522,0.5853323697308223,False,False,
S230M,-1.3754687101526242,1.149297264298298,2.1396016768482684,0.616403784413489,-0.0491939947349867,-1.7062970183184805,-0.3944598784334586,0.8648631782334084,0.8966925851060308,-0.9220960373479328,2.2189987935789466,0.508470543402532,False,False,
S39N,0.5682234115347158,-0.1359855541726994,0.444527214132996,0.7821582807125435,-0.2603368911449644,0.2251979521581459,-1.1252808935156036,-0.314883434379732,0.5801912752630258,0.1474146210637409,0.8236497996232564,1.7796469019088583,True,False,-1.1
Q57E,0.1314307867429186,1.2721229261317035,0.1851061673286924,-0.0095844851211322,-0.2179473744668078,0.2352922863847007,0.9051172404364656,-0.1800301179108591,-0.0371565287284934,0.661667513312532,0.7930248559973426,1.3480381848346166,True,True,1.4
C245V,-0.0598089534130524,-0.1973983850894023,1.043432816202937,-0.1507388762609884,0.1875546753366144,-0.3523891995895917,-0.892885926376514,0.2339790667979181,0.3777688336770718,-0.2455925504427091,0.9350681800517447,1.903808313669941,False,False,
Q138G,-0.24138634353509,1.2984427108102907,1.930880878106006,0.387209346329894,-0.597527880637427,0.022984524617373,1.1894952923303534,1.481345325358851,0.2646718207324529,-2.6385290007215016,1.0014558045566035,0.9755539495513668,True,False,-0.7
A94M,0.3516295561576628,-0.0789593540357607,-0.326081510755934,0.4559538325882755,1.579933796549576,-0.2194115438733797,-1.0580086661858683,0.0296896859109363,0.8720597243034216,0.4150780308332735,2.7951305455414466,0.798180504178391,False,False,
T119I,-0.3063797114629918,1.416881741863932,-0.0416687763872984,-1.1094646619983284,0.0071959937422966,-0.3604610620783374,0.905117240436464,-1.4342832751427534,-0.172435859000773,0.4763118401197757,4.845893629070144,0.3547468907459533,True,True,2.8
T225K,-1.3046215926223044,-1.0352448640244212,0.5274388818421251,0.5551729207716927,0.1269982166852124,0.0827875473325543,-0.4556164487332196,0.6677048778083116,-0.0913385544877765,0.6310682828145585,1.6090184197141204,0.1714609971938785,True,False,-1.2
S92A,-0.5250945863998723,1.2107100952150007,1.0720744748360669,0.0,-0.2461215997672732,0.2324891251519333,1.724615282453265,1.1422052947994263,-0.4875223726326638,0.078655133445586,2.476187876068938,0.3724842352832498,True,False,-1.0
V158I,-0.3660560080610524,-0.1447588157322285,1.5908960636943772,0.3405078950219551,0.1559196540231966,0.1262765258100123,0.0886770269346494,-0.4729618441754261,0.5093893452981741,-0.4114386307903623,0.5586030013345102,1.7796469019088583,True,False,-4.0
C245I,-0.3735763927222651,-0.7720470172385513,1.964647477536703,0.1720528372865129,0.4092186404211831,0.3736293214898406,-1.6604008836385205,1.0816606552743682,0.308832898294003,0.3836532374136063,1.3037763829163629,0.9105170195812778,True,False,-2.2
K229N,0.7550282249074105,-0.1886251235298733,0.2469716060769222,-1.6664230978601888,-0.2455808777178424,1.33741059195811,0.1376022831744625,0.7640645082449106,-1.495065409226289,-0.2416878962295567,0.6742524595007894,1.4485498038793023,False,False,
A155W,0.2691432693187907,-0.4737561242145656,0.8418063075563226,-1.6572552198280073,0.6550800849122501,0.269338193373375,-1.6237069414586554,0.5372141474949625,0.0964696927985574,1.0526353783185594,2.650165763049046,1.3598630811928163,False,False,
Q57P,-0.0941783326884172,0.1228256618334057,-0.8591290435041803,0.1443033670525228,-0.2406976960056113,0.5044916834564848,0.6237970170575637,-0.4903846943955122,0.2914812368319587,0.0964664234692858,1.1968913000640788,0.792268055999294,True,True,0.7
N112M,-1.077504002292644,1.0747245410423014,-0.5087803104180282,-0.321965701830688,0.1245920270888063,-1.1261808042127222,0.8470184986516931,-0.3083882698992947,-0.0006356818830943,0.9462523131027772,1.8123116310203498,1.3184759439391207,False,False,
T148H,0.1659306817057343,-0.2939042622442213,0.4059361745251476,-0.1483755396219585,-0.151644826905909,-0.1617787617273877,-1.0304882095509764,0.3359483938907091,1.2842573728762812,-0.1701371095282504,1.1582071607471351,0.9755539495513668,False,False,
G41D,0.991883197827414,0.2982908930239857,-3.3700329775904487,0.0150129207050556,1.3193579309468926,1.4430414855189055,0.0152891425749402,-1.6452313670679497,0.1898731960136377,0.7690120788283118,6.570662246896682,1.643660593789578,True,True,1.2
V91I,0.0198412703600659,-0.0131598923392934,0.8394626313940613,0.0,-0.0646430617916069,0.1849529799171294,0.2996671944688291,0.0736160252111995,0.0569395578348612,-0.1665796187660841,0.7926218962127912,0.1832858935520763,True,False,-0.5
S76R,0.0892582077860304,-1.513387619018751,-0.898324576554293,0.9601934337738282,1.0821749730039365,-0.2268696218019092,-0.7675149572620029,-2.1667800205020087,2.3751937951025552,-0.336357979711894,1.6696638672891206,1.655485490147774,True,True,0.8
A74T,1.1622184581608546,-1.443201526542519,-0.058331691423706,0.0,0.4356595678600958,1.4703722082847948,-0.5290043330929324,-0.3385983560209941,0.5438222565169991,1.055555394765321,0.6949041484590536,1.3953377702674108,True,False,-1.0
V71P,0.2892673546991675,-0.6667678785242033,-0.0009876173561023,2.1206882426632436,-0.4458279756988668,-0.3684906028114975,-0.2966093659538429,-0.7253999060230262,1.5791861752527947,-0.2450244221096533,0.7419497033054406,0.6681066442382094,True,True,0.9
G159V,-0.946790120905687,-0.6536079861849098,-1.5051203017849055,0.0043446150612039,1.83118614196927,-0.3206869491441841,-0.684953587357324,0.5705425256087344,-0.2980007091366631,0.8733892166892355,1.7649638563355492,1.4603747002375016,False,False,
S239I,-1.0377140328254943,0.7018609247623193,1.4683889468319895,-1.843656454860439,0.2593275824629931,-0.9668529723715156,0.6635487877524097,0.0867199442717494,-0.7144648605207863,1.422594446639423,2.5175919939316045,0.1832858935520763,True,False,-3.7
S133K,-0.8268900507067841,-0.3509304623811597,-1.0652030077078536,0.8276170414072859,-0.1751775037494655,-0.0072178046970547,-0.2843780518938913,-1.8048049348480475,1.901764355351516,-0.9427198934494498,1.9151671160271189,0.6444568515218142,False,False,
G75I,0.04874602669032,-0.1140524002738768,-0.2769784722301559,-0.1627591244690976,0.9399067432847924,-0.1799582187300831,-0.0122313140599532,-1.3291712342459796,0.8876009762510052,0.0586279591469377,1.5302397818343032,0.6799315405964071,False,False,
V128I,0.1033829468912555,0.0263197846785869,-0.0415429413574119,0.0634493254337353,0.1879088502952022,-0.1805521525606562,-0.5045417049730294,0.2907412434658596,0.0501721321717604,-0.3240359500304975,0.815086904201537,2.7906755405348203,True,True,1.8
T125L,-1.2007243096588915,1.4037218495246386,1.0490045010225062,0.0,-1.0393895641927269,-2.0164352103333636,0.6085078744826243,0.458724766098579,-0.3061739433517824,-0.2835305108075797,1.852204649690948,0.8809547786857819,False,False,
V233M,-0.1000868206818628,0.0043866307797643,0.075513593856318,0.1581977558193175,0.4845380341465807,-0.1476679896729715,0.4250381635833392,-0.2356025286584938,0.0874438909580498,0.6521069467519377,0.8918507431585968,0.3310970980295561,True,False,-1.7
A131K,0.3918561294580103,-0.8422331097147833,1.2164170923768347,1.892819510480297,-0.4391845835910743,-0.272498350127843,-1.577839513733838,-0.7104892798546989,2.934416278363021,-1.053808348856835,0.854174003303032,1.7796469019088583,True,False,-2.2
N212P,-0.3321628900246309,0.0263197846785873,-0.4163781786022387,0.7645769310171739,-0.507645349254887,-0.9691616916306116,-0.2446262811990427,-0.2915277308092057,0.3136694796864986,-0.379459650216103,0.7492029794273676,0.6385444033427152,True,True,4.7
M157K,0.2811882288424633,-1.030858233244656,-0.2846164472626637,2.051159148088833,-0.3960108756080896,-0.1579749649153367,-1.7337887679982296,-1.3796596278504756,1.5273362527567087,0.1800871519609185,0.5335187547461797,0.1891983417311751,True,True,7.9
V233L,-0.1078503629576412,-0.0131598923392934,-0.5507482589935512,0.1213206693628308,0.0147979878255493,1.367247191429807,0.7919775853819095,-0.5056419541229497,0.2231971791614996,-0.4240223730390186,1.246052393779361,0.6148946106263182,False,False,
A103R,0.6641230245804545,-2.789897175930219,-1.1791782543431992,1.8114310453598388,-0.7141827103812316,-0.0720485408104728,-2.923284060328581,-0.9855181990271948,2.1609636085684643,-0.1290608745026735,0.9582383676634557,1.4130751148047092,True,False,-2.6
A131M,0.4673074159397836,0.1403721849524638,1.7761114320443372,-0.0001687593167223,0.042002109542758,-0.3057447491298597,-0.3883442214034828,0.2186469057998045,1.3783847888462477,-0.9485597550573271,1.0475946998877497,0.8040929523574916,False,False,
H62Y,0.1495046028647968,0.3597037239406886,0.2174903753187387,-1.598549623853409,-0.0003186966731351,0.9018149946407332,0.9112328974664412,0.2285517987712979,-1.1707661999501486,0.2631845509742523,2.3341445520145365,-0.4848207506861332,True,True,0.4
T139F,-0.728592979917278,0.4934959627235056,-0.5563163720469356,-1.3298540689950211,1.1374445310622916,-0.5794194137942206,-0.3761129073435313,0.1075995885412433,-0.6581514108380214,0.8747868130516774,1.0574672146092614,1.0849342408647034,False,False,
H142M,-2.0549510665964865,0.1754652311905797,-0.2639078988058497,-0.0731911752825524,-1.359102920078323,-0.6128715854596024,-0.14371794020444,1.527312940508908,-0.2215336373787769,-0.0413130825583921,2.3844137851373355,2.240817859878596,False,False,
S190A,-1.5336239337423556,0.8071400634766672,0.774586503768294,0.0,-0.7811050557713558,-0.9996805209782904,0.4097490210083989,-0.3749260501793878,-0.2200757439778708,-0.3157898256986988,2.3061388469882074,1.2534390139690317,True,False,-3.2
H105L,-1.749706711284813,1.0176983409053628,0.0146477871308795,-0.631268105026375,0.7733781821505443,-1.674319954372041,-0.7491679861720739,-0.3117563443337203,-0.2494778960680784,0.9094633910987432,3.1777408609730915,1.022853534984161,False,False,
Q111I,0.098684754513036,1.6932394809890954,0.1952179374100653,-1.2944473852359273,-0.2162744999750998,-0.6604718882525805,1.1650326642104505,-1.232904424768193,-0.5555986168915382,-0.1704153606953595,0.6379860788911549,2.28811744531139,False,False,
S76Q,-0.4747266090515962,-0.1798518619703443,-0.6880120335726547,-0.1120557010716072,1.5207000598447384,-1.0513666597499318,-0.1284287976294997,-0.6796676155617563,0.1590907850129335,1.128698541546373,0.9049469361565206,0.6681066442382094,False,False,
T225M,-1.87299572091735,0.2763577391251632,0.2895628770378072,-0.0720424693013138,-0.2728927840886769,-0.9236702509508152,1.1161074079706408,0.0402615542324629,0.2053060150858379,-0.4168743412727727,4.242259871812004,0.5380327842980279,False,False,
S92I,-0.8888026153818362,1.175617048976885,0.5797580317341084,-0.007371210732229,0.4279385036232839,-1.0969050275545786,-0.3485924507086377,0.6222017782698598,-0.1362249495520096,0.0948264794389556,3.099969622554653,-0.5084705434025285,False,False,
Q111K,0.0431150474445857,0.416729924077627,0.016186227898341,0.8328596486376227,-0.9844897082850744,-0.6636570569263883,-0.2752045663489251,-1.03316629062957,0.8643166039167133,-0.5484360532120093,1.0530346569791948,3.0685606049524816,True,False,-1.0
A106D,0.7054607499816657,-0.1666919696310508,1.803943344783893,0.3338720986667619,0.0188328553150681,-0.4870210563074882,-0.8653654697416204,-1.7673921000750936,0.3408825230018802,-0.6776049581845335,5.666722710201539,0.2483228235221671,True,False,0.0
P156K,0.3267781404460196,0.4079566625180979,-1.142644696228351,0.3127302803909085,-0.3243521010030443,-0.3708557775456723,-0.8133823849868238,-0.712534235358763,0.18946366730932,-0.510140695154311,1.0285548500676918,0.7804431596410943,True,False,-1.0
A120M,0.0073193979499386,-0.0,-0.7395613642418457,0.2546865539352738,-0.4361391804820461,-1.3487906976443844,-1.2537096911451031,-1.2393865192870137,0.9454459500859544,0.6443192877645714,1.2839306135272017,1.2948261512227253,False,False,
S133M,-1.015220370905624,0.9343523560898376,-0.3300581137732882,-0.9308010837134632,0.2095529972282055,-0.5457109295078333,0.1039661695095932,-1.5640121369247175,0.7973373373042242,-0.4758924766058501,3.564582254142527,2.2940298934904875,False,False,
G75L,0.1535922946165524,0.0350930462381159,-0.0097655513637503,-0.4701665484297653,0.8554279912224201,0.2606666006409985,-0.2476841097140333,-0.5187411690486942,0.4859591109923719,0.1237591414180988,2.6300177738214714,0.733143574208302,True,True,2.9
N212M,-0.3210427114133236,1.3335357570484068,-0.5252629292981738,-0.2833243477510509,0.5383644922725611,-0.251345174423386,0.2721467378339381,-0.5852378698814156,0.1136156428809951,-0.3012964803036163,1.2824195143351336,0.2601477198803665,False,False,
S39Y,-1.1561339322466035,0.3684769855002172,0.3454960931803658,-1.0739228839991364,0.4850678386443006,-1.1027201796958548,-0.4464429631882604,0.3096450441311559,-0.4424104124082873,1.323785565656989,3.227405654419063,1.0051161904468628,False,False,
V128L,0.3625175620696101,0.0482529385774094,-1.4256481973076198,-0.0001967398685521,0.1430199485139671,0.9377478325853096,0.3761129073435313,0.1291180413787646,-0.1746677281018896,0.0319079167426948,2.245594139359345,-0.5084705434025285,True,True,2.3
A103L,-0.3628081037675656,-0.6185149399467939,-1.7493645011720051,-0.3639338658875307,1.117389791112584,-0.37450855000669,-0.684953587357324,-1.8754892677409984,0.1403092384539569,0.7740297868225622,1.8498876309297767,1.92154565820724,False,False,
G149V,-0.0948060554277049,-0.1886251235298733,-0.0188934021366798,-0.176167291350466,1.1145083436933845,-0.3406564655421482,-0.7247053580521708,-1.132410205498825,0.803256414618833,0.1753101615858326,1.9611045314659894,2.50687802793806,True,False,-4.0
A103K,0.233686290345504,-1.3730154340662877,-1.8587014004799045,1.8114310453598388,-1.272868157753558,0.1749381280120238,-1.1405700360905455,-1.2667025899560964,2.125336218977848,-1.5314556134148871,0.5363394732380402,1.531324078386693,True,False,-4.1
Q111F,-0.5421870213683225,1.4607480496615768,-1.7840339259642022,-1.5243118075948128,-0.240845161745423,-1.12234214951943,0.6176813600275889,-0.7275975423556056,-0.5033848955504895,0.523113415297968,0.7071944218878741,1.6791352828641728,False,False,
S86E,-0.4672685963665546,0.6360614630658519,0.6793219708943875,0.2464610597020845,-0.0467165976239101,-0.0390059691003268,-0.2904937089238654,1.3087951608064097,0.2254026082808433,-1.0279983177273164,0.7698546683856317,0.6562817478800118,True,False,0.0
T119Q,0.4727630089122248,0.1623053388512861,-0.4056038562375937,0.5871676292127417,-0.1595135522050112,-0.6988720130845311,-0.0489252562398078,-1.0620951808442616,1.210676052721557,0.1951607643693756,1.209483793331313,0.1832858935520763,True,False,-0.3
A30R,0.2313880226623481,-1.7634255734653272,-0.3548509848229298,1.479654888916026,1.1867537917983917,0.0646083285386228,-1.5227986004640526,-1.6466807766117295,1.3534107405341396,1.528564832879152,1.1367495522197681,0.7981805041783927,False,False,
G75M,0.2129482599160988,0.0482529385774094,-0.7987908035216069,-0.048516954548902,-0.0723664056563125,-0.2120331070721433,0.0611565702997594,-1.171593047867419,0.6077405929391657,-0.2757515242216204,2.815681494553573,1.306651047580923,False,False,
D203L,-2.3170784195210357,0.0745727232559962,-0.578973303494242,-0.7506071472047042,-0.1767984612701911,-0.29378508154126,-0.2752045663489251,-2.914364565120384,0.1347392570059028,1.249077259145705,0.9949077080576417,1.25343901396903,False,False,
Y226W,0.2001184375101886,1.4914544651199284,-0.0195290521228401,-1.1385266675934465,-0.1348324570648005,-0.1076405814287088,0.7399945006271085,0.8087523575688178,-1.699790978963457,-0.0565691694381986,1.550387771061878,0.0413871372536953,True,False,-4.0
S97M,-0.6316907140814623,1.180003679756649,-0.0188190987725708,-0.9957815495335804,0.0667183840830591,-1.4257727005887963,-1.3729650032296368,-0.0284679466810045,0.0565175311955252,1.1681430953885503,2.670313752276621,0.4611709579697377,False,False,
S92T,-0.9543429017575076,-1.7195592656676824,0.2129613806242218,0.0,-0.0713605436968022,-0.7471782078232085,-0.810324556471835,-0.1899733165841569,-0.6006754527612305,0.3262725161309358,1.6633172506824345,2.016144829072826,False,False,
T119K,0.0695249247279921,0.3728636162799821,-1.381989184853079,0.5871676292127417,-0.2588606173634263,-0.8088173436264217,-0.3638815932835798,-1.412346842084499,1.2559629817345042,0.0427636345143613,2.34391632678991,-0.8809547786857782,False,False,
S239A,-0.9846914296973716,0.5965817860479714,1.9089069394008784,-1.6381280125435012,0.7257517653042476,-1.577540818765777,0.3485924507086377,0.3411426493144603,-1.013888458896408,0.2646228491468175,1.6704697868582237,2.453665994326167,True,False,0.0
S92V,-0.5744169487685141,1.2370298798935877,0.7500407268279795,-0.0344700257340482,-0.5529578541828518,-0.8311791111537769,0.1376022831744625,0.3474965528639986,-0.2679730695085074,0.1179099941557364,2.4615805838789466,1.0405908795214591,False,False,
S25A,-1.219176639892877,1.43442826498299,0.0177485456840419,0.0,-0.1073604701408629,-1.2251312126261118,0.1376022831744625,0.1633103251084807,-0.2402864422642811,-0.663161551204201,1.4040126293235473,1.0287659831632616,True,True,2.6
N112R,-0.7603118760291238,-1.4958410958996926,-1.6389886032436782,1.6371787200490853,0.0803786912665432,-0.9163874152634758,-1.33321323253479,-2.7591182213234196,1.8852255995590113,0.4546581279613489,0.8176054028549838,1.235701669431733,False,False,
S239K,0.0663568007085032,-0.9343523560898376,1.0844242624349667,0.0,0.9996697579746124,0.0955142471141239,-1.8224657949328824,-0.4803117183895464,0.7604118012447175,0.332337137318394,1.7661727356892036,0.8395676414320881,False,False,
T139M,-0.8002859824647307,0.5965817860479712,0.6752809941231106,-0.819598426222514,1.7624566497649123,-0.9947757232979416,-0.4250381635833392,0.4062839378224753,-0.7571954648514757,-0.257345417890913,1.1738218523985056,1.0938029131333529,False,False,
G149A,0.0410565860459318,0.0307064154583514,0.0,0.0,0.3224417945255174,-0.0091860442415112,-0.3547081077386153,-1.3557074345123472,0.7479154629395577,-0.4158239729201737,2.0576133998660726,2.051619518147423,True,True,9.5
N112L,-1.1892140734652603,0.8553930020540766,-0.3482179152849173,-0.5986396802597564,-0.1418482972463691,-0.62598600969235,0.7308210150821485,-2.4544251732572193,-0.6010974019336629,-0.1236165324019262,1.4650610366830987,1.821034039162552,False,False,
R18F,-0.2009808464463831,2.5091528060252917,0.7415311075259815,-1.7260233107480645,-0.5410485279652285,0.0932657946701858,0.8317293560767528,1.0000577110588946,-0.307124234890879,-0.6790148307883853,0.6129018323028242,1.1529273949243426,False,False,
S76I,-0.7075382953431774,1.0571780179232435,-0.9378427319549688,-0.6812872834921491,-0.7708487922148967,-0.9708634549804968,0.7063583869622418,0.0105821090495875,0.1467668579517189,0.2250657554786499,0.5255602990012876,1.6613979383268749,False,False,
S133R,-0.1257661080115513,-1.767812204245092,-0.7739924337474603,0.8276170414072859,-0.3062945411842062,0.0621521580598143,-1.767424881663097,-1.1879066881174272,2.6831795500785893,-1.6297073587692965,1.531851620972509,2.0220572772519265,False,False,
Y226F,-0.1163321138844059,2.4565132366681173,0.0133272351428013,-1.161707381149344,0.5951515079868832,-0.4775009639877217,1.602302141853741,0.2280770043502911,-1.26219644989178,0.6657917114269702,0.934967440105607,1.022853534984161,True,True,1.4
V233I,-0.1478365714184753,-0.0131598923392934,-0.3396521273851907,0.1472157212992275,0.8644464090146677,-0.7131241223339375,-0.691069244387298,-0.3839049657005129,-0.3194890997571118,-0.039035497540519,1.0820477614669026,0.9341668122976728,True,False,-2.5
E104I,-0.2655928143946228,0.0219331538988224,-0.0927942710070514,-1.5187736467959774,0.4404396411466188,-0.9357610127579032,-0.0733878843597126,0.8976670803658398,-1.9022518545285012,-0.4602238113377967,0.787081199175208,1.992495036356429,False,False,
N185A,-1.8396369538409625,0.6887010324230257,0.936927099622668,-0.0217489233459296,0.0598945856629335,-1.4355587926856408,1.1466856931205214,0.2326534147181726,0.0486265446319244,0.0700148552311823,0.5553793230580983,0.869129882327584,False,False,
H105T,0.2689393036474605,0.2281048005477536,-0.1819264585243363,-0.0630890799304312,0.0545584371683751,-0.6169333623539492,-1.2353627200551742,-1.26025582350891,0.1818087100445766,0.9915627495339828,0.5844931674919438,1.7737344537297597,False,False,
A108E,0.2428250881496058,-0.522009062791975,-1.5498994523307688,0.0883188911794792,0.5957822660373218,-0.7433159704631174,-1.1680904927254374,-1.8665449168650636,0.4368583924917033,-0.0407412798943435,1.9322929068705577,0.7567933669246973,True,False,-1.1
N185V,-2.0368880078303655,0.6838269982232874,0.6838829417539162,-0.7006935031072492,0.221952902047074,0.4194921384421295,0.3023852642599309,0.5695153419457916,-0.320084026523977,-0.1376158685450536,2.319235039986131,0.0229928540298316,True,False,-1.5
E104K,-0.1897967132863746,-1.1185908488399463,-0.2646299643870807,0.3264597270258164,-0.9174844351835828,-0.915607678603541,-0.8623076412266316,-0.6589415764360977,0.1123805078437441,-0.8137074957471243,1.3109289190921518,0.0532120336118947,True,False,-4.0
A11V,-0.0866263896691124,-0.0,-0.5739721238006861,0.0,-0.2950703617000786,-0.3950223734111591,-0.1804118823842946,0.0939607076521299,-0.1003026611939398,-0.3790463146018482,2.389450782444229,1.448549803879304,True,False,-0.3
G149M,-1.1694293102537554,-0.3377705700418661,0.0,-0.0016310420687178,-0.2026626441559882,-1.1410274825160485,-1.798003166812976,-0.789465434372343,2.213724042103673,0.0417309046070686,5.20382265769801,1.4485498038793023,False,False,
I211L,0.05354596917295,0.1491454465119927,-0.3326089440087632,-0.3041142302807412,-0.3547992561818132,-0.0762777784600028,-0.4189225065533651,0.2155671052882158,-0.1743602867262788,0.5754436349089852,0.517299623417982,0.9400792604767738,True,True,2.5
C245F,-0.2886918568533608,-0.3158374161430436,1.9029348522384557,-0.1939764675224678,0.2551653071803791,-0.7919670914798771,-2.816260062304004,-0.0872477023736004,0.918759699878426,-0.3372187759217574,0.6767709581542363,0.5321203361189274,False,False,
A30Q,0.0847745005318384,-1.4563614188818126,-0.1860704399237565,0.5621539685475914,-0.1727701228470659,0.1967739306070562,-1.538087743038993,-0.8525815556625794,0.5388145247587398,-0.5865039702544178,1.0894017775349674,0.6858439887755077,True,False,-0.6
N185L,-1.9010221494936124,0.6887010324230257,0.0173117734525958,-0.4459455584835236,-0.1708697610441768,-0.5198818747371452,0.5442934756678727,-0.2289259086728232,-0.3340766679398971,-0.619285403405829,4.679370498104239,0.7449684705664996,False,False,
T225I,-2.2262287023251206,0.0570262001369384,0.2661666842555216,-0.9967377104900466,0.0555594180531443,-0.855913993707172,0.0091734855449645,0.2147596965324187,-1.4258531011039797,-0.3444066355864198,3.270623091312211,1.306651047580923,False,False,
S76Y,-0.1691361358184243,0.6448347246253808,-0.7343843378469236,-0.6810370447126252,1.5722775683384855,-0.7200178837204821,0.2415684526840558,-1.78169594287064,0.6003010185834475,-0.0864786758243192,0.9070624750254158,1.4308124593420055,False,False,
D203Y,-2.151669986750108,-0.4869160165538591,-0.3832290831153008,-0.7099253467331293,1.34494577592735,-0.1138626735274362,-0.1987588534742237,-2.4193008035776407,0.396693112198451,2.0098087566339022,1.2538093696319774,0.6267195069845158,False,False,
S76H,-0.0952104492552978,0.7150208171016128,-1.8807351779991408,-0.3074524080276064,1.6010579660554525,0.0288720922203368,0.7491679861720739,-1.131826525055552,0.0912560629861167,0.340020823763028,1.3976660127168614,-0.2305854789848671,False,False,
S76N,-0.341142499650744,0.0614128309167028,-0.8328311852389091,-0.0072544629757679,0.8299202300072993,-0.2956394573005577,0.6513174736924547,-1.6861895614440283,0.2710409354778219,0.7103729768526185,1.4251680180125008,1.0346784313423607,False,False,
D134K,-0.46103689120704,-1.180003679756649,-0.2378071601472857,0.4640154580631684,-0.2944834780863301,-0.7568251860067758,-1.2965192903549354,-0.1220999308648108,0.573258291013759,-1.6071122147190249,0.5092404277269521,1.4840244929538988,True,True,0.6
V217P,-0.2905323887054213,-1.263349664572175,-0.5405465583127164,2.263643351630511,-1.800390614674525,1.2770920854958614,-0.4311538206133167,-0.400527821307552,1.8314883741552404,0.0722463416538846,2.740428754788581,0.4079589243578463,True,True,2.9
E104F,-0.1703489449311976,0.0263197846785869,-1.3165172543739947,-1.5467135419484463,-0.1138674580670825,-0.2923127132230064,-0.1314866261444859,-0.2112403675961536,-1.44036640868388,0.9303046097944512,0.9423214561736716,1.4840244929538988,False,False,
T125V,-1.1781451888224166,1.4037218495246386,-0.325466080562853,0.0,-0.3248302928605967,-1.2189331796116951,0.8072667279568481,0.5147432613362325,-0.1547968239613423,-0.2045338239935956,1.7213434596578499,1.844683831878951,False,False,
G75A,-0.0353036556229084,-0.1052791387143478,-0.7211766435523984,-0.1808857673956222,-0.09232693347027,0.0615834743573161,-0.1742962253543206,-1.1574969955737675,0.3545251428566171,0.3578212470342271,1.0904091769963462,0.1241614117610843,True,True,1.6
Q98Y,-1.9491510659898448,0.3421572008216305,-0.7365485438616582,-1.1926997625586042,0.1238969252600983,0.0015410518427815,0.1100818265395689,-0.2351141475937973,-0.2464673348739706,1.7317225592156715,2.7097030712165298,1.0701531204169552,False,False,
S190L,-1.5222992309047083,0.8641662636136056,0.021549150953431,-0.0122622187640986,-0.0510848071838774,-0.7351562883464853,-0.2232214815941302,-0.840732032785466,0.4562033893594697,-0.1503872604809727,0.7785183037534888,1.5254116302075924,True,True,1.2
T194V,-1.508245055915809,1.2852828184709977,-0.4736040500131678,-1.3239647644704209,0.3312518714458533,-1.392299368045638,-0.6237970170575629,0.3760987591101382,-1.3848737445083177,1.7774491244044857,2.0995212174594284,1.685047731043272,True,True,3.9
T237V,-1.6650846031783362,0.451822970315743,0.6945637921324253,-1.6380041446527198,1.683511466201958,-1.24125453105353,0.024462628119903,-0.0699850405966205,-1.0513563463466578,0.7745977519025514,2.0529793623437307,-0.2069356862684717,True,False,-8.5
V13I,-0.0504803399978862,-0.0263197846785869,-2.5408200614328806,0.0,-0.248689404073983,0.4554278260692233,-0.0611565702997611,0.3893154012193355,-0.0437876955620174,0.0497089076082533,1.0079031611094276,1.3539506330137172,True,False,-0.6
A155M,0.1470634381914581,0.122825661833406,0.7886913309177727,-1.1996125482767928,-0.2687168634655727,0.451913055880608,-0.2752045663489251,-0.666568306276668,-0.4683062958380324,-0.6854264222167225,2.0585200593813138,2.6724265769528364,False,False,
Q27K,-1.8595239326193864,0.5439422166907973,-0.739230376789391,0.8453700489305724,-1.663724863963829,0.5769736053962891,0.5290043330929333,-0.6487213872231887,0.809562201205203,-2.7608689380443536,0.6710287812243774,1.3421257366555177,True,True,1.4
A30M,0.1238171233949545,0.0131598923392934,-0.8458291860162301,-0.259514424321818,0.3589329916029449,-0.1515749308761945,-0.318014165558759,-1.2031977670282892,-0.1426379179623601,-0.7508095630700288,1.7194294006812303,1.3184759439391207,False,False,
T119F,0.0839631993791043,1.390561957185345,-0.5422616810812508,-1.3333645137712649,-0.2706428679768947,-0.4714466502558488,0.6421439881474902,-2.1345671546465965,-0.5212264014003555,-0.197796100201248,0.9742560190993775,-0.3251846498504539,False,False,
L150Y,-0.3787378133891828,-2.6495249909777554,1.281327655046541,1.4044872493155611,-0.1521878828344714,0.1588476823928687,-1.791887509783002,0.3032387002846442,2.2935593888795145,0.0631769320134409,0.8967870005193526,0.5853323697308223,False,False,
S92M,-0.4408854366311491,0.991378556226776,1.1067453707815584,0.0,0.7691706195463699,-0.692503104989449,0.2415684526840575,0.139398641801391,0.0375349905352992,0.011764156485891,6.69537830021537,0.6976688851337054,False,False,
T139Y,-0.4375260075205686,0.1140524002738766,-1.2304637668642056,-1.2642083898505918,1.7348887874963048,-0.9235815578908148,0.0917348554496417,-0.4752150591020962,-1.0710762366762188,0.4964923419998192,0.513270025572467,0.4966456470443343,False,False,
T115E,0.3241704332870539,0.5088491704526814,0.6405193758022353,-0.0057986316643023,-0.2996256359991538,-0.7555491811060446,-0.1161974835695465,-1.356277110199378,0.4581649179958204,-0.9011373748947068,0.7925211562666533,0.1537236526565803,True,False,-1.0
T139K,-0.5226061307356458,-0.1140524002738769,-0.9410886022223202,0.7715776953649333,0.0409955587172882,-0.304951831585443,-0.1406601116894513,-1.524580925588538,0.7896833344454309,0.3959195890927825,1.1106579061700588,-0.0886867226864861,True,True,1.9
D109L,-1.0001658238929392,0.1359855541726994,0.5702480631868259,-0.8316110333185194,0.5924274132936376,-1.3859286336834329,-0.3485924507086396,-1.0701894833124088,-0.8048978345732313,0.6198708461222592,1.3161673962913214,1.4071626666256083,False,False,
Q65L,-0.3863610652648275,1.329149126268642,0.4264498536828786,-1.4573034463358188,-0.9116002537241416,0.1141709950600796,1.0182568954910216,0.6620267930255804,-1.140428922002087,-1.7264892493023187,0.8252616387614623,-0.266060168059462,False,False,
S76L,-0.6025826437273905,1.1317507411792398,-0.3154517739240865,-0.682169289245481,0.7783668808813511,-1.2551342406150516,0.9876786103411408,-2.0138532322907525,0.0205358700078209,-0.2649446745944055,1.240713176634054,0.5971572660890199,True,False,-0.3
S76W,-0.4543544321540612,0.4913026473336236,-0.0910104703681666,-0.7084535209584405,1.0130824025964145,-1.4414767716064087,0.0275204566348918,0.0208993748360638,0.7241082139251853,0.5776051172924114,0.6260987652468857,1.5727112156403866,False,False,
S239V,-0.9446166902673752,0.6711545093039678,1.9063669523962068,-2.114858936477599,0.8638337098311061,-1.4816159791599426,0.5504091326978502,0.1212928306408234,-0.8573969360870605,1.0858470689174633,1.4974992993394942,0.3429219943877538,False,False,
G41N,0.8095607884138867,-1.04401812558395,-1.6098233418086354,0.0123248877518068,0.4378311086933141,1.4355584750739634,-0.8867702693465365,-0.692997489718336,0.0037382227622609,0.2964376332406158,2.521017152100292,0.9519041568349714,True,True,2.5
T237L,-1.6821084522461238,0.5340722974363273,-1.7856506813942454,-1.574376300709882,1.4718505943235425,-1.71104612672632,-1.103111636781943,-1.266924748790139,-0.8969467447547324,0.3036666742912685,1.9137567567811888,1.305172935536148,False,False,
T115Y,-0.4000903474226271,-0.1447588157322283,0.0601316992380395,-1.433762299324029,0.0820752161227899,-0.3000818123834042,-0.7124740439922176,-1.042730361572019,-0.4576343375391977,0.4930991883912982,1.9679548478033648,0.3133597534922579,False,False,
G159A,0.1339767735732251,0.1579187080715219,-0.1415598000784464,0.0043446150612039,1.2126643116100095,-1.3085600973316087,-1.6818056832434278,-0.4473273990778643,-0.0071873936724593,-0.4913527760941261,1.7999206176453915,1.3953377702674108,True,True,5.4
S133A,-0.9018069862285238,0.9694454023279536,0.4701800367622601,-0.9752526748276144,-0.9318829721161782,0.067028608898261,0.4923103909130762,0.5249819051503616,-1.3535526817402574,-0.9830028013708644,1.3590826133460556,0.5735074733726244,True,False,-0.5
S239P,-0.9732468237174726,-0.1666919696310506,1.5246521080428113,0.0,0.4142720222677625,-1.479225157283078,-0.6390861596325031,0.8149991510138168,0.2076683411838848,0.2767998079380469,3.449738715545351,-0.2128481344475689,False,False,
S76G,-0.9278336947747357,1.0942206778412549,0.0052682938627307,-0.0462169076354206,-0.2158578785349284,-1.1651236479928149,1.3152060201687523,-0.6978056867399981,-0.123023100708576,-0.2479899972191391,1.2363813589501254,1.1266498474616822,False,False,
T60R,0.4161792452222332,-1.715172634887917,-0.0607142281649305,0.3278076432894372,-0.0954776258867516,0.7683844246772434,-1.0335460380659636,-1.1702805392886884,0.0980254287306263,-1.1512138055847136,0.5327128351770768,1.306651047580923,True,True,1.9
G149P,-1.2080264854960074,-1.3598555417269935,0.0,0.0,-0.0261189347809839,-0.8945160401609354,-1.250651862630118,-1.240808455657053,0.1308183274943844,0.069095170975623,2.0951893997754993,1.939283002744536,True,True,1.4
T115K,-0.9550789841688294,-0.7632737556790223,0.8571197532507427,0.5773222725463594,0.3317388247061826,-1.800228288848845,-1.284287976294984,-1.048001632042698,0.3225329213508206,0.5198032315290846,2.090958322037709,1.655485490147776,True,False,-0.5
S239T,-0.3607942336772508,-1.201936833655472,1.612853362788606,-0.2612401416589217,0.5751285953244796,-1.4594207989556451,-1.3087506044148869,0.4295353470162687,-0.5103927198831564,0.3141449724577699,1.6912222157626255,2.299942341669588,False,False,
D109K,-1.271966325581626,-1.0966576949411238,-0.2844442389008507,1.5063534910831164,1.1557128615641368,-1.6786964050325173,-1.168090492725439,-2.3454774026014475,1.7865583088199446,-0.2524394227694345,0.593156802859801,1.9511078991027355,False,False,
S239L,-0.9044976388065468,0.7983668019171382,0.664071633250893,-2.1749670996038866,0.6524216050826753,-1.5662008909562737,0.024462628119903,-0.2087589527941704,-0.9652985233121184,0.8513331094909541,5.063491912727951,1.9570203472818344,True,False,-2.2
T14M,-0.6522285956321086,0.9080325714112504,-0.764494239323018,-0.0035010698157068,-0.5474156670496587,0.0400440828571582,0.226279310109112,-0.269994714573694,0.5957358837876549,-0.854860541631497,1.6682535080431902,1.3421257366555177,False,False,
A30K,0.2527737907189157,-0.9080325714112504,-1.739575558496537,1.95800304015574,0.3612442538448802,0.5266021407467069,-0.6329705026025274,-2.057766060971396,1.8473745548643352,-0.176035979866287,1.2152259702611719,1.0524157758796586,True,True,1.4
S97L,-0.8678073703701016,1.2808961876912326,0.3979542578520705,-2.1749670996038866,-0.7322382308437253,0.1395401481266771,0.0764457128747014,-0.3608521581654856,-1.282543346672932,0.4082747235479117,1.2687188816603827,0.3310970980295561,False,False,
C188V,-0.2395176977475017,-0.1096657694941123,-0.3393528611908581,0.0,1.1269336193873722,-0.4885618699415058,-1.2873458048099709,1.1960780728019356,0.1553743079350054,1.0480410526003168,0.8822804482754988,-0.8336551932529841,False,False,
N212R,0.7747740754531851,-1.087884433381595,-2.1025852548140587,0.9735086397114632,-0.67977287018867,0.5485764220316517,-0.4036333639784215,-0.796081441289187,0.8609774470263316,-1.192678262074405,0.9924899493503329,1.9274581063863383,True,True,4.9
S133V,-1.009838600287069,0.8992593098517215,0.452508230229607,-1.4360558910682963,-0.7530643040473427,0.4460868667336573,0.4219803350683522,-0.1242217804771517,-0.7842909895027468,-2.032184966702951,0.844704448366072,1.1765771876407414,False,False,
S76F,-0.4782579800129062,1.2150967259947651,-0.902457564507612,-0.7096450226016989,0.6910121616002796,-1.4219447652895234,0.6788379303273483,-1.2133331480215923,0.4424908464693807,0.0937670426251635,0.8978951399268693,0.4375211652533423,False,False,
T115R,0.2573894100480847,-1.5704138191556891,0.0633263481010169,0.5773222725463594,0.2236123656067101,0.0407589473326483,-0.9509846681612848,-1.1961223126293892,0.8409686930556582,-0.3328092147651495,2.366784294563207,-0.4789083025070325,True,True,3.9
T139L,-0.6752169511062689,0.320224046922808,-0.6567977415767298,-1.1998427634245687,0.4454711674477969,-0.922058212898869,-0.1039661695095949,-0.5155448915852568,-1.201545900699786,0.0376483711583226,0.8445029684737961,1.2770888066854271,False,False,
M198G,-0.1610507727641029,0.0526395693571739,1.6245466635688184,0.1005750707900547,-5.848157691194924,0.4080752603820535,0.8653654697416204,0.3864958034931219,-0.9000234163592999,-1.890181431205374,1.738167030662875,0.8336551932529875,True,False,-2.5
V128M,0.1699575840538487,-0.0745727232559964,-0.3872919047625572,0.0634493254337353,-0.7810924249064582,-0.033096406888898,-0.4678477627931728,0.0275061591183205,0.0294205381733875,-1.5028316325771158,0.7543407166803991,0.9696415013722696,True,False,-0.8
G167A,0.2998183657547869,0.0833459848155254,-1.9684074176055495,0.0,0.5987469169238104,-0.214682226642981,0.5045417049730294,-0.1864840987083963,-0.3011944218723275,0.5511737201929388,1.3519300771702665,0.2424103753430682,False,False,
T119M,0.3253124920984985,1.6756929578700377,-0.7262476431351707,-0.6357432728981732,0.1526316452127515,-0.0923672712441234,0.895943754891501,-2.0352669976291127,0.1502219791368718,0.6677710884597325,4.151392440395642,0.1478112044774798,False,False,
L42M,-0.070391057364256,0.0175465231190579,-0.0926164881732499,0.2546093119896432,-0.8013698583523795,-0.0902673022578358,0.1345444546594755,-1.7872023886001642,0.3604137363189526,-1.0066481997829375,0.8383578317593858,1.0760655685960558,False,False,
S197M,-0.1057234785702042,1.026471602464892,1.0746416040835565,-1.015659641713788,1.5132308347708054,0.1620226080901907,0.7919775853819078,-0.5921773305313884,0.1422087703089412,-0.830370491273748,0.977278217483514,0.9046045714021768,False,False,
A103M,-0.3388864028708804,-0.381636877839511,-2.1604508017376443,0.0530129202390894,0.4320549935425866,-0.4364567219688115,-0.8072667279568463,-0.9581115755405036,0.571136207291741,0.3879049506119907,2.579849280644811,0.6148946106263182,False,False,
T119R,1.729786033020756,-1.2414165106733523,-2.010761068416949,0.5871676292127417,-0.0630746907232127,-0.2311029090002828,-1.1619748356954616,-1.5270989598275917,1.255155984185545,-0.4333510600088682,2.339383029213706,2.010232380893728,False,False,
S133Q,-0.0680352585150201,-0.469369493434801,-0.4858357288825187,0.053519346428177,-0.4607328452096409,0.1178857017975475,-0.9387533541013332,-0.1797813316065065,2.000706837312831,-1.672664569804845,1.0551501958480902,0.2601477198803665,False,False,
T237I,-1.733363764047937,0.4123432932978625,0.5298099969256179,-1.2669688767492144,1.108442661602984,-1.049125829986164,-0.1039661695095949,0.2111569790208395,-0.8988350869867417,0.6547407185289653,2.472460498061837,-1.8683336245953432,True,False,-4.7
N185M,-1.7116598058203942,0.6887010324230257,-0.0278159507786141,-0.0710237791944281,-0.8383881815998425,-0.0275437607963038,0.6054500459676356,-0.1049610754888811,0.0166306132345069,-0.6922344644931439,3.588961321107892,0.2128481344475722,False,False,
D109E,-0.6305301298621694,-0.0833459848155253,0.0057739162715068,0.9232325868724544,1.1415628153292203,-1.514625598658916,-1.0947026083657247,-1.7847140049071473,1.154461650262979,0.4475677916090633,1.0463858205340952,0.6917564369546064,True,True,0.8
S133I,-1.1074926346207503,0.7895935403576092,-0.42581298078775,-1.0548086202554687,0.275719841904954,-0.5740256926430343,-0.0703300558447256,-1.0555319174271762,-0.0013670062995745,0.1843802060473892,1.2788936162203082,1.4662871484166005,False,False,
Y33L,-0.5877758158618578,0.4869160165538591,-0.390243717156553,-1.494344641198475,-0.3024256197795649,0.6242271556440362,0.984620781826154,0.5999347103513932,-2.5810337599320192,-0.6569334473208358,0.7305660893918609,0.7686182632828951,True,False,-1.0
D109P,-1.235796909692461,-0.2237181697679893,0.8299238722108959,0.87028751585178,1.5210049003405024,-0.4986817719078341,-0.7613993002320272,-1.3909646007890053,0.9592198714677226,0.8464086004369893,0.5735125133629155,0.9519041568349714,False,False,
H142I,-2.0208233554556583,0.1754652311905797,-0.6871455450700062,-0.3350639227154743,-0.7563932170049344,0.4826589775752742,0.0764457128746996,0.8619683638932992,-0.1608100749956008,-0.6004867685502491,1.7786644890102998,0.3843091316414492,False,False,
A84P,0.039732138336341,-1.296980500550369,0.5252994476142929,0.9215111212148432,0.4859438720465604,-0.2843924750184716,-1.4208709832977846,0.0822205074409241,1.3439819360684095,0.1761152352204999,4.141822145512544,-0.4000756601190445,False,False,
S239M,-0.9017933016307668,0.7150208171016128,0.852447522024668,-1.7584181251207491,0.0179039486592161,-2.0619069590893697,-0.2996671944688281,-0.0460578746510446,-0.4584393085232865,1.0286129212096948,5.0651037518661575,1.3362132884764188,False,False,
V238L,-0.1112618307766991,-0.1140524002738768,-0.0909481358140399,-0.570185607907597,0.4920647493096403,0.1482128524999066,0.1100818265395689,-1.5091320935102053,-0.3985397522514399,0.2145399795640552,1.6161709558899096,0.7154062296710036,True,True,6.9
N10Y,-1.4193949656574414,0.7545004941194932,0.5549545521883068,-1.8489467938109003,-0.7424071733867109,-0.0764921663400199,1.7582513961181323,0.2463525803323283,-0.9844021229928418,-0.4215368470844756,1.1606249194544442,1.2179643248944352,True,True,0.1
S92D,1.5263102144350236,1.1361373719590042,0.5795807165529148,0.0,-0.0983238590093628,-0.7638531383256323,-0.8684232982566075,0.3316904696995389,-0.5809011673744704,-0.7541985269486041,3.691615326222386,-0.78635560782019,False,False,
G41V,-0.1206854916361508,-0.3640903547204531,-2.9080638656164775,-0.5997710148323141,0.1217832922980541,0.4021177388078577,0.0856191984196642,-1.2814035681997111,-0.198133848183686,-0.1130728410775194,0.5583007814960966,1.560886319282189,False,False,
G41I,-0.1726188194013201,0.2281048005477537,-2.554965963424701,-0.630737485080934,0.1521905762547916,0.6154436841994643,-0.2660310808039623,-1.1405212323972305,-0.5323648024456461,0.0627300729441437,0.5817731889462213,1.3243883921182211,False,False,
V55I,-0.0430861887690431,0.0087732615595289,-1.7435813426160491,-0.0254981351657297,-2.073651507114398,0.1821102760309304,0.8347871845917398,-1.8708224595182976,-0.1876603426124202,-1.4076472394268245,0.562028159503198,1.3243883921182211,True,True,1.2
G41T,0.4278272583184518,-1.6362132808521568,-1.8274805357248445,0.5801438680756305,0.4637906959215719,0.9137309112212284,-1.4432950590743645,-0.0642271467261092,1.2270124610826143,-0.6924301048561693,0.542081650167899,0.3665717871041509,False,False,
H62M,-0.2981526616210093,0.7106341863218483,0.3157108695240102,-1.3449670549100838,-0.5553220695329193,-0.1659183534819044,1.8805645367176549,0.7420496062122749,-0.98628387128259,-1.5654416007203464,1.3213051335443529,2.3472419271023823,False,False,
V89L,0.0203188348940336,-0.0131598923392934,0.5080340480181097,0.0376936703237359,0.3267224586334004,-0.9976021495858384,-0.6146235315125985,0.5050793642820616,-1.18724872768236,0.2542577715759732,0.8725086735001251,0.7508809187456001,True,False,-3.0
N112F,-0.929316099772572,1.122977479619711,-1.601957824887963,-0.693261214459133,0.8037672712944163,-1.1706831227364285,0.1039661695095949,-1.5203954680978224,-0.0458561048325012,0.903776484376876,0.7904056173977579,1.4662871484166005,False,False,
A106N,0.3831220047590064,-1.25896303379241,0.8610063109405138,0.3164487999923664,0.8142833358972389,-1.2630767557495015,-1.6175912844286813,-1.0660924795860915,0.3400530843357522,-0.5272528411317455,1.6928340549008314,0.2069356862684717,False,False,
C188T,1.6521346914451709,-1.3203758647091133,0.2930277552790362,0.0,0.4853626459043467,0.1790839925970974,-0.6696644447823837,-0.3209977984191843,-0.1432102819123928,0.1841526004571965,1.1979994394715954,0.8395676414320881,True,False,-6.0
E104L,-0.2473885756777961,-0.0,-0.3753784097464619,-1.5410050138164209,-0.9833686523096162,-1.6162722919767454,-0.4280959920983279,-0.6288007743786016,-2.2175927360244927,-0.8203359516322126,0.6455415748514954,1.0405908795214591,False,False,
E31K,0.0956186909062967,-1.0289086195647612,-1.3609686437327522,0.5749068509870474,-0.240494141940806,0.0852496642077041,-1.2635626941378435,-1.0316318476965118,0.8290815972668366,0.4348552248129854,2.237736423560591,-1.14373025331241,False,False,
H105M,-2.0184780760591203,0.8553930020540766,-0.2010490264522217,-0.0047914143151318,0.0722186242223005,-1.9352185703409717,-0.1742962253543188,-0.7437965157954276,0.0558186056480535,0.6167137146762306,2.8607122504772025,1.1351900503870478,False,False,
T36I,-1.625558271676138,0.8466197404945477,-1.5759431392016563,0.0,-0.663304640279709,-0.1086929877108679,0.9815629533111668,-0.4978495799682845,0.0821394115247786,-0.7095940726848167,0.9369822390283643,0.4729958543279371,False,False,
A30F,0.5654959874185024,0.1886251235298733,0.0660148888424249,-0.4102256259846593,-1.0959411665701262,0.4909283151223846,-0.23545279565408,-0.5701916836384654,-0.182840947139694,-2.586758284373866,1.4446108276171103,-0.2542352717012626,False,False,
Q98I,-1.5115205155898137,1.342309018607936,0.187095148199773,-1.034700027005596,0.1058887125910457,-0.8658684199912738,0.880654612316559,-0.2507080861198752,-0.5627260507090156,0.0161325083754224,0.7379201054599257,-0.1655485490147763,False,False,
A74L,0.1795614719966839,0.1973983850894023,-1.5229125664546062,-0.091920597069541,-0.5448159828539639,-0.0135070716648581,-0.0550409132697836,-1.3382776494082065,0.3246914988168783,-0.8559535699351232,2.036458011177119,1.1056278094915517,True,False,-2.2
N112K,-0.7660253352314078,0.2456513236668116,-0.8328935076593481,1.6657192972752457,-0.0040556841857601,-1.641954689556924,-0.9571003251912602,-3.147961390297424,1.6347505394955109,-0.2823674680850534,1.0961513539262049,0.5498576806562256,False,False,
T148M,-1.033536506809552,0.7720470172385513,0.0644228464880438,-0.3567657109782416,-0.2574230727731311,-1.7183807926687265,-2.427915840900516,-1.063871548244595,0.9883063590743936,-0.5881090723990954,0.5075278486426082,0.6267195069845158,False,False,
D203F,-2.257047626676318,0.1842384927501086,-0.4990607949430088,-0.7977387688720854,0.7318405572029814,-0.6524191618671967,-0.0122313140599515,-3.1810832230642707,0.0632123743105524,1.9112843321101471,0.9805018957599259,1.2238767730735356,False,False,
T139I,-0.7158965125201221,0.6185149399467936,0.0225849235614804,-1.2754925188536177,2.0343145194894534,-1.622222429079513,-0.3669394217985668,0.3544176665717818,-1.617461938080173,1.0167238952251716,0.5825791085153242,0.6740190924173102,False,False,
N10I,-2.2333444138812353,1.399335218744874,1.7204268646426382,-1.867559675643219,-0.4406528513821702,-1.750666257550731,1.434121573529398,0.6953281156773171,-1.2723002886864654,-0.6822157219031416,1.1755344314828495,0.7981805041783927,False,False,
N232H,-1.0224904298296364,0.2017850158691668,-0.2928526429648734,-0.4134510702106653,-0.2866140786694837,-0.9018364334287284,0.1192553120845335,0.4747647575334061,0.1596853526137754,-0.3528274060617228,0.7093099607567696,-2.0693568626847174,True,True,6.5
S190G,-1.2017742999861067,0.8466197404945477,0.8061201108677711,0.0,-0.2363520321449635,-3.2483467969783715,-2.0946125327668224,-0.1339331313297882,-0.0490566052057997,0.2135929187075761,0.6274083845466781,0.1359863081192821,False,False,
H142L,-2.0443743620103834,0.1535320772917573,-1.5219927021312842,-0.8317570683724925,-1.2652396693600776,-0.2171661087403489,-0.3852863928884958,0.925236465258306,-0.5427402467365563,-0.9267585134078504,2.6883462026353007,0.3133597534922579,False,False,
G75V,-0.0526505123986358,-0.1930117543096378,-0.6040164555590143,-0.5582993584835987,0.7303522233913121,-1.2126065138692788,-0.3914020499184732,-1.3108868501368447,0.5370264197201646,0.7394967280513006,0.8214335208082231,0.4611709579697377,False,False,
L209M,-0.0369807170418989,-0.0657994616964674,-1.0893952896228596,0.087526925369983,-2.4050313764879383,0.8513426088817067,0.0183469710899325,-0.6477073555557852,0.3388129176524549,-1.8950684540320415,0.7063885023187711,1.4662871484166005,False,False,
S76K,-0.5204974924785509,-0.1403721849524639,-0.3417653215077924,1.2045891672223337,-0.5403115172105137,-0.7383639280462464,0.1681805683243431,-1.578572468663161,1.7361292107179864,-1.8652806017224564,1.384368339826662,-1.2475265657899297,False,False,
Q111L,-0.5232822615758409,1.566027188375925,-0.0509790036683573,-1.3614097775870495,-0.5625145529834894,-0.9015310498040884,0.4739634198231505,-1.6558602768551562,-0.9249506024346672,0.1162296096836076,2.3546955010266624,0.4966456470443343,False,False,
T236M,-1.4619542508665908,0.7764336480183157,-8.321050249353343e-05,0.1700970701942014,-0.6767318555871177,-1.2843661868621523,0.3822285643735071,-0.455860346679099,-0.2177703587645215,0.3835796963767736,0.8883248450437712,0.9637290531931691,False,False,
S97P,-0.6823142303470365,0.3684769855002175,0.5071689437422398,0.0,-0.4605827841551349,-0.7369282438763393,-1.5075094578891142,-0.5794887598148278,-0.0056518496031259,0.4884789547468636,1.2369857986269526,1.1529273949243426,False,False,
T148V,-1.2553481969095823,0.7764336480183158,0.45995622592546,-1.5176051503188228,0.3473220731966356,-2.117153762936542,0.4250381635833427,0.3011634232415472,-0.9503919453944296,0.3966203049839788,1.0944387748418611,0.390221579820548,False,False,
N10M,-2.4064939536350205,1.3466956493877,-0.7471519697913288,-1.7584181251207491,-1.2480105444101817,-0.3927048404280924,1.8499862515677743,-1.0880086126086843,-1.391535536644534,0.352621587730187,0.9962173273574341,0.4020464761787474,False,False,
D222K,0.3931388510395964,-1.0747245410423016,-1.2091882377423735,1.3215266563261,-0.4394085792401563,-0.9701122239683082,-0.905117240436464,-0.9976152620704604,1.1068368579448655,-0.5789283535222662,0.9366800191899507,0.165548549014778,False,False,
T115Q,-0.1122005755643268,-0.5614887398098553,-0.9418040627123616,-0.2242057413651287,0.2307157196197264,-0.4825952170316898,-1.1069339224256762,-1.501491759064131,-0.2751928960073362,0.9916969478689628,1.5700320605587634,0.6562817478800118,False,False,
R153M,-2.8429465115179315,2.513539436805056,-0.5015582381007374,-1.1608079781601597,-1.0228789778659662,-2.045225041130115,0.9876786103411443,-0.5973160357305947,-0.2531224353665211,-0.8311410506905883,1.0605901529395356,0.1537236526565803,True,True,2.7
H142K,0.5056120014490413,-0.6579946169646743,-0.01107870074877,0.0,-0.5265367266799917,-0.1335323645050413,-1.382138488774603,0.4203169946398799,0.1696259964179072,-0.4878938892030872,1.8432387944846773,-0.2424103753430649,False,False,
T115V,-1.497942508747355,0.3070641545835146,-1.1618975975545154,-1.6864656570487104,-0.0302827549134054,-2.080320019478372,0.1926431964442479,-1.2382346723852604,-1.3093055940911418,0.1688771005939104,1.141685809580524,0.8040929523574916,False,False,
Q44M,-0.4523960451947878,1.6888528502093307,-0.5057851362930357,-0.9850799936631496,0.0872276313159684,-0.0901264414803628,1.195610949360329,0.6236493982444791,-1.6713181689488656,-0.5384355430202347,0.6503770922661134,-0.2187605826266694,False,False,
D203S,-2.141977102375601,-0.9869919254470114,-1.220752958918512,0.735097635181306,-0.1233501879728896,-0.2438362786269991,-1.3637915176846722,-1.940092391507678,1.15826092922914,0.8044520932103433,0.7495051992657812,-0.7567933669246958,True,True,0.2
A73M,-0.6003419072103162,-0.4474363395359785,-0.2910678452463262,-0.4946493303334444,1.1681143315537794,-1.467602713889474,-1.6940369973033826,-0.8923255651749445,0.915054011957407,0.8850815329525241,0.9098831935172763,0.4848207506861347,False,False,
E46Y,-0.4567905698323055,-0.6755411400837323,-0.4641326116483044,-1.6749959040711564,0.3747040529468247,0.1526008165835639,0.2446262811990445,0.1359809082816117,-1.1874599793789398,-0.1159073947183935,0.7944352152432729,0.1714609971938785,False,False,
T225W,-1.7968558292001469,-0.7194074478813773,0.6063282287166238,-1.7577910640408403,0.0221499444685405,-0.9208022969365198,-0.4464429631882552,-1.8780756160700447,-0.982804374935269,-0.0757038827129248,0.9216697672154074,0.6976688851337054,False,False,
H62W,-0.1263727918454431,-0.0745727232559965,0.955395025960249,-1.9122764725956256,-0.979208104629472,-0.3344375495601593,0.3699972503135555,0.007580248367054,-1.5126042178824295,-1.7514097942077071,2.5003654631420282,0.2837975125967619,False,False,
G75Y,-0.2357427037091176,-1.6405999116319212,-0.1860868586054139,-0.3164628364494315,1.7534675850585393,-0.0806391425659537,-1.2598253481750807,-0.3485283571591963,0.5100710029562157,0.9486382537536436,1.067238989384635,0.5853323697308223,False,False,
A80V,0.1109178539827406,0.1052791387143478,0.0,-1.815834890803062,-0.9444768901979512,0.8335855754055864,-0.0672722273297369,-0.6905773525933727,-1.7083623120842215,-1.2795046176585578,0.8976936600345935,1.566798767461288,True,False,-3.7
T148Y,-0.4588449351608811,-0.3333839392621013,0.1027735264367497,-0.6769653509846322,0.6849657888595465,-0.504491127636042,-2.7336986923993254,-0.4268598651462739,0.5721087167517874,-0.1366521325304204,1.8255085639644113,1.135190050387046,False,False,
D222L,-0.981156055758487,-1.948055396889579e-17,-0.6662139737656796,-0.8655043974157777,-0.2441712817983283,-1.5300121374053135,-0.6849535873573257,-0.605667766859465,0.1038460145653626,-0.6767796982940478,1.760430558759345,-0.2187605826266694,False,False,
N212F,-0.2890956921259441,1.026471602464892,-2.1330132768408037,-0.4923743672461182,0.4025465997565423,-0.0917880269534715,0.446442963188257,-1.2318627081529054,-0.381071259958991,-0.5877547333088096,0.6018204382276582,1.4840244929538988,False,False,
S17A,-0.754021801871013,1.1317507411792398,-1.4473391989679236,-0.5078142673531528,0.9474954253898852,-0.8277160322651316,0.9815629533111634,-0.4825669569414224,-0.374021001330464,-0.8787915055183164,1.3003512247476752,0.2719726162385642,True,True,0.9
G159P,-0.9394915756761402,-0.6755411400837323,-0.2695967203501415,0.0043446150612039,1.4893644494634823,-1.5032071413630013,-0.0856191984196642,-0.3651055991457018,-0.4343964152446259,0.9398434048895056,2.558895371848133,0.6030697142681186,False,False,
L42P,-0.8619533414901789,-1.0308582332446563,0.0,1.364624327420925,-1.5865906777478374,0.474978095057356,-0.1651227398093543,0.9107403251906931,0.8850049289001902,-0.5651949801407413,1.268416661821969,1.531324078386693,False,False,
Y33F,-0.3886216304847749,0.5614887398098555,0.0236514774392444,-1.3546623487460605,-0.2776011515515861,0.2641315851996837,0.5779295893327421,0.3759085315776319,-2.0758699960389277,-1.7272252253847793,0.6597459072569356,0.4907331988652337,False,False,
Q27Y,-1.1771445375211265,1.1668437874173558,0.0237727878608836,-1.17589333869298,-0.5722109657033844,-0.0521115002061893,-0.1406601116894504,-0.645127162762653,-0.4573318124023632,-0.6800231769718276,1.8531113092061888,1.3894253220883122,True,False,-2.3
N10L,-1.8227904692621304,1.4124951110841677,0.0249841404649693,-2.1749670996038866,-0.3970975100247053,-0.831076601985955,0.9693316392512152,-0.9505996197190044,-1.63687543138007,0.0630373582611682,1.2551189889317698,1.803296694625256,False,False,
T115M,-1.108449997908727,0.460596231875272,-0.682253268739038,-1.1810958525743898,-0.3790433212923354,-1.3395370021162851,0.0672722273297386,-2.3121523374958697,-0.0323628190547089,-0.4487918194497134,2.148380091336297,1.2179643248944352,False,False,
E104W,-0.1782091172237905,-0.6229015707265583,-1.3812461838286512,-1.560223823020258,-1.2465946447284737,-1.1165209627563464,-0.7124740439922167,-1.4532645854911772,-1.5221744267483448,-0.8245551477881954,0.506923408965781,0.762705815103798,False,False,
T115W,-0.8079487055611164,-0.0175465231190579,0.7575527942857331,-1.745391030821569,0.5277950637963399,-0.4841053017362408,-1.0304882095509749,-0.819078116138244,-0.3097678729813143,1.1528008962723937,1.4553900018538628,0.0709493781491913,False,False,
H142F,-1.99576657768516,0.1272122926131703,-0.5797250936208721,-1.5007107316782415,-0.73099467961725,-1.0157054591896544,-0.2245805164896798,0.2845298088788885,-0.5425789418197414,-0.8097268201170787,1.1442043082339708,1.0872335262676864,False,False,
Q111W,-1.0881269738521142,0.416729924077627,-0.4130655045786374,-1.4898536547303054,-1.2495779679002774,-1.1621165800652604,0.0122313140599515,-0.3639216673778677,-0.1663867089781096,-0.1682169837736914,0.6143121915487545,0.7213186778501043,False,False,
S92N,0.0900568483585265,-1.487067834340164,0.967492780884632,0.0,0.1153966804090218,-0.7611263627004867,-2.449320640505434,-0.4492837999204523,-0.0401968059394085,0.0301047286267977,3.322201943734803,0.5025580952234331,True,True,0.4
T225A,-1.856518813570458,0.3246106777025727,0.3459852790577083,-0.8105931560386035,-0.4939773118063575,-1.4603650584627794,0.1559492542643916,-0.2657389584958636,-0.9684080831552312,-0.9412124473831904,1.3968600931477582,0.7508809187455984,True,False,-1.7
S76M,-0.6637217028054186,1.1361373719590042,-0.9570804884832054,-0.4827585572681797,0.6080153607046445,-0.4933233453539334,0.6513174736924547,-1.1193003039322305,0.3447309506316183,-0.0570437424539025,1.693337754631521,0.6917564369546083,False,False,
H62F,-0.1436644913138847,0.7632737556790221,-1.5655939688442724,-1.8201379102415345,-0.9674926297964876,0.5801882524035921,1.3614981462984332,-0.4940342513155881,-1.3484640939192325,-1.6677893627223537,2.9597396175307327,0.6843658767307342,False,False,
L209F,0.0578905962295305,0.1052791387143478,-0.9733039870690388,-0.2561489938504969,-2.1641869135344156,0.1955853483196216,-0.3547081077386118,-1.072916618686446,0.0481301301259004,-1.7554004544738644,1.1540768229554823,0.561682577014425,True,True,2.5
M113L,0.2295824004984433,-0.0,-1.4430225231428837,0.0,-0.1804863117044128,0.6062226232708716,-0.6176813600275889,-1.7883496080286168,-0.3973011407227748,0.1360481717016564,0.5728073337399505,-0.9459917086558708,True,False,-0.5
E31H,0.919704764429596,-0.7325673402206708,0.1929488903967015,-0.0404226527472589,-1.1282336306406604,0.2119140026943496,-0.489252562398089,-0.3502376620980796,0.3133249909878011,-2.006402551266385,1.764863116389411,-0.2364979271639677,False,False,
T36V,-1.6995016458145968,0.851006371274312,-0.7578607177922285,0.0,-0.0229388799199254,-1.9204447045139197,0.1681805683243431,-1.2312162362307564,-0.1420457285298219,-0.9397788899332564,1.661201711813539,-0.7094937814919015,True,False,-2.5
E104M,-0.1110858859483956,-0.0087732615595289,-0.497507491711322,-1.5004746291506867,-0.7050497360864775,-1.1746610501488128,-0.0703300558447247,1.4627067569092045,-2.014930250460938,-0.453113857038227,0.8552821427105487,0.5262078879398285,False,False,
H105I,-2.1530852720541835,0.921192463750544,-0.0705904333078833,-0.3713333216090379,0.045770256463634,-2.2579090139254325,-1.1466856931205214,-0.7029682670499838,0.2902836457913632,-0.2324136167903683,0.9479628931573926,-0.7508809187455968,False,False,
H105F,-2.3203701703828465,0.6272882015063227,-1.0428303175903693,-0.0199357641757475,-0.4338577372789569,-1.8970782518584333,-0.538177818637897,-1.744443005515054,0.0991004535605757,0.730079077121506,1.9656378290421939,0.2601477198803665,False,False,
T115F,-0.9952555667957386,0.5351689551312684,0.5766974876768209,-1.6562667079058404,0.0282581898644722,-0.9443924276135016,-0.360823764768591,-1.7198962698139166,-0.3943125325857873,-0.0062654040974598,1.5105954923374176,1.596361008356784,False,False,
T194I,-1.5670699284928828,1.061564648703008,-0.0406416911748207,-1.160288813251507,-0.5246695829363806,-1.9743033071364704,-0.2935515374388506,0.1504421786865428,-0.9229901796000765,0.2182772573659771,0.6444334354439788,-0.0532120336118913,True,False,-6.0
T139W,-0.3329279242039963,-0.5351689551312686,-1.1740063419570448,-1.3042155076395443,2.0290937560852544,-0.869705883640782,-1.4096589454094948,-0.9479068083084072,-1.102385278328358,1.1083308248629733,0.788793778259552,-0.6208070588054135,False,False,
E31N,0.51104134233599,-1.1536838950780623,-0.4248593718367023,-1.076251427105304,-0.7833623288711036,0.5944579692501777,-0.642143988147492,-0.0301264619913429,-1.2074446495254263,-0.1924014994383841,2.7146393285772854,-0.6562817478800083,False,False,
E46F,-0.3760018247628087,-0.0131598923392934,-0.8343461172177553,-1.7770866262580705,-0.5028984834451355,0.0588778993114198,0.4433851346732682,-1.4340526419464956,-1.160144386311828,-1.3602297146255788,1.1661656164920273,-0.1891983417311735,False,False,
E46L,-0.4913706174391262,-0.0482529385774094,-0.4537206552561859,-1.7548436201909738,-0.0047788123079607,-0.6725871855614874,-0.0489252562398087,-0.627996067763238,-1.1686602453728503,0.2608967940107511,1.2240910855213047,1.1411024985661449,True,True,0.7
A103P,-0.73922614510569,-1.267736295351939,0.3545803400102291,1.8114310453598388,-0.8624632169237949,-2.167194832042119,-1.8622175656277276,-0.5094616081530126,1.6985356529942115,-2.2997563792786515,1.3622055516763296,0.4670834061488383,True,False,-3.2
K135R,0.7818025593351614,-0.7281807094409063,-0.1524563592788985,0.0,-2.5886422657819352,0.4706772359753237,-1.0182568954910232,-1.1902884428278973,0.0757396049504364,-2.3775922840915076,0.6249906258393692,0.5557701288353263,True,False,-2.2
A219M,-0.3397645444398696,-0.5263956935717394,-2.0744110138838465,0.1224773242690853,-1.187459286731683,-1.5510344571000412,-0.2415684526840558,-1.0864739865924091,1.263709244166923,-0.736905310800697,1.3543478358775756,-1.371687977551012,False,False,
D218M,-0.7749585847916498,0.3553170931609242,0.9875361159881466,-0.4888718682963419,0.2634206632790405,-0.1309507374149657,-0.2201636530791397,-0.5213398964644281,0.8557879211001034,0.2299161451952155,0.9785878367833063,-0.4729958543279354,False,False,
E104R,-0.0045031635870571,-2.408260298090708,-1.0150586670610326,-0.0511395518769908,0.1948927216859719,-0.3812126972238006,-1.7796561957230488,-0.5706715020501288,-0.2911304378926506,-0.3664918659184293,1.2702299808524509,0.9814663977304674,False,False,
K130R,0.2752958458518204,-1.1405240027387689,-1.1499663542297591,-0.0190819415350797,-0.4306143696717738,-0.1699569447240385,-1.4280059164994203,-1.6579232171266562,0.0429401032939731,-0.795337287089491,0.6250913657855071,0.5794199215517216,True,True,0.3
D218W,-1.0000308397654047,-1.7283325272272112,0.8095470918921975,-0.6789131279871006,0.3553835029359511,-0.9379080676748832,-0.9142907259814282,-1.009750853565131,1.1478681520230494,-1.0413156270237056,1.6572728539141621,0.5675950251935239,False,False,
A30W,0.2842753623854311,-0.6623812477444389,-0.0741435824643458,-0.4090341243414009,-0.5055388207045095,0.6705219156505898,-0.342476793678662,-1.4056265653560112,-0.2303275578125483,-2.066809847636271,0.7881893385827247,-0.4138713725369435,False,False,
T115L,-1.0849795163680138,0.5571021090300909,-0.710988947335883,-1.6094062147586232,0.7379204368460385,-1.981234308491799,-0.2599154237739831,-1.6715977281264731,-1.0692795820745211,0.4077022337381117,1.8371943977164045,1.1588398431034432,False,False,
Q98F,-2.4476962294461897,0.8641662636136057,-0.5942462141323192,-1.4859656098847924,-0.7101191836730618,-0.8348318836147945,-0.703300558447253,-0.8244937123372014,-0.9115386915452076,0.4210734714726783,2.229979447707975,0.7686182632828967,False,False,
G149L,-1.330936515553929,-0.5614887398098555,-1.1826811711123912,-0.3210806223994092,0.7007912294120371,-3.497247393749059,-3.727492959770444,-0.966779492008756,2.027814729496065,0.5414211730606003,0.771970207254527,1.8328589355207516,False,False,
T225V,-1.9316872850319216,0.1272122926131703,-0.7926783548094731,-1.5402236713968267,-0.3958371594590694,-1.8026337208627108,0.4342116491283054,-1.2671580011956076,-1.422941198567073,0.2058187086569754,1.805763534521388,0.3843091316414475,False,False,
E104Q,-0.1293053918355095,-1.2589630337924105,-0.4257723919836991,-0.6118135631571134,0.1293862075769739,-1.624145647169168,-1.1558591786654848,0.372027351448459,-0.9304555495932272,0.4721259301438934,0.8287875368762879,1.992495036356429,False,False,
T196V,-0.7931671057635572,1.329149126268642,-1.287610284610701,-1.6490180345651622,-2.137870363597952,0.1203403636208988,0.8470184986516931,-0.5401833941858197,-1.996217655658752,-1.4084232039736893,0.9259008449531982,0.6917564369546083,False,False,
D203M,-2.223261565016906,0.2061716466489311,0.8491824129491506,-0.3195321810393,0.0360531818881375,-0.7885904029665827,0.2629732522889735,-0.8049692009223873,0.530523180173704,1.5435498683080566,1.013846817931562,0.4079589243578463,False,False,
T115I,-1.4086998474091164,0.3158374161430436,0.0464735259567984,-1.5499847613271909,0.2902120378249919,-2.36004006504628,-0.7950354138968948,-1.523227108482969,-0.6847111042973474,0.0701723275299634,2.1591592655730496,0.869129882327584,False,False,
A219L,-0.2875737228148654,-0.381636877839511,-1.6483883752506825,-0.2940716502140517,-1.605858779364136,-1.9017418234723056,-1.061066494700857,-0.906346625365726,0.2092702237130188,-1.0631460492842202,0.7665302501630818,-2.045707069968319,False,False,
A74M,-0.2052317293537032,-0.2807443699049278,-1.3240198045725668,0.0,-0.4366168883496215,-0.987299779712736,-1.045777352125915,-2.295634208756176,0.1925200614632426,-0.3346350611149288,0.9968217670342613,0.703581333312806,False,False,
E46M,-0.3968600376119702,-0.0175465231190579,0.3436136801329282,-1.5516843418315462,-1.505419300456193,0.4133253813550819,1.1466856931205214,-1.5632148078514625,-1.0454642964276006,-1.9003309932888943,1.3113318788767034,-0.4848207506861332,False,False,
D218E,-0.4577464436402542,-0.1666919696310509,0.8532350203777261,-0.1399771534293517,-0.7676849113558099,-0.7999089713909948,-0.1987588534742237,-1.7045002957272373,0.32596830697532,-0.6850135677094079,1.0922224960268279,-1.7146099719387644,True,False,-0.7
H142V,-2.115685545661917,0.1579187080715218,-1.564164783472147,-1.6069118935164266,-0.5920373069707678,-1.1105570095457644,-0.5290043330929342,0.4470185650281527,-1.2463852635320734,-1.2883009490486896,1.2928964687334725,1.0878904649542536,False,False,
D222Q,-0.0338022597547164,-1.513387619018751,-0.7473875615192082,0.4886670076884769,-0.8876004064867615,-0.697472298436729,-1.0763556372757956,-1.875838855127565,0.7148814989184572,-1.5100771468548135,0.5737139932551913,1.3776004257301129,True,True,5.2
Q27F,-2.302172075771135,1.8116785120427368,-1.365245613350879,-1.3882189315216271,-0.2639833754647097,-1.6252266385019936,0.2599154237739848,-1.2157195511325043,-0.8029196398091303,-1.066946668739515,1.7238619583112964,1.3894253220883122,False,False,
T237M,-1.5278605769591362,0.47814275499433,0.1749709805658439,-1.157827326226745,0.9153296913712364,-1.7253715844217197,-0.8990015834064896,0.3040411645560546,-0.9099617423555112,0.1216861719224765,1.7966969393689796,0.0472995854327942,False,False,
K49L,-0.8610104489144175,1.113229411220234,0.4242157276121514,-2.1814803628149937,-1.4727137065982732,-0.0132942806657534,1.2204133362041218,-0.0921921823005311,-1.7268699643137693,-2.2663891780010603,2.1270232227550676,1.0530727145662242,True,False,-0.8
T119L,-0.0403646294804398,1.2370298798935877,-0.8671812186935937,-1.5877994703911449,-0.2692910183144577,-1.1074880867446688,0.2385106241690687,-1.94506749979831,-0.4291900430187514,-0.5543058477794746,4.529167238412669,0.3606593389250521,True,True,2.1
Q65M,-0.3981607260463937,1.3423090186079356,-0.0907820830258854,-1.2150665681540935,-0.9225506313307398,0.0030690816069213,1.2323048915401855,0.4183706262967043,-1.027683886295671,-1.5282532521244263,0.9277141639836799,0.44934606161154,False,False,
D134R,-0.124879495024903,-2.746030868132574,-0.6280933803608817,0.0689785786075929,-0.9340382835858254,0.5091279404663821,-1.853044080082763,-0.4103445964019373,-0.2420685256368137,-1.9031278236500395,1.124157058952534,1.2770888066854271,False,False,
D222M,-0.7787164498097126,-0.0921192463750544,-0.979777307247788,-0.4368914687946492,-0.648963668421941,-1.5876520658139732,-0.7919775853819078,-1.4487626530689093,0.1788737921857941,-1.325151759683108,2.552045055510757,1.5786236638194855,False,False,
A30L,0.2246357442330585,0.0350930462381159,-0.355773672413295,-0.3799614842458959,-0.6357486374050683,-0.193855476336582,-0.0764457128747022,-2.546888082934374,-0.2196537722417717,-2.117008693852005,1.2783899164896186,0.3310970980295561,False,False,
S92L,-0.5770974542638474,0.9957651870065404,-0.3828807675489448,-0.1682581029393196,0.2283155903562588,-0.7660944445069102,-1.0335460380659618,-1.292661196167442,0.1337276450130625,-0.3321620994079076,5.1678584969267884,0.1714609971938785,False,False,
R153I,-2.68599432232829,2.759190760471868,-0.1970911958940655,-1.867559675643219,-1.3415738623661022,-1.517010227108126,2.152711274551593,-2.052570011855355,-1.1499009231145412,-1.2643394067639542,0.7883908184750004,-0.0472995854327908,False,False,
G159T,0.5000473040645506,-2.13628918974531,-1.3583603497587795,0.0043446150612039,1.241102397271488,-1.0760926491764418,-3.6755098750156456,-0.4563936066078979,-0.4531075586827244,-0.730660932361267,1.6587839531062303,0.4729958543279371,False,False,
D203R,-2.1646769641868437,-2.4082602980907084,-1.307182803016615,1.5627146765885922,0.1735888545082755,-0.5702338062687575,-2.467667611595362,-4.452436307583434,2.722722996046897,1.2642842785555937,1.404415589108099,2.364979271639679,True,False,-1.0
T119V,-0.2749139804096491,1.4124951110841677,-0.7709936165027977,-1.598922642167423,0.1911638422689996,0.0391118131907148,0.8684232982566091,-1.3623070040733345,-0.9299877241279384,0.3459975054671653,3.8511874009047777,0.7863556078201933,False,False,
D222F,-0.5409371614398537,-0.0087732615595289,-0.3086922759537672,-0.9120623241261,-0.8899540430132423,-1.3052212046075409,-0.788919756866919,-1.1243894429872376,-0.1133434480121492,-1.1079656919934078,2.057311180027659,1.6200108010731809,False,False,
T225L,-1.7635249898742824,0.3553170931609242,-1.0134089650988862,-1.6197941788321937,-0.5130764465915786,-1.461417623550779,0.5167730190329827,-0.896417043482114,-1.3436160901634813,-1.1988138439920928,3.5705259109646614,-0.6503692997009112,False,False,
A106P,-0.8059828712017032,-1.5967336038342763,0.6648699078259923,0.9119886959757384,-0.9206617625310296,-2.3682265059464584,-2.2260991589113037,-1.8850367663337175,1.108050484564186,-1.1556365366541692,2.6138993824394117,0.2010232380893745,True,True,0.9
S86F,-1.1326528381606915,0.6843144016432613,-0.7606492894709399,-1.5336413401200517,-0.0286173823999775,0.4580918733887281,1.2904036333249596,-0.1522766361609784,-1.566942371932206,-0.7137560326726837,1.974301464410051,0.6799315405964071,False,False,
D218L,-0.6511948964926987,-0.0043866307797644,-0.9230644751887292,-0.6503782793847401,-0.5474846790211598,-1.215382519303917,-0.7338788435971336,-2.4649519826594712,-0.3116734674318362,-1.4265259915599424,0.5566889423578907,1.7146099719387675,False,False,
A108P,0.0838865842501657,-1.311602603149584,-0.0222401240117737,0.9749011406314014,-0.8271591580162719,-1.044901118303002,-1.1069339224256762,-0.5768585290154887,1.327312054223348,-1.1179476268205542,2.9270998749820616,-0.8632174341484803,True,True,0.6
R195K,-0.8763663880733173,1.2808961876912326,-0.4480771010404498,0.5531662211306823,-0.3379091423599119,-0.524866869365203,0.9142907259814282,-0.2134437328271482,0.7775902566662037,0.2753029273661198,0.6735472798778243,-1.3421257366555162,False,False,
E31I,-0.3418585671741898,0.0657994616964674,-0.3811161020701212,-1.5561806591604268,-1.1120368519559087,-1.1030815423780724,-0.0214047996049177,-0.04810760961938,-0.9882760240075628,-0.7356532849659045,0.8891307646128743,-0.9105170195812742,False,False,
G75F,-0.4575662165568699,-0.4869160165538591,-0.0924869229586303,-0.5287884292780787,1.36775333974247,-0.3570135461617203,-1.0702399802458198,-1.2554398134536813,1.0888090265731971,0.2403434687854473,0.8443014885815204,-0.8336551932529841,False,False,
V55R,0.3138480574157272,-2.662684883317049,-2.0124983763168043,2.280674560924846,-0.9781587458985316,0.1315079870971887,-1.2995771188699232,-3.2371098489671972,2.700389298504282,-3.1725374514723663,1.3365168654111719,0.0650369299700924,False,False,
K49M,-0.6271531062687576,1.1317507411792398,-1.0858840053062784,-1.7584181251207491,-1.4424315527686993,-0.0151002912251123,0.6329705026025292,0.5540224506391591,-1.380965600336432,-2.6098627338170743,0.922072726999959,0.1832858935520763,False,False,
E178M,-3.9945880789076815,-0.0350930462381159,-0.8477757999926305,-0.3684444832191133,0.2368355228703716,-2.1407789103005905,-0.6513174736924547,0.4532406562774024,-1.053660159564096,-0.4805846857309623,2.178702815123797,1.4249000111629069,False,False,
Q44P,-0.9581986069949072,0.6755411400837323,0.0713900244351738,0.8328596486376227,-1.7714017147781462,-0.7599618394973612,0.1253709691145075,1.647619937207448,-0.2222018226858453,-2.0075607273995155,0.8870152257439788,1.5490614229239912,False,False,
D218P,-0.8595039846766864,-0.8992593098517219,0.9846255036820084,0.5761954750106681,-0.4374865979470753,-1.6892982827142995,-1.183379635300376,-0.9580882341296656,0.5787414346560371,-0.5061853117543573,1.5389034172021603,-0.1064240672237827,False,False,
E31Y,-0.2080310208812662,-0.8246865865957251,-0.6240703003350048,-1.4993720004766646,0.0990093626951051,0.1620132385458047,-0.9326376970713574,-0.6407697172116746,-1.417160921455216,-0.0358546138807,0.6808005559997512,0.2187605826266711,False,False,
Q27L,-2.451016932076043,1.772198835024856,-1.6116585560233276,-1.343495856806182,-1.4354592669484951,-1.2216317672007753,0.5351199901229091,-1.6147384663500373,-1.063774901929616,-1.645966313153937,1.586251191886961,0.8100054005365903,False,False,
E31G,-0.5278518001166453,0.0570262001369383,0.3047828313494517,-1.1298937001870737,-1.9873093707107827,0.6706611089667653,1.067182151730831,-0.2997296809114569,-2.547066886325718,-1.9526935563927057,0.5908397840986299,-0.8277427450738853,False,False,
R195M,-0.7888245267420153,2.495992913685998,-0.6534054134644339,-1.6749755631816012,0.4308922591368833,-0.1465329249526192,1.455526373134314,0.2521166592407363,-1.1131140781081448,1.2290583989634618,0.9681108823849672,-1.1056278094915484,False,False,
T148L,-1.020246693665283,0.898771906431748,-0.2695472267511447,-2.086702737512573,0.4618872902035306,-1.8680774386846088,-1.5791985486293858,-0.2342658194668585,-1.1707487571924005,0.1968422068703924,0.994706228165366,-0.5255509492532597,True,True,0.9
Q111M,-1.1062044205815609,1.5309341421378089,-0.5267195597425276,-0.9255584764831264,-0.6541694547082879,-1.48746686261456,0.9081750689514544,-1.6642157935344732,-0.6826647346063641,-0.0167912152377042,2.3655754152095527,-0.7922680559992905,False,False,
E31W,-0.4321862216203016,-0.4123432932978625,-0.8833833895917867,-1.7921303135100932,-0.9501558683986484,0.0185372465535685,-0.3883442214034846,-1.6553442516686123,-1.2880069362206277,-0.9052304349239534,0.6573281485496266,-0.1596361008356775,False,False,
Q27M,-2.520213985012879,1.807291881262972,-0.4862279202398446,-0.9130480761901766,-1.3129259137834586,-1.993364851161075,0.4953682194280648,0.096032411731272,-0.8375633002685428,-2.3073310434034986,1.1278844369596353,2.631039439699143,False,False,
D109M,-1.2046427592424696,0.0614128309167028,-0.0801929457729081,-0.4648482150646287,0.9308343408255728,-0.7774088839795567,-0.663548787752408,-2.5930871200208085,-0.3225548942009379,0.3821213639878875,1.1675759757379576,1.306651047580923,False,False,
E31M,-0.4857057525227551,0.0307064154583514,-0.3087474303340324,-1.1835112741337015,0.0924708104502185,-0.3925510369749195,0.3699972503135538,-1.2960917769341889,-1.103059731423786,-1.3293002983883375,3.9019603337582662,0.5498576806562256,False,False,
E178L,-3.947570221419812,-0.0965058771548188,-0.5556739896612095,-2.02551565451884,-0.1970767737501795,-1.820340889305992,-0.7247053580521674,0.8048114286110872,-2.1922999234212788,-0.8380864124928051,1.6379307842556903,1.3125634957600236,False,False,
N93V,-2.57253029533024,0.2675844775656341,-2.1534686119379445,-1.13381428873655,0.8980944636607172,-2.4735567006547647,-1.8224657949328824,-0.0919850634603337,-0.5799799853825786,0.636913007760148,1.4042141092158231,0.6740190924173102,False,False,
E104Y,-0.1187302698219368,-0.65360798618491,-2.0687510680692887,-1.4861706213734005,-2.569687281039579,-0.3708911912473401,-0.7247053580521691,-2.133394552197605,-0.9553875009903864,-1.9149463064587624,0.8201239015084307,-0.2542352717012626,False,False,
R153L,-2.8040699656779347,2.610045313959875,-0.4447967270118823,-2.16758517094282,-0.1780775860195975,-2.5302441910557003,1.0457773521259168,-0.797248103555873,-2.029639036194463,0.242575675986519,1.0610938526702247,1.6968726274014712,False,False,
S86A,-0.6362141718339008,0.7106341863218484,0.5981666607685855,-1.0652024690730109,-0.6366359557165908,-0.1167285630658498,-0.1070239980245819,0.5995550322868731,-1.2077702344041903,-1.8082009633929657,0.720089134993522,-0.2837975125967585,False,False,
E22F,-1.646652380924729,0.1447588157322283,-0.1988782599151832,-2.1185728777363524,-0.591583728353306,-0.2949712023382211,0.999909924401096,-0.7073796210530806,-1.41619037266444,-1.3071295667491811,2.746271671664578,-0.0059124481790971,False,False,
E22W,-1.6602666938428692,-1.0527913871434789,0.2341738487456325,-2.207697200652081,-0.3375248674164136,-0.4626240331724282,-0.1620649112943656,-0.572671879964728,-0.9009249463564308,-0.1931270630818984,1.864797142958182,0.5439452324771267,False,False,
S86W,-1.0427871087082532,-0.0614128309167028,-0.7255658467826541,-1.5394201230898548,-0.2058959800741438,-0.0442123390652433,-0.0214047996049177,0.2441142582270735,-1.6933988338049253,-0.2183607560427125,0.6193491888556482,0.9932912940886652,False,False,
E22M,-1.5677490382931352,0.1754652311905798,-0.6302810615362475,-1.6434020224049015,-0.6767828848988553,0.0411829589175902,0.7980932424118835,-0.304670272156443,-0.7772607098210533,-0.802475194301004,2.428336401653448,-0.0118248963581976,False,False,
K229H,0.1251560728475959,0.5614887398098555,0.239942597598812,-1.2823575620686092,-1.0203177155701566,0.2287922840711268,-0.4005755354634361,0.3622672101373633,-1.2487186508374375,-1.4319120820776452,0.8400704108437298,-0.4434336134324395,True,False,-0.7
E31Q,0.0925208206947936,-1.0659512794827724,-0.0864959023462309,-0.2579527976505753,-1.8599010115829635,0.6304421014801052,-0.4800790768531263,-1.258903572339719,-0.146634570654367,-2.7330929588958415,1.3751002647819777,0.1005116190446889,True,True,1.4
E31L,-0.4844328987463543,-0.0131598923392934,-1.2750878274857265,-1.6020897859997338,-1.5354140216066925,-0.2421986728352973,-0.2782623948639138,-1.2363988324324462,-1.2763532640819766,-1.8555475330524775,4.169827850538873,1.1470149467452455,True,True,1.7
N232Y,-1.9381105745600344,0.0482529385774094,-0.5563977168613077,-1.7730766017302344,0.5625503960976449,-2.0154628421930947,-1.3179240899598532,-0.6964514173190632,-0.5286687177369546,-0.5807436554639964,1.8969331857761638,-0.8277427450738853,False,False,
E216D,-0.3701217299823967,0.1359855541726992,0.4070399693967048,-0.5782219348794878,-0.0554637726887742,-0.2941213529012249,0.146775768719427,-1.2503802519997107,-0.367513532146673,-0.4381984183829847,1.7521698831760393,-0.4197838207160407,False,False,
S86Y,-0.7758640955561532,-0.1315989233929348,-1.9058532592209352,-1.3266973673980702,-0.9073697177295352,0.3101961561454209,0.9540424966762736,-1.1311844801631186,-1.4473958407060323,-2.0787257887825983,1.6333974866794858,1.4130751148047092,False,False,
E22Y,-1.7941642456971072,-1.355468910947229,0.0926070050974501,-1.906247284907705,-0.810247470282561,-0.5885918404352126,-0.3669394217985668,-0.7616123389922016,-0.8797851004371057,-0.6963173891041912,2.0730266116251674,0.0827742745073907,True,False,-2.0
E22L,-1.4936953495401053,0.2061716466489312,0.0037405125498226,-2.059950996888039,-0.0868824844691526,-0.2518458098246939,0.6574331307224339,0.1999937876391641,-1.9563270910989152,-0.5820250970891725,1.9038842420596773,-0.4966456470443308,False,False,
E46I,-0.365458726569838,-0.0131598923392934,0.3313570132448641,-1.7302898725800917,-1.3708977866779082,0.6514910211525318,0.6176813600275871,-0.5046340282683531,-1.105126475067787,-2.3267956341559883,0.9858411129052331,0.7686182632828967,False,False,
K229M,-0.4792189739084511,1.1668437874173558,0.4882311187456374,-1.760477837566435,-1.138269079990256,-0.6513780307994617,-0.0122313140599532,0.0602537341715569,-1.7414261316959547,-0.5773031224811115,0.584392427545806,-0.2719726162385608,False,False,
H142W,-1.2678750032223025,-0.5132358012324459,-0.0067025109531704,-2.0005296413189853,-1.2314002415504,-0.5093703575766535,-1.6114756273987072,-0.5771162333701102,-0.5832054332366966,-0.6136352058083887,1.8851466120780327,1.448549803879304,False,False,
E22K,-1.4444876771336168,-1.114204218060182,-0.4812538236657141,0.1150161027158475,-0.5731101539130227,-0.0198095989200528,-0.7522258146870592,-1.716664082945067,-0.0653116686848725,-1.0672568403646805,1.1428946889341784,0.8395676414320863,True,False,-1.0
R40P,-0.667307905250258,1.0220849716851277,0.7414634001173244,-0.7841929008479973,-2.488153860957131,-0.5968566520159767,0.1834697108992834,-0.5753663031345834,-1.00026228954152,-2.0944252796332457,1.2974297663096768,-0.0236497927163954,True,True,3.8
K126M,-2.455671464070943,0.8729395251731346,-0.4629865166138024,-0.2654064982389402,0.284482348304239,-2.115342105947416,0.4739634198231488,-0.2341820161061178,-0.2095558188604765,-1.3977141939019428,1.2454479541025338,-0.378396683462347,False,False,
S86M,-0.8564242985338579,0.6667678785242033,-0.0443634022070397,-1.080317249801813,0.1949147824107489,-0.2606692209373087,0.2385106241690687,0.2916328780492239,-1.1230305932546605,-0.912188911636154,1.9479075985219279,-1.1056278094915484,False,False,
D222Y,-0.7639333605321257,-0.9782186638874824,-0.2531524792417463,-0.6997367312974527,-0.4969760276914889,-2.354808762564944,-1.382138488774601,-1.933208016778394,-0.5893030206656253,-1.0233757920321416,1.3913193961101753,0.44934606161154,False,False,
D88Y,-2.1856545216232477,-0.851006371274312,0.9240738084721796,-0.8427943144095732,-0.7784771457863475,-1.996722085959332,-2.369817099115744,0.284690280269329,-0.8184027338903719,-1.0687568520756634,0.5448016287136216,-0.407958924357843,False,False,
N232F,-2.4850817126856892,0.7501138633397287,-0.1516261387366076,-2.2335889804522,0.6567001134219904,-3.1682598223078533,-1.553376885613935,-0.6796049222625842,-1.01927004177762,0.1031393988461735,2.182732412969312,-1.3007385994018223,False,False,
R195F,-0.683659323904794,2.443353344328824,-0.0542893467442942,-1.815062445009717,-0.8999357875077867,0.2817907942801868,1.3393288895647677,-1.1144168158243466,-1.9169278880946856,0.039320511689212,0.6962137677588459,-2.388629064356073,False,False,
D88L,-3.175386724105272,-0.0219331538988224,1.6690749802109432,-1.2687578815999374,-0.6487070659641148,-2.624477907302736,-2.1802317311864847,-0.0482567117033168,-1.2968884769779627,-0.5138223196125854,1.5934037280627502,0.1182489635819855,True,False,-2.0
E31R,-0.0934900067304922,-2.1275159281857805,-2.1489144195049588,0.5749068509870474,-1.8149953818441735,0.3096853571705401,-1.5289142574940284,-0.4338486580935884,0.0143969655022871,-1.5425379484791688,1.8148301296737968,-1.23570166943173,False,False,
K126I,-2.3741090272194194,0.8729395251731346,0.323923154592395,-1.5361072491438958,0.0271492948376577,-1.904968758081251,0.1192553120845335,0.52604556103202,-0.7050108756925609,-1.314527994034392,1.7694971539117537,0.0709493781491913,True,True,2.5
R153V,-2.9721624414592616,2.4652864982276466,-1.0556231209793374,-2.148529470557908,-0.9696548699541548,-2.486788323595266,1.0090834099460622,-2.3864353766732984,-1.897909256803093,-1.6038191178873846,0.886108566228738,0.478908302507036,False,False,
R195W,-1.081204336144626,1.526547511358045,-0.5504263221429063,-1.8138709433664584,-0.6848091317304403,-0.2724804050682542,-0.3149563370437702,-0.333024095180552,-0.9452866798777624,0.9040581766364522,0.7235142931622097,-1.7205224201178633,False,False,
D222W,-0.5482826252902816,-0.8466197404945477,-0.5687064405717778,-1.0011866470418282,-0.3429797353040157,-1.9451124916011568,-1.93560544998744,-2.5887847077886397,-0.4813990156518069,-1.298132828076614,0.6653873442406566,-0.6740190924173066,False,False,
D241M,-2.64563816426551,0.7895935403576092,-0.6636054540929915,0.0,0.3727743681031603,-5.751322755365074,-2.83460703339393,-1.8795239882163532,-0.4987917611601363,-1.0045427859610427,0.7057840626419439,1.92154565820724,False,False,
S151A,-2.3670579218595176,0.7369539710004352,-0.7907563114279259,-0.0049370031541062,-1.6981187015700123,-3.0170069496692227,-1.470815515709256,-1.2376046464024664,-0.374809208159077,-1.4759140767261745,0.9083720943252082,-0.5971572660890163,False,False,
R195L,-1.0875528723938348,2.4565132366681173,0.5420854564230916,-1.7847983032709531,-1.1859718079417645,-0.9226836696881064,1.2720566622350322,-0.465947608955374,-1.1919480785865535,-1.550174673797816,0.7568592153338459,-3.565206251996812,True,False,-3.7
K126W,-2.0386584824030547,0.1666919696310506,0.0166970866404083,-2.235296228343368,0.8641976853949466,-1.7332246124670072,-0.125370969114511,-0.4216571254409806,-0.5353330685996861,-0.326328407924468,1.1578042009625837,-1.070153120416952,False,False,
E31F,-0.5257356213669089,-0.0263197846785869,-1.3535743605828034,-1.7787855438435465,-1.687924977687338,-0.1857134216678656,0.642143988147492,-2.445494244686106,-1.720378938570929,-3.4191901440364845,1.138260651411836,-0.6976688851337021,False,False,
D169M,-4.121068764962651,0.1798518619703443,0.039088250800733,-0.7892594133114591,-0.0196998124123295,-2.1494615400386454,-2.513535039320184,-1.551327291723784,-0.4067227415863297,-0.1041255061871253,0.6005108189278658,-0.4197838207160407,False,False,
D169L,-4.061860630555881,0.1052791387143478,-0.149260452021718,-2.114927157796971,-0.32518981178605,-4.363533234883044,-2.4248580123855312,-0.1453064063274818,-1.0378345631615808,0.4486823507815868,0.657025928711213,-0.7981805041783894,True,False,-10.0
D88F,-3.265478947614462,-0.0482529385774094,-0.2808134512398298,-1.037711094023406,-1.0984708756214063,-3.3940158975803434,-3.0394815438981313,-0.4080153228379849,-0.7257942846664339,-2.272250993473437,1.1071320080552332,-0.8277427450738853,False,False,
A219P,-0.8655000727142769,-1.1975502028757072,-0.3663611641587425,1.8808954493898349,-0.6339482163230716,-2.970108648078955,-2.856011832998844,-1.1259298317722528,1.423589053033142,-0.7643851494755148,0.6559177893036964,-2.3590668234605765,False,False,
K126L,-2.380355534086711,0.8597796328338412,-1.4922668746983505,-2.111074038916138,-1.2179546986337193,-1.9944267857934548,0.1773540538693059,-1.5938800551539494,-0.9408332793686188,-2.2142722368254715,0.882179708329361,-0.6621941960591089,False,False,
