mut,e_hbonds_s,hbonds_unsat_s,rmsf_bb_s,score_sc_s,hpsasa_s,e_hbonds_r,hbonds_unsat_r,rmsf_bb_r,score_sc_r,hpsasa_r,saltb_p,capcount,helicity,disulfide,foldx,exp_tested,stabilizing,dtm
R459W,-0.09,0.97,1.49,-1.58,3.7,2.08,1.42,1.66,-0.02,-0.29,-0.18,0.0,0.0,0.0,2.01,False,False,
D525W,2.12,-0.54,-1.12,1.47,2.54,1.3,2.05,-0.69,1.77,-0.15,0.23,0.0,0.0,0.0,3.88,False,False,
R338L,3.33,-1.04,0.9,-0.68,-1.91,1.76,1.63,1.23,-0.89,2.67,1.09,0.0,0.0,0.0,4.33,False,False,
A435E,1.15,-0.28,0.79,-0.8,-0.5,3.83,1.39,1.0,0.21,-0.86,2.01,0.0,0.0,0.0,2.64,True,True,1.75
S361W,2.34,0.13,-1.04,1.61,1.02,0.72,0.63,-0.85,1.75,0.0,1.63,0.0,0.0,0.0,2.26,False,False,
L225Y,1.61,0.08,0.38,-0.24,-2.03,1.92,1.68,0.61,-0.08,2.62,0.97,0.0,0.0,0.0,1.99,False,False,
K522H,1.0,-0.42,-1.4,1.52,1.77,1.89,2.47,-1.06,1.81,0.27,1.24,0.0,-1.62,0.0,3.44,False,False,
D525Y,1.96,-1.95,0.64,-0.74,2.26,0.84,2.73,0.55,-0.86,0.27,1.64,0.0,0.0,0.0,2.67,False,False,
E521M,1.89,-0.27,-0.01,-0.09,2.76,2.09,0.84,0.05,0.01,0.26,-0.98,0.0,0.65,0.0,2.67,False,False,
A430H,3.31,-0.5,0.71,-0.7,-0.06,0.64,0.95,0.52,-0.89,0.0,3.0,0.0,0.0,0.0,2.46,False,False,
G463E,1.52,-0.11,0.67,-0.55,0.08,0.38,1.63,0.72,-0.86,-0.25,3.24,0.0,0.0,0.0,1.17,True,False,
A384W,1.13,-1.22,-1.99,1.69,-2.13,1.09,1.42,-0.21,1.78,3.46,1.47,0.0,0.0,0.0,1.87,False,False,
A526F,1.81,-2.16,0.58,-0.62,1.57,2.36,2.0,0.49,-0.89,-0.07,1.19,0.0,0.0,0.0,2.83,False,False,
R277W,0.35,0.42,0.75,-0.78,-2.12,1.47,0.84,1.24,-0.9,3.73,1.24,0.0,0.0,0.0,7.13,False,False,
Q187M,1.0,1.02,-0.28,-0.12,1.22,2.34,0.89,-0.77,-0.16,0.23,0.82,0.0,0.0,0.0,1.21,False,False,
P505I,2.05,-0.89,0.7,-0.64,1.2,1.39,2.16,0.65,-0.86,0.27,0.13,0.0,0.0,0.0,1.38,False,False,
E253V,1.07,0.47,1.54,-1.26,0.63,1.02,1.68,1.27,-1.61,0.0,1.25,0.0,0.0,0.0,1.63,False,False,
S331H,1.94,-0.74,0.32,-0.06,-1.95,0.87,1.68,0.68,0.0,2.04,1.13,0.0,0.0,0.0,1.38,True,False,
D525T,1.55,-1.63,-0.91,1.62,0.1,1.82,1.31,-0.76,1.74,0.27,0.7,0.0,0.0,0.0,1.57,False,False,
G409A,0.45,0.42,1.45,-1.51,-0.15,0.44,-1.0,1.94,-0.69,-0.32,0.54,0.0,4.04,0.0,1.18,False,False,
N371S,1.91,-1.21,1.36,-1.54,0.51,3.95,1.21,1.28,0.0,-0.39,-1.52,0.0,0.0,0.0,1.74,False,False,
S331Y,1.51,-0.71,0.81,-0.84,-1.97,1.59,1.63,1.18,-0.89,1.99,1.24,0.0,0.0,0.0,1.56,False,False,
D525F,2.46,-1.49,0.7,-0.67,0.66,0.6,-0.03,1.22,0.08,-0.11,1.84,0.0,0.0,0.0,2.25,True,False,
P400W,1.61,-0.23,-1.08,1.61,0.69,-0.06,0.53,-0.44,1.78,0.0,0.86,0.0,0.0,0.0,3.97,False,False,
R459L,-0.68,-1.56,0.78,-0.71,3.08,1.29,1.24,0.93,0.82,-0.1,0.13,0.0,0.0,0.0,2.0,False,False,
D358Y,2.85,-2.22,1.36,-1.54,-0.07,3.11,-0.11,1.28,0.0,0.4,0.09,0.0,0.0,0.0,2.75,False,False,
D391Y,2.54,1.24,1.34,-1.51,1.56,0.61,-1.26,1.0,-1.78,1.95,-0.54,0.0,0.0,0.0,2.02,False,False,
G327F,3.18,0.11,0.72,-0.54,-0.41,1.07,0.26,0.56,-0.01,0.0,0.21,0.0,0.0,0.0,1.34,False,False,
N445I,1.7,0.08,0.02,0.18,0.85,2.71,0.0,-0.05,0.01,0.0,-0.56,0.0,0.0,0.0,1.22,False,False,
D358L,1.79,-1.22,-1.01,1.51,-0.51,1.45,-0.32,-0.83,1.94,0.65,1.45,0.0,0.0,0.0,1.22,False,False,
A526H,0.51,0.79,-0.03,0.18,0.56,0.52,2.16,-0.19,-0.08,0.14,0.34,0.0,0.0,0.0,2.95,False,False,
A436W,1.37,-0.12,0.1,-0.17,0.83,1.53,0.42,0.21,0.0,0.0,0.64,0.0,0.0,0.0,1.52,False,False,
R497Y,1.3,-0.32,0.65,-0.64,1.74,1.49,2.6,0.69,-0.86,0.27,-2.12,0.0,0.0,0.0,5.25,True,False,
R302D,-0.53,1.22,0.81,-0.66,0.51,-0.22,-0.29,0.61,-0.83,0.0,4.09,0.0,0.0,0.0,1.67,True,False,
G327R,2.14,-0.5,-1.03,1.56,0.66,0.26,0.47,-0.91,1.78,0.0,0.27,0.0,0.0,0.0,2.22,False,False,
E253Y,-0.4,-0.47,1.51,-1.31,0.11,2.08,1.63,1.26,-0.79,0.09,0.98,0.0,0.0,0.0,1.88,True,False,
S421V,1.27,-0.96,0.06,-0.04,0.58,1.33,2.16,0.22,0.01,0.17,-0.11,0.0,0.0,0.0,1.37,False,False,
N371L,2.49,0.63,0.67,-0.53,0.35,1.44,-0.66,0.44,-0.01,0.0,-0.21,0.0,0.0,0.0,2.29,True,False,
D358W,1.34,-0.16,0.74,-0.74,-0.04,0.28,-0.13,0.88,0.0,0.29,1.95,0.0,0.0,0.0,2.83,False,False,
K372Y,-0.13,0.36,0.73,-0.57,0.48,0.85,0.0,1.16,-0.64,2.19,-0.04,0.0,0.0,0.0,1.15,False,False,
A428V,2.77,0.4,1.34,-1.51,0.03,1.4,-1.0,1.0,-1.78,0.0,1.7,0.0,0.0,0.0,1.28,False,False,
A436L,0.86,-1.38,0.71,-0.72,0.41,0.9,-0.21,1.18,-0.35,0.02,2.95,0.0,0.0,0.0,1.71,False,False,
R497W,2.26,-1.16,0.69,-0.6,0.13,3.09,1.29,0.64,-0.86,0.25,-1.39,0.0,0.0,0.0,7.09,False,False,
H185Y,-1.02,-0.12,-0.03,0.1,0.35,2.36,1.52,-0.19,0.91,0.95,-0.54,0.0,0.0,0.0,3.04,True,True,0.5
Q334F,0.94,0.53,0.94,-0.8,-1.24,2.69,2.42,0.96,-0.91,-1.28,0.01,0.0,0.0,0.0,1.44,False,False,
R207H,1.31,1.02,1.29,-1.41,-0.8,0.89,1.16,1.05,-1.69,0.62,0.81,0.0,0.0,0.0,2.18,False,False,
H287L,0.57,-1.12,1.36,-1.54,0.5,1.25,-0.11,1.28,0.0,1.16,0.9,0.0,0.0,0.0,1.36,False,False,
S331L,0.74,0.52,0.95,-0.74,-0.43,0.53,0.29,1.38,-0.93,0.26,1.69,0.0,0.0,0.0,2.08,False,False,
R297I,0.02,0.6,1.62,-1.49,-1.57,2.22,0.05,1.8,0.0,-0.93,1.88,0.0,0.0,0.0,2.58,False,False,
N461T,0.62,-1.43,1.39,-1.37,-0.43,2.77,2.52,1.3,-1.74,0.12,0.45,0.0,0.0,0.0,1.23,False,False,
G404R,-0.19,1.02,0.69,-0.69,-0.27,1.76,0.32,0.96,-0.02,-0.04,0.64,0.0,0.0,0.0,1.73,False,False,
R250V,-0.57,0.7,-1.49,1.35,-0.49,1.65,1.42,-1.08,1.72,0.35,0.56,0.0,0.0,0.0,2.2,False,False,
S162P,0.41,-0.34,0.73,-0.7,1.14,0.94,1.92,0.43,-0.88,0.23,0.24,0.0,0.0,0.0,3.02,False,False,
D446M,-0.38,0.49,0.74,-0.75,0.0,2.49,1.39,0.94,0.09,-0.13,-0.8,0.0,0.0,0.0,1.2,False,False,
R112Y,1.63,-2.03,1.51,-1.5,1.02,0.36,0.37,1.25,-0.59,0.0,2.06,0.0,0.0,0.0,2.66,False,False,
Q334Y,2.04,-1.46,0.68,-0.74,-0.19,2.75,0.11,0.6,0.3,0.57,-0.58,0.0,0.0,0.0,1.14,True,False,
A430Y,1.32,0.33,0.73,-0.69,2.04,0.01,0.13,0.56,-0.89,0.0,0.53,0.0,0.0,0.0,4.01,False,False,
P400L,1.74,0.83,0.78,-0.75,-0.21,0.55,-0.05,0.52,-0.89,0.0,1.49,0.0,0.0,0.0,1.65,False,False,
N445P,-0.5,1.95,0.77,-0.77,0.11,0.86,0.32,0.96,-0.02,-0.1,0.42,0.0,0.0,0.0,1.91,False,False,
A487Q,1.71,0.45,0.63,-0.76,2.8,2.64,-0.29,1.04,-0.59,-3.89,0.22,0.0,0.0,0.0,1.42,True,False,
R401K,1.9,-0.29,1.36,-1.54,0.35,0.99,0.95,1.28,0.0,0.22,-1.34,0.0,0.0,0.0,1.35,False,False,
S421W,1.32,-0.59,1.39,-1.37,1.63,0.9,1.21,1.3,-1.74,0.27,-0.45,0.0,0.0,0.0,2.59,True,False,
G404W,1.0,-1.17,1.54,-1.28,2.52,0.28,0.79,1.6,-1.77,0.0,0.36,0.0,0.0,0.0,2.43,False,False,
D167R,0.8,-1.17,0.88,-0.77,-0.4,1.73,0.55,0.89,-0.52,0.03,1.83,0.0,0.0,0.0,1.48,False,False,
E205T,-1.19,0.55,-1.25,1.29,0.29,0.58,1.1,-1.12,1.76,0.28,1.54,0.0,0.0,0.0,1.39,False,False,
H185G,0.62,0.17,1.58,-1.25,-0.31,-0.04,1.21,2.1,-1.44,-0.06,1.25,0.0,0.0,0.0,1.42,True,False,
A419F,1.87,-1.3,0.67,-0.67,-0.91,1.23,1.58,0.87,-0.89,2.08,-0.72,0.0,0.0,0.0,1.99,False,False,
P298W,0.63,-0.84,0.3,-0.09,-1.86,1.05,1.58,0.56,0.0,1.12,1.33,0.0,0.0,0.0,2.36,True,False,
L255W,0.6,-0.9,0.91,-0.67,-2.6,0.78,1.34,1.34,-0.89,4.17,-0.33,0.0,0.0,0.0,1.57,False,False,
N22W,-0.37,0.31,0.5,-0.64,1.95,0.98,-0.53,0.28,0.0,0.0,1.24,0.0,0.0,0.0,1.82,False,False,
E261F,1.71,-0.82,0.26,-0.09,-1.43,1.45,1.52,0.59,0.0,2.61,-2.08,0.0,0.0,0.0,3.65,False,False,
G404M,0.6,-0.09,0.73,-0.71,-0.21,1.78,0.89,0.62,0.22,-0.04,-0.1,0.0,0.0,0.0,2.9,False,False,
Q128P,0.9,0.27,0.27,-0.15,0.73,1.05,-0.58,-0.12,0.75,0.0,0.48,0.0,0.0,0.0,1.36,False,False,
V392I,0.97,0.72,-0.19,-0.07,2.06,-0.36,-0.32,-0.6,-0.06,0.23,1.24,0.0,0.0,0.0,1.12,False,False,
R332K,1.62,-0.22,-1.45,1.42,-1.59,1.37,0.74,-1.95,1.77,1.52,0.38,0.0,0.0,0.0,1.28,False,False,
G327S,4.14,-1.69,0.7,-0.53,0.28,2.01,-1.21,0.62,-0.01,0.0,-0.71,0.0,0.0,0.0,1.23,True,False,
D446K,0.13,-0.34,-1.9,0.96,2.75,2.09,-0.37,-1.9,1.77,0.0,0.38,0.0,0.0,0.0,1.36,True,False,
Q256W,-0.49,0.17,-0.02,0.16,-0.59,0.64,1.37,0.18,0.0,0.35,1.74,0.0,0.0,0.0,1.84,False,False,
D285L,1.45,0.55,0.81,-0.75,-1.04,1.77,0.81,1.07,-0.89,0.58,-0.89,0.0,0.0,0.0,2.26,False,False,
S398W,1.47,-1.26,1.54,-1.28,-1.35,2.53,1.05,1.6,-1.77,0.0,0.9,0.0,0.0,0.0,1.72,True,False,
A487S,1.58,0.29,-1.59,1.68,0.33,0.65,-0.68,-2.18,2.49,-0.42,1.22,0.0,0.0,0.0,1.42,False,False,
G327Q,2.35,-0.86,0.73,-0.66,-0.33,1.64,0.32,0.55,-0.89,0.0,0.49,0.0,0.0,0.0,1.78,False,False,
T347H,1.64,-1.09,-0.01,0.12,0.51,1.1,0.05,-0.01,1.13,0.11,-0.2,0.0,0.0,0.0,1.5,True,False,
Q334H,1.04,-1.76,0.15,0.0,0.28,1.57,-1.05,0.17,0.34,0.13,2.45,0.0,0.0,0.0,2.32,False,False,
A419Y,2.9,-1.29,0.13,0.1,-0.41,0.73,0.11,0.11,0.0,0.14,0.79,0.0,0.0,0.0,1.4,True,True,1.5
H415M,0.82,0.96,-1.74,1.67,0.73,-0.08,0.05,-1.47,2.45,-0.1,-0.05,0.0,0.0,0.0,1.54,False,False,
R302W,-1.54,0.37,-1.4,1.57,-0.35,0.46,0.37,-1.44,2.64,2.48,0.05,0.0,0.0,0.0,3.84,False,False,
P400N,1.17,0.03,0.72,-0.77,0.45,0.82,-0.16,0.5,-0.89,0.0,1.33,0.0,0.0,0.0,2.27,False,False,
A436I,-0.78,0.23,0.7,-0.81,0.51,0.21,1.31,0.57,-0.02,-0.15,1.42,0.0,0.0,0.0,1.47,False,False,
A436F,1.27,-0.17,1.45,-1.51,3.16,2.32,0.05,1.94,-0.69,-5.8,1.16,0.0,0.0,0.0,3.1,False,False,
N445F,0.14,0.34,1.54,-1.28,0.59,2.16,-1.31,1.6,-1.77,0.0,1.16,0.0,0.0,0.0,1.68,False,False,
G327Y,2.09,0.91,1.34,-1.51,0.62,0.28,0.84,1.0,-1.78,0.0,-0.63,0.0,0.0,0.0,2.45,False,False,
D385K,0.87,-0.82,0.71,-0.7,0.11,1.83,0.97,0.42,-0.89,0.38,0.28,0.0,0.0,0.0,2.04,False,False,
K235V,0.32,-0.1,0.85,-0.78,-1.57,1.53,1.63,1.0,-0.89,0.82,0.32,0.0,0.0,0.0,1.53,False,False,
N461Q,1.35,-0.06,0.74,-0.66,-0.24,1.16,-0.21,1.13,0.08,0.02,-0.18,0.0,0.0,0.0,1.18,False,False,
H164M,0.19,-1.01,0.63,-0.78,1.71,0.72,0.05,0.25,-0.89,0.23,2.01,0.0,0.0,0.0,1.96,False,False,
Q438H,0.55,-0.42,0.75,-0.83,-0.27,0.37,0.84,0.8,-0.02,-0.01,1.35,0.0,0.0,0.0,1.71,False,False,
E261T,1.73,-0.76,1.03,-0.71,-1.38,1.86,1.68,1.3,-0.89,0.14,-0.9,0.0,0.0,0.0,2.22,False,False,
H185I,-0.01,0.91,0.79,-0.57,0.37,0.02,-0.26,1.1,-0.73,0.0,1.48,0.0,0.0,0.0,2.18,False,False,
A428F,1.73,-1.43,0.72,-0.68,0.37,0.87,0.66,0.53,0.04,0.38,-0.1,0.0,0.0,0.0,1.6,False,False,
K522F,1.65,-1.51,1.39,-1.37,0.25,2.07,0.95,1.3,-1.74,0.23,0.98,0.0,-1.13,0.0,3.36,False,False,
A435M,0.49,0.07,0.0,0.01,0.52,-0.11,0.05,0.34,-0.18,0.42,1.41,0.0,0.0,0.0,1.49,False,False,
R411I,2.64,0.57,-1.13,1.51,1.35,-0.1,-0.26,-1.27,1.75,0.0,-1.22,0.0,-0.81,0.0,1.15,False,False,
S247A,0.31,-0.64,-1.26,1.27,0.3,1.31,0.74,-1.11,1.72,0.23,0.14,0.0,0.0,0.0,1.47,False,False,
S162V,0.23,-1.33,-1.54,1.49,0.37,0.7,1.1,-1.71,1.72,0.23,1.74,0.0,0.0,0.0,1.42,False,False,
I73V,1.71,-0.55,0.64,-0.72,0.48,1.15,-0.89,0.35,0.28,-0.09,0.63,0.0,0.0,0.0,2.73,True,True,4.0
L517W,0.97,-0.44,0.74,-0.62,0.08,1.67,1.26,0.79,-0.86,0.25,0.47,0.0,-1.33,0.0,1.27,False,False,
P154W,1.74,-0.77,1.51,-1.5,-0.45,1.58,-0.42,1.25,-0.59,0.0,0.63,0.0,0.0,0.0,1.76,False,False,
D358F,1.5,-1.52,0.71,-0.77,0.04,0.92,0.11,0.69,0.17,0.46,0.64,0.0,0.0,0.0,2.4,False,False,
D525S,1.53,-0.42,1.45,-1.51,0.3,0.92,0.05,1.94,-0.69,-0.26,-0.36,0.0,0.0,0.0,2.01,False,False,
T460K,0.23,-0.57,1.62,-1.49,-1.28,2.08,0.05,1.8,0.0,-0.04,0.54,0.0,0.0,0.0,1.21,True,False,
D385L,1.26,-0.13,-1.33,1.82,-0.2,0.12,0.21,-1.44,1.78,0.0,0.84,0.0,0.0,0.0,1.65,False,False,
T414V,0.8,0.73,0.67,-0.79,-0.46,1.1,1.95,0.48,-1.12,0.6,-1.05,0.0,0.0,0.0,1.79,False,False,
A430I,1.17,0.81,0.08,0.15,0.78,-0.24,-0.63,0.25,-0.01,0.0,0.52,0.0,0.0,0.0,1.58,True,False,
N107S,0.97,0.44,1.29,-1.41,-0.49,0.43,0.11,1.05,-1.69,0.62,1.52,0.0,0.0,0.0,1.41,False,False,
S247W,0.9,-1.01,0.09,-0.2,-0.1,0.76,2.58,-0.08,0.0,0.23,-0.32,0.0,0.0,0.0,2.83,False,False,
S331N,1.57,-0.54,-0.05,0.04,-1.93,1.55,1.58,0.28,0.0,1.25,-0.91,0.0,0.0,0.0,1.71,False,False,
D358I,1.94,-1.04,-1.23,1.62,-0.73,0.74,-0.89,-0.76,0.0,0.62,2.54,0.0,0.0,0.0,1.37,False,False,
H354Y,1.94,0.96,0.75,-0.74,0.75,0.3,-1.16,0.53,-0.89,0.0,0.37,0.0,0.0,0.0,2.46,False,False,
K372H,0.51,0.72,1.31,-1.24,0.02,-1.56,0.11,1.07,-0.01,0.0,1.88,0.0,0.0,0.0,1.15,False,False,
S162Y,2.0,-1.62,0.63,-0.78,0.07,0.83,1.58,0.16,-0.88,0.17,0.63,0.0,0.0,0.0,1.12,False,False,
S421L,1.28,-0.08,1.45,-1.51,1.92,0.22,0.05,1.94,-0.69,-0.74,-1.07,0.0,0.0,0.0,1.29,False,False,
D167M,1.33,-0.32,1.62,-1.49,-1.45,1.5,0.05,1.8,0.0,-1.0,0.72,0.0,0.0,0.0,1.45,False,False,
N188M,-0.76,1.64,1.54,-1.26,0.02,-0.25,0.63,1.27,-1.61,0.0,1.52,0.0,0.0,0.0,1.29,True,False,
A435W,0.41,0.6,0.69,-0.59,-0.99,-0.23,0.0,1.05,-0.66,1.04,1.41,0.0,0.0,0.0,1.67,False,False,
H164L,1.42,-0.5,1.46,-1.45,0.0,1.79,-0.89,1.08,-1.77,0.22,1.34,0.0,0.0,0.0,2.23,False,False,
S480P,0.43,-0.67,0.78,-0.73,1.83,1.44,0.63,0.75,-0.86,-0.65,-0.27,0.0,0.0,0.0,1.86,False,False,
A428K,1.97,-1.91,0.73,-0.78,-0.03,2.51,0.13,0.61,0.18,0.26,-0.99,0.0,0.0,0.0,1.26,False,False,
R411L,1.7,0.71,0.77,-0.62,0.59,-0.36,0.03,0.49,-0.9,0.0,0.03,0.0,0.2,0.0,1.65,False,False,
T254I,-0.45,0.39,0.67,-0.73,-1.41,1.53,-0.32,0.45,0.0,2.33,0.13,0.0,0.0,0.0,1.13,False,False,
P420W,0.95,1.64,0.71,-0.58,-0.73,0.63,0.0,1.0,-0.8,-0.05,-0.18,0.0,0.0,0.0,1.56,False,False,
R220L,-1.87,-1.22,1.51,-1.48,2.87,0.35,0.0,1.39,0.0,1.75,-0.72,0.0,0.0,0.0,2.95,False,False,
V221H,0.52,-0.74,-1.68,1.24,0.95,1.62,0.21,-1.99,1.67,0.13,0.64,0.0,0.0,0.0,1.52,False,False,
R489Y,0.01,1.23,0.74,-0.68,0.29,0.68,0.0,1.08,0.08,-0.05,-0.83,0.0,0.0,0.0,2.31,True,False,
R277M,1.26,-1.02,0.85,-0.73,-1.61,0.65,1.6,1.14,-0.89,0.83,0.46,0.0,0.0,0.0,2.07,False,False,
D446V,1.12,-2.78,0.7,-0.61,-0.52,2.42,1.73,0.6,-0.88,0.0,0.71,0.0,0.0,0.0,2.18,False,False,
R277I,-0.5,0.13,-1.51,1.38,-1.53,0.54,1.37,-0.97,1.72,1.09,0.77,0.0,0.0,0.0,2.65,False,False,
H74L,1.2,-2.1,1.46,-1.45,0.61,1.47,1.47,1.08,-1.77,0.23,0.27,0.0,0.0,0.0,1.99,False,False,
A430R,1.24,0.81,-1.13,1.53,0.54,-1.28,-0.95,-1.21,0.12,0.0,2.81,0.0,0.0,0.0,1.76,False,False,
K380M,0.13,-0.3,0.73,-0.78,0.03,0.69,1.42,0.9,-0.02,-0.1,-0.24,0.0,0.0,0.0,1.3,False,False,
G463W,0.16,0.42,1.45,-1.51,0.58,0.98,-0.74,1.94,-0.69,-0.78,0.63,0.0,0.0,0.0,1.27,False,False,
A152H,-1.3,2.25,1.51,-1.5,1.09,-0.2,-0.68,1.25,-0.59,0.0,0.63,0.0,0.0,0.0,2.67,True,False,
S365V,-0.05,1.07,0.16,0.08,0.86,-0.37,-0.05,0.12,-0.01,0.0,0.63,0.0,0.0,0.0,1.25,False,False,
D446F,-0.53,1.01,-0.07,0.16,-0.12,-0.19,0.0,0.21,0.25,1.48,0.23,0.0,0.0,0.0,1.22,False,False,
T317D,0.02,-0.81,1.51,-1.31,0.4,0.08,0.84,1.26,-0.79,-0.06,1.25,0.0,0.0,0.0,4.27,False,False,
R497L,0.98,-0.42,0.68,-0.7,-0.34,1.3,1.29,0.51,-0.86,0.21,-0.24,0.0,0.0,0.0,2.06,False,False,
S162K,0.25,-1.17,-1.12,1.29,0.94,0.68,-0.68,-0.74,1.78,0.23,0.95,0.0,0.0,0.0,1.37,False,False,
H164R,0.8,-0.08,-0.01,-0.04,0.51,0.96,0.26,-0.27,0.01,0.13,0.13,0.0,0.0,0.0,1.87,True,False,
R27W,1.28,0.76,0.75,-0.78,0.02,0.38,0.34,0.66,-0.89,-1.04,0.9,0.0,0.0,0.0,1.88,False,False,
D142R,0.11,-1.08,0.77,-0.79,1.12,1.75,-0.26,0.48,-1.0,0.23,1.05,0.0,0.0,0.0,1.96,True,False,
S502A,1.31,-0.17,1.39,-1.37,-0.12,1.3,0.68,1.3,-1.74,0.23,-0.45,0.0,0.0,0.0,1.79,False,False,
P400Q,1.78,0.35,-1.17,1.54,0.45,-1.03,0.16,-1.04,1.78,0.0,-0.48,0.0,0.0,0.0,2.42,False,False,
A436M,1.55,-0.38,0.83,-0.56,1.0,0.29,-0.68,0.84,-0.88,0.0,0.3,0.0,0.0,0.0,1.12,False,False,
A526L,1.44,-0.52,-1.52,1.51,0.2,0.45,0.63,-1.62,1.81,0.27,-0.38,0.0,0.0,0.0,1.46,False,False,
S308Q,-0.44,0.47,-1.25,1.24,-0.45,0.69,0.68,-0.85,1.8,0.35,0.04,0.0,0.0,0.0,1.85,False,False,
G158S,1.0,0.18,0.7,-0.7,1.21,-0.19,-1.16,0.24,-0.58,0.0,1.58,0.0,0.0,0.0,1.13,True,True,0.75
D391I,2.7,-1.1,0.73,-0.65,1.98,-0.17,-0.08,0.47,-0.89,0.0,-0.73,0.0,0.0,0.0,1.69,False,False,
T72F,-0.63,-1.14,1.06,-1.24,0.63,0.98,0.05,0.75,0.0,0.0,1.79,0.0,0.0,0.0,2.09,False,False,
R459Y,-0.28,0.54,0.17,0.18,0.13,-0.14,0.05,0.31,0.12,0.19,0.98,0.0,0.0,0.0,1.75,False,False,
K380H,-0.58,-0.7,1.49,-1.58,-0.81,1.7,1.42,1.66,-0.02,-0.15,-0.18,0.0,0.0,0.0,1.64,False,False,
Q187P,0.34,-1.05,0.73,-0.68,0.92,1.0,0.63,0.44,-0.88,0.23,0.56,0.0,0.0,0.0,3.65,False,False,
H185E,-0.02,0.77,0.62,-0.75,-0.51,0.04,0.5,0.5,-0.82,0.61,1.24,0.0,0.0,0.0,1.21,False,False,
N461R,1.53,-0.66,0.72,-0.83,0.97,0.23,0.05,1.02,-0.5,0.02,-0.37,0.0,0.0,0.0,1.21,False,False,
S340W,1.69,-2.06,-1.15,1.61,-0.13,0.22,-0.16,-0.82,1.87,-0.06,1.07,0.0,0.0,0.0,2.91,False,False,
S247K,0.45,-1.5,0.7,-0.67,1.12,1.41,0.89,0.5,-0.89,0.2,-0.14,0.0,0.0,0.0,1.82,False,False,
H354M,1.29,-0.62,1.31,-1.24,0.34,-0.21,0.11,1.07,-0.01,0.0,0.0,0.0,0.0,0.0,1.59,False,False,
A152R,1.09,-0.09,0.57,-0.7,0.88,0.37,0.53,0.21,-0.89,0.23,-0.18,0.0,0.0,0.0,1.38,True,False,
A152F,0.65,0.08,0.76,-0.73,0.18,0.92,-0.81,0.55,0.04,0.0,0.39,0.0,0.0,0.0,3.45,False,False,
A178M,0.41,1.07,0.68,-0.84,0.74,0.36,-0.42,0.41,-0.88,0.21,0.25,0.0,0.0,0.0,2.15,False,False,
D146K,0.31,0.71,0.8,-0.63,-0.5,-0.04,0.58,1.17,-0.74,-0.09,0.42,0.0,0.0,0.0,1.27,True,False,
P223W,-0.14,-0.67,-1.23,1.44,-0.33,0.94,0.74,-0.33,1.83,0.22,-0.48,0.0,0.0,0.0,2.25,False,False,
S247V,1.01,0.08,0.09,-0.04,1.55,0.72,-1.42,0.08,0.39,-1.67,1.18,0.0,0.0,0.0,2.22,False,False,
T414K,-0.01,0.03,1.51,-1.48,-0.79,-1.09,0.26,1.39,0.0,0.62,1.52,0.0,0.0,0.0,2.25,True,True,1.25
T254F,0.32,0.44,1.29,-1.41,-0.95,0.78,1.16,1.05,-1.69,0.62,0.36,0.0,0.0,0.0,1.23,False,False,
K328F,3.13,-1.36,-1.22,1.52,-0.42,0.12,0.0,-1.42,1.63,0.02,-0.04,0.0,0.0,0.0,1.12,False,False,
R338F,2.03,-2.05,0.14,0.03,0.02,2.43,-0.05,0.14,0.32,0.17,-1.22,0.0,0.0,0.0,5.49,False,False,
A419H,0.81,1.69,0.86,-0.75,-1.39,1.62,-1.58,0.82,-0.89,-0.36,1.13,0.0,0.0,0.0,3.29,False,False,
S365K,1.31,-0.03,0.66,-0.77,-0.4,-0.25,0.5,0.44,-0.89,0.0,1.36,0.0,0.0,0.0,1.42,True,False,
D385Q,0.9,0.51,0.71,-0.69,1.24,0.74,-0.89,0.49,-0.89,0.0,-0.19,0.0,0.0,0.0,1.63,False,False,
A436H,0.32,0.65,-1.63,1.7,0.57,-0.04,0.05,-1.07,1.55,0.02,-0.21,0.0,0.0,0.0,3.14,False,False,
R459F,-0.7,0.38,0.67,-0.56,2.15,0.27,-0.5,0.69,-0.92,-0.79,1.19,0.0,0.0,0.0,1.93,False,False,
R277L,0.14,-0.88,0.89,-0.7,-2.24,0.86,1.63,1.2,-0.89,2.16,-0.29,0.0,0.0,0.0,2.6,False,False,
R297M,-0.53,1.58,0.8,-0.74,-2.04,0.39,0.03,0.86,0.02,0.75,0.76,0.0,0.0,0.0,1.55,False,False,
E261I,0.16,0.49,-1.29,1.44,-1.09,0.8,0.84,-1.14,1.78,1.0,-1.11,0.0,0.0,0.0,2.41,False,False,
E49Y,0.78,1.93,-0.03,-0.06,0.38,0.64,0.05,0.0,0.0,-0.84,-1.0,0.0,0.0,0.0,1.67,False,False,
E261A,0.44,0.65,0.92,-0.79,-2.57,0.48,0.29,1.2,-0.89,4.6,-2.48,0.0,0.0,0.0,2.56,False,False,
S331P,-0.56,1.66,0.31,-0.04,-2.57,2.67,-1.84,0.38,0.01,0.0,1.81,0.0,0.0,0.0,1.33,False,False,
E177W,0.1,-0.62,-1.7,1.2,0.94,0.96,0.53,-1.82,1.78,0.12,0.32,0.0,0.0,0.0,1.56,False,False,
N224W,-1.34,-0.02,-1.82,1.63,-0.48,1.42,0.0,-0.75,2.52,0.0,0.64,0.0,0.0,0.0,4.7,False,False,
P400E,1.88,0.54,-0.1,0.06,0.67,-1.18,-0.42,-0.27,0.01,0.0,0.61,0.0,0.0,0.0,2.08,False,False,
R332M,0.17,-0.44,1.65,-1.46,-3.36,0.21,0.89,1.97,-1.78,4.66,-0.72,0.0,0.0,0.0,1.79,False,False,
R302M,0.98,-0.17,0.76,-0.66,0.09,-0.46,0.08,0.75,-0.8,0.29,0.93,0.0,0.0,0.0,1.43,False,False,
A329H,-0.54,-0.64,-0.03,0.16,0.48,1.73,1.37,-0.16,-0.79,0.29,-0.07,0.0,0.0,0.0,1.65,True,False,
D391M,2.01,0.39,1.31,-1.24,0.18,0.54,-0.68,1.07,-0.01,0.0,-1.79,0.0,0.0,0.0,1.44,False,False,
R207M,0.33,-0.08,0.58,-0.7,-0.52,0.78,0.11,0.47,-0.84,0.62,0.99,0.0,0.0,0.0,2.78,True,False,
D323W,1.48,0.0,-1.46,1.14,-1.55,1.53,0.63,-1.25,1.48,-0.25,0.0,0.0,0.0,0.0,1.13,False,False,
T347F,1.03,-2.11,0.71,-0.81,-0.2,1.35,-0.11,0.71,0.0,0.31,0.86,0.0,0.0,0.0,1.62,False,False,
D525Q,1.5,-0.02,-0.09,0.02,1.88,0.02,0.05,0.3,0.7,-1.45,-1.18,0.0,0.0,0.0,1.84,False,False,
H74Y,-0.28,-2.01,1.46,-1.45,1.28,0.05,2.79,1.08,-1.77,0.11,0.45,0.0,0.0,0.0,2.17,True,True,2.75
Q87Y,-0.15,-0.03,-0.02,-0.15,0.55,0.15,-0.32,0.22,-0.47,0.0,1.93,0.0,0.0,0.0,4.67,False,False,
P400H,-0.39,1.07,0.66,-0.51,0.31,-1.58,-0.58,0.47,-0.01,0.0,2.27,0.0,0.0,0.0,1.96,False,False,
S365F,3.0,-0.81,0.75,-0.72,0.92,-0.38,0.13,0.52,-0.89,0.0,-0.84,0.0,0.0,0.0,1.33,False,False,
H185D,0.39,-1.38,0.79,-0.83,0.77,0.37,2.29,0.45,-0.89,0.23,-0.51,0.0,0.0,0.0,1.56,False,False,
S365L,0.85,1.24,1.34,-1.51,0.02,-0.2,-0.21,1.0,-1.78,0.0,0.9,0.0,0.0,0.0,1.94,False,False,
S365I,0.36,-0.69,-1.31,1.11,-0.5,0.33,0.0,-1.09,1.55,1.85,0.0,0.0,0.0,0.0,1.87,False,False,
T460M,0.28,-0.37,0.15,0.03,-0.61,0.55,0.0,-0.28,0.26,0.0,1.61,0.0,0.0,0.0,2.45,False,False,
E521W,0.57,-0.18,-1.53,1.86,0.59,1.1,0.84,-1.52,1.81,0.27,-1.84,0.0,-0.36,0.0,1.58,False,False,
D123W,0.25,-2.01,1.5,-1.56,1.11,0.42,0.53,1.94,-0.66,0.0,0.09,0.0,0.0,0.0,2.97,False,False,
A152W,0.57,0.23,1.51,-1.5,1.56,-0.22,-0.68,1.25,-0.59,0.0,-0.54,0.0,0.0,0.0,4.35,False,False,
A152N,0.48,0.07,1.51,-1.5,-0.22,1.02,0.11,1.25,-0.59,0.0,-0.54,0.0,0.0,0.0,1.68,True,False,
A430Q,4.04,0.23,1.34,-1.51,-0.72,-0.53,-2.31,1.0,-1.78,0.83,0.98,0.0,0.0,0.0,1.37,False,False,
T460I,-1.16,2.67,0.05,0.01,-1.64,-0.01,0.05,0.23,0.32,-0.19,1.24,0.0,0.0,0.0,1.29,False,False,
E261H,-0.59,1.67,0.71,-0.75,-1.13,2.76,0.26,0.61,-0.97,-0.01,-0.98,0.0,0.0,0.0,3.56,True,False,
P56W,1.62,-2.28,-1.22,1.61,-0.2,0.44,0.0,-0.85,1.69,0.0,0.75,0.0,0.0,0.0,1.82,True,False,
L429W,-0.44,1.01,1.45,-1.51,0.45,-0.6,0.05,1.94,-0.69,-0.12,0.0,0.0,0.0,0.0,1.81,False,False,
R222W,0.28,0.96,0.88,-0.83,-1.46,0.63,0.05,1.12,0.0,-0.2,0.08,0.0,0.0,0.0,6.25,False,False,
A242R,-0.12,1.06,0.87,-0.73,-2.75,-0.07,0.05,1.2,0.0,1.51,0.48,0.0,0.0,0.0,1.87,False,False,
S247M,-0.14,0.25,-0.05,-0.16,0.65,0.63,-0.16,-0.44,-0.03,0.23,0.72,0.0,0.0,0.0,2.99,False,False,
T460L,0.66,-0.08,1.58,-1.25,-0.19,-0.04,0.68,2.1,-1.44,0.02,-0.54,0.0,0.0,0.0,2.04,False,False,
E116W,0.14,-0.92,1.5,-1.56,0.83,-0.29,1.05,1.94,-0.66,-0.01,-0.54,0.0,0.0,0.0,2.8,False,False,
A408L,0.93,-2.22,0.96,-0.73,-0.88,0.91,1.55,1.26,-0.89,0.6,0.63,0.0,-0.65,0.0,1.14,True,False,
R489L,0.51,1.26,1.45,-1.51,0.05,1.08,-0.74,1.94,-0.69,-0.18,-1.7,0.0,0.0,0.0,2.19,False,False,
N371G,1.83,0.3,-1.39,1.59,0.46,-0.32,-0.47,-0.9,-0.01,0.0,0.38,0.0,0.0,0.0,1.29,True,False,
H415I,0.78,-0.87,0.76,-0.61,-0.45,1.59,0.05,0.8,-0.88,0.0,0.3,0.0,0.0,0.0,1.22,False,False,
E521Q,0.52,-0.87,0.8,-0.69,0.12,0.7,1.55,0.73,-0.87,0.27,-0.85,0.0,0.04,0.0,1.51,False,False,
A339M,-1.11,0.3,1.47,-1.55,0.12,0.24,0.0,2.02,-0.93,0.0,0.9,0.0,0.0,0.0,1.45,True,False,
G327T,0.65,-1.06,-0.04,0.09,0.49,0.05,-0.95,-0.44,-0.01,0.0,2.65,0.0,0.0,0.0,1.39,False,False,
K136W,0.21,-0.63,0.61,-0.6,-0.13,-0.04,1.1,1.16,-0.62,-0.05,0.44,0.0,0.0,0.0,2.52,False,False,
D146L,0.6,0.6,1.29,-1.41,-0.48,-0.14,1.16,1.05,-1.69,0.62,-0.18,0.0,0.0,0.0,1.33,False,False,
N461K,1.0,-0.42,1.45,-1.51,0.17,-0.42,0.05,1.94,-0.69,-0.24,0.09,0.0,0.0,0.0,2.18,False,False,
A526W,0.97,-1.65,0.71,-0.62,0.0,1.02,1.6,0.74,-0.87,-1.01,0.53,0.0,0.0,0.0,3.26,False,False,
T414W,-0.32,-0.28,0.66,-0.79,1.79,0.12,-0.81,0.35,-0.89,0.23,1.37,0.0,0.0,0.0,1.74,True,False,
D525A,0.18,-2.01,1.39,-1.37,1.15,0.6,1.47,1.3,-1.74,0.26,0.18,0.0,0.0,0.0,2.73,False,False,
D193P,0.8,-1.64,0.67,-0.63,-0.5,1.15,1.05,0.59,-0.85,0.35,0.42,0.0,0.0,0.0,1.48,False,False,
E253L,1.13,-1.48,-1.25,1.13,-1.47,0.75,0.84,-1.13,1.77,1.22,-0.11,0.0,0.0,0.0,1.8,False,False,
D146H,0.71,-1.39,1.51,-1.48,-0.34,0.71,-0.53,1.39,0.0,1.17,-0.36,0.0,0.0,0.0,2.66,True,False,
S331Q,-0.23,0.42,-2.17,1.3,-2.09,0.77,1.1,-1.61,1.68,2.53,-0.3,0.0,0.0,0.0,1.63,False,False,
R497H,0.14,-1.17,1.39,-1.37,2.13,-0.24,0.68,1.3,-1.74,0.27,0.0,0.0,0.0,0.0,2.96,False,False,
R112W,1.16,-1.54,0.75,-0.73,0.71,1.56,-0.45,0.51,-0.15,0.0,-0.45,0.0,0.0,0.0,2.7,False,False,
S162L,0.7,-1.63,-1.67,1.31,0.28,1.08,1.21,-1.18,1.48,0.23,-0.45,0.0,0.0,0.0,2.49,False,False,
Q334W,0.89,0.52,0.82,-0.8,-0.39,0.26,-0.13,0.83,-0.56,0.27,-0.42,0.0,0.0,0.0,7.92,False,False,
H164Y,0.51,-0.36,0.79,-0.82,0.98,-0.13,-1.1,0.79,-0.59,0.0,1.24,0.0,0.0,0.0,1.55,True,False,
S209M,-0.16,0.13,1.22,-1.45,-1.78,1.07,1.16,1.15,-1.73,-0.06,1.7,0.0,0.0,0.0,1.32,False,False,
G404F,0.06,0.47,0.69,-0.63,0.53,-0.4,0.03,0.93,-0.14,-0.13,-0.14,0.0,0.0,0.0,2.41,False,False,
S421P,1.55,-0.34,1.45,-1.51,-0.24,-0.33,-0.47,1.94,-0.69,-0.29,0.18,0.0,0.0,0.0,2.69,False,False,
G213A,-1.71,1.54,-1.3,1.56,-0.29,0.81,0.16,-0.76,1.84,0.23,-0.86,0.0,0.0,0.0,1.82,False,False,
D123R,0.37,-0.35,1.51,-1.5,0.65,-0.06,-0.42,1.25,-0.59,0.0,0.36,0.0,0.0,0.0,1.38,True,False,
S398R,2.13,-1.49,0.8,-0.63,-2.58,1.23,1.26,0.91,-0.88,0.0,0.47,0.0,0.0,0.0,1.32,True,False,
H185L,0.54,-1.31,-1.85,1.6,-0.23,0.51,0.79,-1.49,1.76,0.23,0.64,0.0,0.0,0.0,2.33,False,False,
T414I,0.7,-0.59,-0.04,0.09,0.56,-0.07,0.05,0.04,0.79,-0.43,0.05,0.0,0.0,0.0,2.44,False,False,
V367L,1.62,-0.76,1.46,-1.45,-0.05,-0.69,0.42,1.08,-1.77,0.22,1.07,0.0,0.0,0.0,1.41,True,True,1.25
Q258F,-0.96,-0.13,1.51,-1.31,-0.16,1.22,0.05,1.26,-0.79,0.54,-0.09,0.0,0.0,0.0,1.47,False,False,
H287F,1.7,-1.63,1.36,-1.54,0.18,-1.0,0.95,1.28,0.0,-0.15,0.0,0.0,0.0,0.0,1.36,False,False,
Q258Y,0.48,-0.52,-1.48,1.26,0.72,-0.22,-0.21,-1.2,1.59,0.0,0.7,0.0,0.0,0.0,1.22,False,False,
T41I,-0.81,-0.62,0.5,-0.67,0.14,0.71,-0.03,0.16,0.0,0.0,1.67,0.0,0.0,0.0,1.27,True,False,
D146W,0.84,-0.65,0.03,0.05,1.16,-0.28,-0.21,-0.13,-0.04,0.11,0.18,0.0,0.0,0.0,1.92,False,False,
H74F,0.83,-0.96,-1.98,1.13,-0.23,0.64,0.74,-2.02,1.73,0.23,0.93,0.0,0.0,0.0,2.45,False,False,
T414F,1.23,0.55,-0.14,-0.08,-0.51,-0.12,0.05,0.09,-0.16,0.02,0.07,0.0,0.0,0.0,1.62,False,False,
S361L,2.11,-0.87,0.06,0.04,-0.46,0.19,0.74,0.09,0.0,0.0,-0.9,0.0,0.0,0.0,1.7,False,False,
S308K,0.28,0.17,0.92,-0.83,-1.33,0.51,-0.55,1.03,0.26,0.33,0.22,0.0,0.0,0.0,2.25,False,False,
H333W,1.37,0.45,0.64,-0.72,-0.11,1.09,-0.11,0.4,-0.89,0.0,-1.15,0.0,0.0,0.0,1.76,False,False,
Y416W,0.42,-0.76,1.58,-1.25,-1.06,0.13,-0.11,2.1,-1.44,-0.07,1.43,0.0,0.0,0.0,2.79,False,False,
T347L,2.16,-1.43,0.14,0.05,0.02,0.82,-1.52,0.17,0.4,-0.37,0.54,0.0,0.0,0.0,1.42,False,False,
R302Y,-0.77,-0.07,-1.35,1.38,-0.37,0.39,0.42,-1.1,1.7,0.11,0.59,0.0,0.0,0.0,3.52,False,False,
R75V,-0.26,-0.35,0.56,-0.92,-0.11,0.02,-0.21,0.43,-0.9,0.0,2.64,0.0,0.0,0.0,4.02,False,False,
N461M,0.94,-1.16,-1.55,1.39,0.16,0.23,1.42,-1.87,1.81,-0.56,0.07,0.0,0.0,0.0,1.29,False,False,
N445M,-0.85,-1.85,1.54,-1.28,0.32,-0.11,1.84,1.6,-1.77,0.0,1.43,0.0,0.0,0.0,1.82,False,False,
N371M,3.3,-0.42,0.65,-0.61,-0.16,-1.0,-0.68,0.48,-0.01,0.0,-0.68,0.0,0.0,0.0,3.27,True,False,
T229F,-0.03,-2.08,-1.3,1.48,-0.02,0.02,1.26,-0.96,1.49,0.0,1.02,0.0,0.0,0.0,1.92,False,False,
D285H,-0.94,-0.49,0.73,-0.52,-0.02,1.16,0.95,0.49,0.03,1.01,-1.55,0.0,0.0,0.0,5.27,True,False,
G463M,0.52,-0.5,0.72,-0.74,-0.22,-0.17,-0.21,1.07,0.04,-0.06,0.38,0.0,0.0,0.0,1.23,False,False,
E49W,-0.84,0.62,1.06,-1.24,0.26,-0.04,0.05,0.75,0.0,0.0,0.18,0.0,0.0,0.0,2.65,False,False,
R459M,-0.56,0.3,-0.01,0.01,0.71,-0.37,0.0,0.29,0.27,-0.02,0.18,0.0,0.0,0.0,1.39,False,False,
D450F,0.64,0.29,0.8,-0.79,-0.22,-0.1,-0.24,1.23,-0.06,-0.93,0.15,0.0,0.0,0.0,2.21,False,False,
L181Y,-0.92,-0.05,-1.63,1.78,-0.12,0.9,0.05,-1.22,1.78,0.3,-0.11,0.0,0.0,0.0,1.84,False,False,
G327W,1.98,-0.09,0.61,-0.71,-0.38,-0.46,0.39,0.36,-0.89,0.0,-0.05,0.0,0.0,0.0,2.34,False,False,
Q187L,-0.57,-0.63,0.59,-0.82,0.65,-0.64,1.08,0.38,-0.89,0.23,1.38,0.0,0.0,0.0,1.54,False,False,
S247Y,0.49,-0.18,-1.23,1.34,0.88,0.56,-0.79,-1.57,1.42,0.0,-0.18,0.0,0.0,0.0,3.9,False,False,
N461Y,0.25,-0.03,0.78,-0.64,0.18,-0.45,1.31,0.86,-0.86,0.12,-0.8,0.0,0.0,0.0,4.47,False,False,
G463Q,0.81,0.01,0.77,-0.82,1.28,-0.11,-0.32,1.24,-0.68,-0.9,-0.56,0.0,0.0,0.0,2.43,False,False,
D146Y,-0.51,-0.72,-1.49,1.24,0.87,0.37,0.89,-1.72,1.73,0.23,-0.18,0.0,0.0,0.0,2.75,False,False,
G327V,0.39,2.06,0.63,-0.55,1.47,-1.14,-3.13,0.54,-0.01,0.0,0.43,0.0,0.0,0.0,1.71,False,False,
D142Q,-0.81,-1.07,0.84,-0.86,1.65,0.02,0.55,0.45,-0.89,0.23,0.57,0.0,0.0,0.0,1.42,True,False,
H51W,-0.25,-0.27,0.1,0.01,-0.26,-0.28,0.47,0.68,0.09,0.0,0.39,0.0,0.0,0.0,2.57,False,False,
K407I,-0.1,1.43,1.54,-1.28,1.26,1.45,-1.58,1.6,-1.77,0.0,-1.25,0.0,-0.61,0.0,1.5,True,True,0.5
V221R,-0.05,-1.26,-1.55,1.29,0.54,0.78,0.89,-1.53,1.39,0.18,-0.02,0.0,0.0,0.0,1.63,True,False,
T229L,1.09,-1.9,0.52,-0.9,0.19,0.72,1.08,0.46,-0.89,0.0,0.3,0.0,0.0,0.0,1.58,False,False,
N107L,-0.4,-1.38,0.64,-0.71,-0.71,-0.09,-0.08,0.65,0.0,1.59,1.16,0.0,0.0,0.0,1.57,False,False,
D446Y,0.78,0.1,-1.69,1.52,1.69,4.99,0.89,-1.93,-0.02,-6.04,0.36,0.0,0.0,0.0,1.71,False,False,
K372M,1.4,-1.43,0.68,-0.52,1.14,0.28,0.03,0.87,-0.81,-0.41,-0.56,0.0,0.0,0.0,1.26,False,False,
D126S,0.55,-0.88,0.86,-0.95,1.08,-0.33,-0.32,0.56,-0.59,0.0,0.67,0.0,0.0,0.0,1.33,True,False,
H164F,1.52,-2.28,1.51,-1.5,0.61,0.45,-0.42,1.25,-0.59,0.0,0.09,0.0,0.0,0.0,1.78,False,False,
G356H,1.5,-2.91,0.69,-0.49,-0.36,0.0,-0.03,0.83,-0.94,0.27,2.07,0.0,0.0,0.0,1.77,True,True,3.75
H287W,1.89,-1.53,-1.28,1.61,-0.47,1.91,-0.63,-0.9,0.9,-0.03,-0.86,0.0,0.0,0.0,1.84,False,False,
T72Y,0.07,-0.94,-0.06,-0.11,0.24,0.25,0.05,-0.32,0.0,0.0,1.41,0.0,0.0,0.0,1.73,True,False,
A178Y,0.23,-0.39,0.08,-0.07,0.75,-0.81,0.47,-0.14,-0.02,0.23,0.27,0.0,0.0,0.0,1.37,True,False,
R222H,-0.45,0.67,1.58,-1.25,-1.17,0.03,1.21,2.1,-1.44,0.02,-0.72,0.0,0.0,0.0,1.55,False,False,
V221E,0.92,-0.75,0.69,-0.74,1.09,0.34,-1.37,0.5,-0.31,0.0,0.21,0.0,0.0,0.0,1.4,True,False,
T326H,0.36,0.22,1.54,-1.26,-1.44,0.58,-0.16,1.27,-1.61,0.0,1.07,0.0,0.0,0.0,1.35,True,False,
R222F,0.08,0.96,-1.36,1.46,-1.52,1.9,0.05,-0.61,0.0,-0.04,-0.34,0.0,0.0,0.0,2.93,False,False,
S247R,0.16,0.93,0.88,-0.81,-0.19,-0.22,-0.81,0.56,0.05,0.0,0.03,0.0,0.0,0.0,1.34,True,False,
A178L,1.58,-1.28,0.66,-0.76,0.78,0.86,-0.74,0.42,-0.89,0.21,-0.29,0.0,0.0,0.0,1.43,False,False,
A273W,-1.15,-0.5,-1.64,1.53,-0.71,0.38,1.26,-1.71,1.72,0.35,1.0,0.0,0.0,0.0,1.31,True,False,
D450Y,1.17,0.08,-1.48,1.54,0.12,-0.26,-0.05,-1.6,1.99,-0.6,-0.38,0.0,0.0,0.0,2.32,True,False,
D142K,0.31,-1.76,1.46,-1.45,0.61,0.23,1.21,1.08,-1.77,0.16,0.45,0.0,0.0,0.0,1.17,True,False,
R220W,0.04,1.4,0.79,-0.62,1.39,-0.04,-2.34,1.17,-0.82,0.03,-0.53,0.0,0.0,0.0,4.42,False,False,
T317P,-1.1,-0.33,0.73,-0.75,-0.38,1.25,0.47,0.72,-0.82,0.35,0.32,0.0,0.0,0.0,2.06,False,False,
H185W,0.49,-0.5,-1.42,1.82,-1.09,0.4,0.11,-1.63,1.82,0.03,0.45,0.0,0.0,0.0,1.15,False,False,
A419W,0.76,-0.86,1.65,-1.46,-1.16,1.26,0.63,1.97,-1.78,-0.82,0.27,0.0,0.0,0.0,5.88,True,False,
G356W,0.92,-1.78,0.76,-0.49,0.88,0.42,-0.21,0.81,-0.92,-0.26,0.32,0.0,0.0,0.0,2.68,False,False,
R338I,1.47,-1.85,0.71,-0.75,0.38,1.56,0.03,0.69,0.27,0.05,-2.1,0.0,0.0,0.0,4.09,False,False,
T376W,-1.12,0.72,1.49,-1.58,-0.96,0.78,1.16,1.66,-0.02,0.0,-1.7,0.0,0.0,0.0,3.73,False,False,
E261S,1.89,-1.28,0.71,-0.74,-0.07,1.09,-1.42,0.77,0.29,0.52,-1.33,0.0,0.0,0.0,1.95,False,False,
G404D,-0.39,-0.1,-1.39,1.84,0.76,-0.3,0.79,-1.59,0.99,-0.02,-0.18,0.0,0.0,0.0,1.13,True,True,0.5
N22F,1.13,-0.94,1.42,-1.59,0.27,0.19,0.42,1.29,-1.77,-0.57,0.54,0.0,0.0,0.0,2.2,False,False,
T414Y,0.22,0.07,-1.74,1.17,-1.06,0.11,1.0,-2.74,1.79,0.59,0.98,0.0,0.0,0.0,1.54,False,False,
L148Y,-0.11,0.69,-1.54,1.24,-1.39,0.76,0.05,-0.54,0.14,0.02,1.06,0.0,0.0,0.0,1.28,False,False,
P400A,0.33,-0.3,0.72,-0.55,-0.8,-0.04,0.03,0.84,-0.98,0.27,0.86,0.0,0.0,0.0,2.14,True,False,
N107W,0.35,-1.85,0.63,-0.73,0.72,0.53,2.13,0.41,-0.9,0.23,-1.15,0.0,0.0,0.0,3.91,True,False,
A172I,0.5,-2.23,-1.7,1.45,0.49,0.6,1.21,-1.28,1.59,0.23,1.18,0.0,-1.66,0.0,3.38,True,False,
E253K,0.18,0.84,-0.94,1.23,-1.76,-1.36,-0.26,-0.31,1.52,0.02,1.18,0.0,0.0,0.0,1.34,False,False,
H415Y,-0.97,0.92,-0.38,0.0,0.98,-0.04,0.05,-0.44,0.28,0.01,-0.07,0.0,0.0,0.0,1.4,False,False,
S340T,1.11,-0.69,0.72,-0.76,-0.42,-0.05,0.18,0.61,0.18,-0.22,-0.34,0.0,0.0,0.0,1.3,True,True,0.75
F208W,-0.44,-0.54,1.42,-1.38,-0.09,-0.28,1.0,1.35,-1.69,0.35,0.63,0.0,0.0,0.0,1.29,False,False,
R31L,0.56,-1.53,-1.39,1.67,0.1,0.3,-0.21,-0.84,1.78,0.0,-0.13,0.0,0.0,0.0,1.87,False,False,
P400S,1.29,-0.76,0.72,-0.76,0.01,0.16,0.0,0.59,-0.9,0.05,-0.1,0.0,0.0,0.0,2.87,False,False,
D446I,-0.58,-0.25,-1.66,1.8,0.32,1.26,1.1,-1.76,-0.02,-0.01,0.13,0.0,0.0,0.0,1.19,False,False,
V221W,1.17,0.02,0.74,-0.79,0.62,1.33,-1.29,0.55,-0.59,0.0,-1.48,0.0,0.0,0.0,2.11,False,False,
S308L,-0.38,-0.94,0.74,-0.7,0.17,0.21,-0.34,0.72,-0.85,0.3,1.35,0.0,0.0,0.0,4.45,False,False,
T72W,0.37,-1.09,-1.49,1.46,-0.21,0.43,0.16,-1.14,1.09,0.0,0.7,0.0,0.0,0.0,1.6,False,False,
A419M,0.21,-1.31,-1.86,1.62,0.33,0.47,0.95,-1.7,2.1,-0.59,0.05,0.0,0.0,0.0,1.38,True,True,1.0
T376Y,-1.29,2.03,-0.01,0.06,-1.72,0.5,1.1,-0.02,-0.02,0.0,-0.39,0.0,0.0,0.0,2.35,False,False,
A428L,2.3,-1.59,0.73,-0.68,-0.28,0.3,0.0,0.61,-0.92,0.15,-0.37,0.0,0.0,0.0,1.78,True,False,
R433P,0.74,-0.27,1.34,-1.51,0.18,-0.11,0.84,1.0,-1.78,0.0,-0.18,0.0,0.0,0.0,1.61,False,False,
E261W,1.95,-2.38,1.36,-1.54,0.28,1.02,0.16,1.28,0.0,-0.09,-1.79,0.0,0.0,0.0,3.75,False,False,
Q334L,1.82,-2.25,-1.42,1.55,-0.49,1.27,-0.16,-1.54,1.5,0.21,-0.25,0.0,0.0,0.0,3.24,False,False,
H164W,0.69,-2.35,0.72,-0.76,1.28,1.24,0.71,0.38,-0.89,0.23,-1.01,0.0,0.0,0.0,1.9,False,False,
N107Q,0.66,-0.35,-1.65,1.24,-0.26,0.53,0.47,-2.49,1.8,0.62,-0.34,0.0,0.0,0.0,1.95,False,False,
S365H,0.07,0.32,0.68,-0.51,0.54,-1.15,-0.66,0.62,0.29,0.0,0.01,0.0,0.0,0.0,4.88,False,False,
V221Y,0.91,-1.82,0.73,-0.83,0.33,0.54,-0.34,0.52,-0.51,0.0,0.69,0.0,0.0,0.0,2.31,False,False,
H354F,1.66,0.01,0.67,-0.74,1.98,-1.23,-0.6,0.45,-0.89,0.0,-1.1,0.0,0.0,0.0,1.94,False,False,
T173A,-0.63,-0.39,1.06,-1.24,-0.33,-0.06,0.05,0.75,0.0,0.0,0.98,0.0,0.0,0.0,1.39,False,False,
A339I,-1.21,1.3,0.74,-0.62,-0.66,-0.08,0.63,0.65,-0.72,0.0,0.16,0.0,0.0,0.0,2.47,True,False,
D123L,0.65,1.69,-0.04,-0.07,0.35,-0.54,-0.53,0.41,-0.36,0.0,-1.38,0.0,0.0,0.0,1.4,False,False,
A242L,-0.08,-0.4,0.64,-0.53,-0.21,0.06,1.39,1.03,-0.62,0.01,-1.12,0.0,0.0,0.0,1.51,False,False,
A199H,-0.05,0.45,0.63,-0.76,-0.83,0.42,0.37,0.49,-1.07,0.62,-0.13,0.0,0.0,0.0,4.13,False,False,
S365T,-0.79,-0.01,0.77,-0.61,0.29,0.29,-0.03,0.8,-0.98,-0.71,1.11,0.0,0.0,0.0,1.33,True,True,0.75
A418L,0.29,-1.01,0.67,-0.73,-1.22,0.81,1.37,0.89,-0.89,-0.25,0.21,0.0,0.0,0.0,1.22,False,False,
A178W,0.14,-1.17,0.82,-0.87,0.15,1.44,0.53,0.53,-1.04,0.21,-0.63,0.0,0.0,0.0,1.44,False,False,
D123F,0.79,-0.37,0.7,-0.79,0.76,0.65,-0.34,0.3,0.08,0.0,-1.67,0.0,0.0,0.0,1.5,False,False,
D478Y,-0.06,-0.39,-0.11,0.12,0.44,0.22,0.05,0.13,0.93,0.02,-1.25,0.0,0.0,0.0,1.19,True,False,
A77W,-0.22,-2.04,0.5,-0.66,0.4,0.68,0.0,0.25,0.0,0.0,1.17,0.0,0.0,0.0,1.2,False,False,
T376F,-2.31,1.38,-0.13,0.08,-1.58,-0.31,1.37,-0.19,1.59,0.0,0.18,0.0,0.0,0.0,1.57,False,False,
A430L,1.44,-0.32,-1.05,1.35,0.32,-1.24,-0.68,-0.91,-0.01,0.0,1.16,0.0,0.0,0.0,1.54,False,False,
L443P,0.11,-0.5,1.45,-1.51,0.68,-0.71,-0.21,1.94,-0.69,-0.4,-0.09,0.0,0.0,0.0,1.69,False,False,
L255Y,2.92,-3.74,1.43,-1.65,-0.7,0.82,0.89,1.25,-1.42,-0.19,0.45,0.0,0.0,0.0,2.89,False,False,
S308V,-0.17,-1.16,-1.33,1.43,-0.19,0.36,0.79,-0.95,1.71,-0.5,0.05,0.0,0.0,0.0,2.61,False,False,
Q187E,0.98,0.66,0.74,-0.86,0.05,0.69,-1.81,0.39,-0.99,0.15,0.03,0.0,0.0,0.0,2.38,True,True,2.5
A435H,-0.55,-0.34,-0.06,0.0,0.37,0.54,-0.21,0.25,-0.02,-0.02,0.07,0.0,0.0,0.0,1.87,False,False,
G158T,0.77,-0.62,0.71,-0.79,-0.36,1.16,0.29,0.51,-0.57,0.0,-1.1,0.0,0.0,0.0,2.36,False,False,
E85K,0.33,0.39,1.19,-1.74,-0.27,0.36,-0.21,0.93,-1.78,0.0,0.81,0.0,0.0,0.0,1.22,True,False,
R433W,0.82,-0.55,-1.15,1.45,-0.68,-0.47,0.79,-0.59,-0.01,0.0,0.39,0.0,0.0,0.0,1.9,False,False,
A423R,1.22,-1.78,0.66,-0.73,0.12,-0.2,-0.53,0.47,0.05,0.41,0.3,0.0,0.0,0.0,1.21,False,False,
T169Y,0.19,-1.08,0.46,-0.66,0.75,-0.18,0.03,0.27,0.0,0.0,0.22,0.0,0.0,0.0,1.28,False,False,
S247Q,0.04,-1.27,0.7,-0.78,0.14,0.72,1.66,0.26,-0.9,0.23,-0.81,0.0,0.0,0.0,1.34,False,False,
H415W,-1.16,1.8,0.78,-0.77,0.74,-0.26,0.05,1.18,-0.04,-1.16,-1.17,0.0,0.0,0.0,3.15,False,False,
N371A,0.77,0.72,-1.29,1.45,1.09,-0.06,-1.37,-1.1,-0.01,0.0,-0.21,0.0,0.0,0.0,2.28,False,False,
G327A,1.33,-0.1,0.71,-0.74,-0.58,-0.7,-0.11,0.43,-0.89,0.0,0.64,0.0,0.0,0.0,2.66,False,False,
S331W,-0.43,2.11,0.19,-0.01,-1.83,-0.93,-0.16,0.57,-0.05,0.1,0.41,0.0,0.0,0.0,3.91,False,False,
R302F,-1.59,0.42,0.89,-0.82,-0.91,0.43,0.0,1.43,-0.63,0.0,0.77,0.0,0.0,0.0,3.19,False,False,
N461W,0.96,-0.05,-0.13,-0.07,0.02,-0.26,-0.05,0.21,-0.24,-0.08,-0.34,0.0,0.0,0.0,4.22,False,False,
D450H,1.7,-0.5,0.66,-0.74,-0.02,0.27,0.05,0.85,-0.35,-0.29,-1.67,0.0,0.0,0.0,1.65,False,False,
N44W,0.47,-1.73,1.06,-1.24,-0.25,0.31,0.05,0.75,0.0,0.0,0.54,0.0,0.0,0.0,1.7,False,False,
R84Y,0.23,-0.27,1.51,-1.5,0.04,0.67,-0.95,1.25,-0.59,0.0,-0.45,0.0,0.0,0.0,5.88,False,False,
D285F,0.18,-1.28,0.07,-0.07,-1.25,1.4,1.68,0.43,0.0,0.04,-1.27,0.0,0.0,0.0,3.86,False,False,
S398D,-0.1,0.17,0.13,0.05,-0.87,-0.61,-2.05,0.2,0.01,0.0,3.01,0.0,0.0,0.0,1.56,False,False,
R27L,0.04,-1.81,1.06,-1.24,-0.04,0.29,-0.21,0.75,0.0,0.0,1.07,0.0,0.0,0.0,1.9,False,False,
R55H,0.16,-2.4,-1.47,1.51,0.03,0.0,1.26,-1.21,1.75,0.0,0.29,0.0,0.0,0.0,1.54,False,False,
D446L,1.44,-0.59,0.09,0.05,0.27,-0.22,-0.11,0.55,-0.3,-1.93,0.64,0.0,0.0,0.0,1.15,False,False,
L181F,-0.9,-0.79,1.42,-1.38,-0.62,-0.06,1.26,1.35,-1.69,0.3,0.98,0.0,0.0,0.0,1.39,False,False,
K486W,0.56,-0.03,-1.77,2.24,0.78,-0.13,0.05,-2.03,2.65,-0.97,-1.49,0.0,0.0,0.0,1.88,False,False,
R190Y,0.61,0.25,1.46,-1.45,0.37,1.19,-0.11,1.08,-1.77,0.23,-2.06,0.0,0.0,0.0,1.55,True,False,
D167K,0.13,-0.49,1.62,-1.49,-1.6,-0.45,-1.0,1.8,0.0,-0.14,1.43,0.0,0.0,0.0,1.45,False,False,
G356Y,-0.66,0.42,-0.16,0.06,-0.69,-0.38,0.0,-0.04,0.27,2.0,-1.0,0.0,0.0,0.0,3.07,False,False,
A242M,-0.03,0.27,-2.0,1.65,-1.08,-0.01,0.21,-0.8,1.65,-0.02,-0.04,0.0,0.0,0.0,1.23,False,False,
N445Y,0.11,0.33,0.69,-0.69,0.47,-0.17,0.03,0.94,0.14,-1.56,-0.48,0.0,0.0,0.0,1.8,False,False,
R338T,0.21,-1.17,0.6,-0.71,-0.59,0.48,0.26,0.62,0.42,-0.23,-0.06,0.0,0.0,0.0,1.19,False,False,
H74W,1.22,-1.61,-0.13,-0.15,-0.29,0.98,0.05,-0.3,-0.05,0.22,-0.14,0.0,0.0,0.0,2.23,False,False,
L71F,-0.81,-0.52,0.18,0.0,-0.54,0.48,-0.26,-0.17,0.82,0.0,0.61,0.0,0.0,0.0,1.78,True,False,
K235I,1.65,-2.87,1.65,-1.46,-2.25,0.92,1.42,1.97,-1.78,1.17,-0.63,0.0,0.0,0.0,1.37,False,False,
R338Y,0.94,0.59,0.21,-0.21,-1.49,0.96,0.53,0.09,0.0,-0.37,-1.45,0.0,0.0,0.0,5.58,False,False,
A76F,1.28,-0.97,-1.03,1.23,-0.67,-0.18,0.32,-0.94,1.75,-1.04,0.04,0.0,0.0,0.0,2.27,True,False,
A430M,0.23,2.32,1.31,-1.24,-0.27,-0.83,-2.0,1.07,-0.01,0.0,-0.81,0.0,0.0,0.0,1.83,False,False,
T254V,0.08,-0.74,1.29,-1.41,-0.75,0.06,1.95,1.05,-1.69,0.62,-0.72,0.0,0.0,0.0,1.55,False,False,
N183L,-0.95,0.02,0.65,-0.63,-0.71,0.64,0.37,0.62,-0.8,0.32,0.23,0.0,0.0,0.0,1.34,False,False,
Q258W,-0.93,-0.67,0.21,-0.13,0.3,0.1,-0.11,0.81,-0.01,0.0,0.18,0.0,0.0,0.0,2.15,False,False,
R297L,1.11,-0.81,0.76,-0.74,-0.41,0.66,-0.32,0.71,-0.68,0.0,-0.53,0.0,0.0,0.0,2.08,False,False,
L225F,2.21,-1.83,-2.38,1.49,-1.25,0.88,1.21,-2.47,1.78,0.14,-0.04,0.0,0.0,0.0,1.48,True,False,
N107T,-0.22,-0.02,-1.0,1.05,-2.01,0.35,0.79,-0.34,0.89,0.02,0.21,0.0,0.0,0.0,3.19,False,False,
V221Q,-0.49,-0.65,-0.05,-0.11,0.87,0.19,-0.37,0.43,-0.54,0.0,0.45,0.0,0.0,0.0,2.27,False,False,
G404Q,0.27,1.24,0.06,0.12,1.83,0.1,-0.11,0.52,-0.69,-1.76,-1.86,0.0,0.0,0.0,1.46,False,False,
N183H,-1.09,0.29,-1.59,1.6,-0.38,0.45,0.05,-1.52,1.78,0.28,-0.16,0.0,0.0,0.0,1.21,True,False,
A428H,0.32,-0.18,1.34,-1.51,1.35,-1.25,-0.74,1.0,-1.78,0.07,1.07,0.0,0.0,0.0,1.37,False,False,
L255F,-0.57,0.23,0.88,-0.76,-1.8,2.53,0.71,0.82,-0.91,0.0,-1.43,0.0,0.0,0.0,2.45,False,False,
K407M,0.78,-0.86,0.77,-0.57,-0.17,0.44,-0.32,0.67,-0.88,0.0,-0.26,0.0,0.08,0.0,1.71,False,False,
N107A,0.24,-0.15,-0.06,-0.14,-0.68,-1.61,1.26,-0.33,-0.11,0.6,0.66,0.0,0.0,0.0,1.25,True,False,
R112Q,-0.22,-0.4,0.15,-0.18,0.59,0.81,0.11,0.42,-0.66,0.0,-0.93,0.0,0.0,0.0,1.21,False,False,
A487T,1.0,0.13,-1.34,1.33,0.39,0.29,-0.21,-1.5,0.83,-0.2,-1.04,0.0,0.0,0.0,2.44,False,False,
D285V,0.26,-1.3,0.65,-0.67,-0.16,0.06,1.68,0.56,-0.85,0.02,-0.58,0.0,0.0,0.0,3.28,False,False,
A430W,1.98,-0.49,-1.29,1.58,0.65,-0.47,-0.58,-1.14,-0.01,0.0,-0.57,0.0,0.0,0.0,3.57,False,False,
R159T,1.19,-1.34,-0.33,-0.16,0.96,0.18,1.26,-0.48,-0.14,0.23,-1.7,0.0,0.0,0.0,1.35,False,False,
G356F,1.3,-0.22,-0.98,1.58,-0.14,-0.64,-0.21,-0.88,-0.01,0.0,-0.16,0.0,0.0,0.0,2.33,False,False,
A428W,0.67,-1.88,-1.31,1.5,-0.24,0.91,0.21,-0.78,0.0,0.35,0.23,0.0,0.0,0.0,1.33,False,False,
A322W,-0.2,-1.21,1.42,-1.38,-0.37,0.19,1.0,1.35,-1.69,-0.17,0.72,0.0,0.0,0.0,1.37,False,False,
L58W,-0.12,0.15,0.04,-0.07,-0.19,-0.04,-1.05,-0.14,-0.18,0.0,1.25,0.0,0.0,0.0,1.36,False,False,
R207I,-0.95,1.62,0.59,-0.73,-0.76,-1.03,-0.63,0.24,-0.83,0.56,1.57,0.0,0.0,0.0,1.21,False,False,
S247F,0.46,0.49,-1.59,1.24,1.76,-0.81,-1.21,-1.18,-0.21,0.0,0.68,0.0,0.0,0.0,3.69,False,False,
R75L,-0.05,-1.26,1.5,-1.56,-0.78,-0.74,0.53,1.94,-0.66,0.0,0.72,0.0,0.0,0.0,1.85,False,False,
R112A,1.25,-0.5,1.5,-1.56,0.67,-1.01,-2.1,1.94,-0.66,0.0,0.09,0.0,0.0,0.0,1.27,True,False,
E261V,1.47,-1.81,0.8,-0.81,-0.43,0.09,-0.16,0.72,-0.71,0.15,0.3,0.0,0.0,0.0,3.07,False,False,
N30H,-0.41,-0.5,-1.57,1.71,0.1,-0.43,0.26,-0.94,1.72,0.0,-0.34,0.0,0.0,0.0,2.34,False,False,
D285W,0.2,-0.18,0.07,-0.02,-0.08,-1.05,0.79,-0.28,-0.13,0.0,0.29,0.0,0.0,0.0,5.24,False,False,
A242I,1.39,-1.54,0.13,-0.08,-2.17,0.42,-0.05,0.33,0.0,0.03,1.13,0.0,0.0,0.0,1.31,True,False,
D115Q,0.04,-1.31,-1.63,1.53,-0.21,0.07,-0.16,-1.3,1.52,0.0,1.02,0.0,0.0,0.0,1.56,True,False,
T414A,0.56,-0.3,-1.36,1.68,0.12,-0.26,0.05,-1.44,1.17,-0.11,-0.54,0.0,0.0,0.0,1.34,False,False,
D64M,-0.67,-0.42,-0.07,-0.03,-0.49,0.79,0.05,-0.17,0.0,0.0,0.57,0.0,0.0,0.0,1.35,False,False,
N445L,0.64,-0.94,0.69,-0.72,-0.68,0.21,-0.63,0.82,-0.9,0.0,1.07,0.0,0.0,0.0,1.62,False,False,
H185F,-0.49,-0.25,0.7,-0.69,-0.42,-0.33,0.89,0.5,-0.83,0.6,-0.11,0.0,0.0,0.0,1.2,False,False,
N107M,0.65,-1.64,0.59,-0.78,-0.03,0.29,-0.5,0.11,-0.88,0.19,1.53,0.0,0.0,0.0,2.55,False,False,
A172V,0.24,-2.1,-1.23,1.03,1.67,-0.24,1.1,-1.2,1.78,0.23,0.72,0.0,-2.47,0.0,2.65,False,False,
D64W,0.88,-1.63,1.19,-1.74,-0.25,0.66,0.84,0.93,-1.78,0.0,0.45,0.0,0.0,0.0,2.71,False,False,
E85T,-0.61,-1.51,-1.4,1.49,-0.07,0.42,0.32,-0.98,1.78,0.0,0.11,0.0,0.0,0.0,2.19,True,False,
D167L,0.68,-0.28,0.77,-0.64,-1.17,-0.04,0.74,1.21,-0.85,-0.07,-0.82,0.0,0.0,0.0,1.25,False,False,
S18M,-1.75,0.1,0.49,-0.61,0.41,-1.51,2.13,0.29,0.0,0.0,-0.04,0.0,0.0,0.0,1.26,False,False,
G158M,0.33,-0.18,0.75,-0.82,0.19,-0.82,-1.13,0.43,-0.59,0.0,1.36,0.0,0.0,0.0,1.25,False,False,
D142M,1.18,-1.53,0.83,-0.82,0.81,0.38,-0.47,0.51,-0.98,0.13,-0.53,0.0,0.0,0.0,1.33,False,False,
D64T,-0.52,-1.19,0.53,-0.68,-0.59,0.13,0.05,0.3,0.0,0.0,1.48,0.0,0.0,0.0,2.44,False,False,
D285I,-0.72,0.08,-1.46,1.46,-0.28,0.34,1.26,-1.1,1.7,0.35,-2.13,0.0,0.0,0.0,2.83,False,False,
S365M,0.94,0.9,0.73,-0.56,1.25,-0.33,-1.1,0.84,-0.78,-2.59,0.2,0.0,0.0,0.0,2.31,False,False,
K522Y,1.75,-0.71,0.64,-0.67,-0.67,0.59,1.58,0.67,-0.86,-0.25,-1.5,0.0,-1.09,0.0,3.64,False,False,
H185S,-1.35,0.44,1.29,-1.41,0.03,-0.87,0.37,1.05,-1.69,0.62,0.98,0.0,0.0,0.0,1.38,False,False,
P400Y,1.87,-1.27,0.75,-0.54,0.47,-0.04,-0.24,0.97,-0.96,-2.42,0.87,0.0,0.0,0.0,1.74,True,False,
T278A,-0.29,0.34,1.58,-1.25,-1.89,-0.04,-0.63,2.1,-1.44,-0.01,0.98,0.0,0.0,0.0,1.59,False,False,
N22M,-1.77,-1.39,1.06,-1.24,0.87,-0.04,0.05,0.75,0.0,0.0,1.16,0.0,0.0,0.0,1.32,False,False,
K328Y,0.83,0.74,-1.31,1.61,-0.97,-0.45,-0.89,-1.2,1.78,0.0,-0.7,0.0,0.0,0.0,1.96,True,False,
D525H,2.04,0.23,0.71,-0.84,1.79,0.11,0.03,1.17,-0.64,-4.66,-0.49,0.0,0.0,0.0,1.94,False,False,
D383S,1.46,-0.82,0.68,-0.69,-0.26,0.18,0.0,0.49,-0.86,-0.49,-0.27,0.0,0.0,0.0,1.41,False,False,
G158W,0.13,-0.45,-0.06,0.13,0.07,0.01,-1.42,0.29,0.08,0.0,0.64,0.0,0.0,0.0,2.36,False,False,
R338V,2.87,-2.62,-1.15,1.48,-0.57,0.43,-0.16,-0.92,1.31,-0.37,-0.88,0.0,0.0,0.0,2.51,False,False,
V360S,0.46,-1.88,0.71,-0.78,0.34,1.03,-0.34,0.5,-0.88,0.21,0.04,0.0,0.0,0.0,1.35,False,False,
A242K,0.6,-1.12,0.73,-0.75,-0.33,0.92,-1.03,0.75,-0.65,0.08,0.21,0.0,0.0,0.0,1.78,True,False,
R489W,1.76,-0.76,-1.66,1.38,0.55,0.24,-0.05,-1.04,0.52,-0.32,-1.2,0.0,0.0,0.0,6.74,False,False,
P400T,1.72,-0.62,0.16,0.03,-0.13,-1.46,-1.0,0.26,-0.01,0.0,0.43,0.0,0.0,0.0,2.19,False,False,
H51L,0.63,-1.69,0.8,-0.93,-0.13,-0.53,-0.45,1.14,-0.66,0.0,1.19,0.0,0.0,0.0,2.51,False,False,
D115K,-0.47,-1.21,1.19,-1.74,-0.21,-0.05,1.37,0.93,-1.78,0.0,1.34,0.0,0.0,0.0,1.6,True,False,
T254L,-0.43,1.61,1.29,-1.41,-0.52,-1.66,-0.95,1.05,-1.69,0.62,1.43,0.0,0.0,0.0,1.83,False,False,
A178F,0.12,-1.29,-1.66,1.24,-1.52,1.07,1.05,-1.37,1.79,0.06,-0.14,0.0,0.0,0.0,1.27,False,False,
N461H,0.52,0.25,1.45,-1.51,1.46,0.64,-1.52,1.94,-0.69,-5.0,1.79,0.0,0.0,0.0,3.4,True,False,
R250W,-0.18,-1.24,0.01,0.02,-0.92,0.08,1.05,0.04,0.03,0.13,0.3,0.0,0.0,0.0,1.47,False,False,
K380R,0.57,-1.01,0.76,-0.62,1.17,-0.14,-1.58,0.67,-0.88,0.0,0.37,0.0,0.0,0.0,1.23,True,False,
S226M,1.43,-1.14,1.06,-1.24,0.11,-0.13,-1.0,0.75,0.0,0.0,-0.54,0.0,0.0,0.0,1.77,False,False,
G404H,0.34,0.11,0.66,-0.66,-0.06,-0.13,0.03,1.0,-0.2,0.01,-1.8,0.0,0.0,0.0,1.97,False,False,
S226F,-0.49,0.57,0.65,-0.76,-1.19,-0.15,0.37,0.4,-0.9,0.62,0.16,0.0,0.0,0.0,1.3,False,False,
P420L,0.18,0.69,-2.09,1.57,-0.53,1.59,0.53,-2.14,-0.02,-0.34,-0.16,0.0,0.0,0.0,1.13,False,False,
A152K,1.03,-2.68,1.5,-1.56,0.56,0.56,-1.05,1.94,-0.66,0.0,-0.36,0.0,0.0,0.0,1.48,True,False,
R489F,-0.14,-0.32,-0.01,-0.11,1.23,-0.41,0.05,0.39,-0.37,-0.08,-0.97,0.0,0.0,0.0,3.59,False,False,
P400D,1.6,0.84,-1.32,1.47,-0.28,-0.87,-1.05,-0.99,-0.01,0.0,-0.13,0.0,0.0,0.0,1.88,False,False,
G327H,0.9,-1.24,1.32,-1.44,-0.55,-0.05,0.0,1.04,-1.74,-0.24,1.25,0.0,0.0,0.0,2.03,True,False,
R476A,-0.14,1.12,0.03,-0.04,-0.16,-0.39,-0.95,-0.17,0.01,0.0,-0.09,0.0,0.0,0.0,2.22,False,False,
D115I,0.26,-0.86,-0.08,-0.07,0.08,0.62,0.0,-0.27,0.0,0.0,-0.45,0.0,0.0,0.0,2.02,False,False,
E205W,0.11,-0.45,0.77,-0.66,-2.98,0.44,-0.05,0.83,0.02,0.99,0.21,0.0,0.0,0.0,3.29,False,False,
D64H,-0.93,-0.69,0.56,-0.66,0.39,0.1,0.03,0.42,0.0,0.0,-0.01,0.0,0.0,0.0,1.3,True,False,
R250I,-1.21,0.86,0.7,-0.64,-0.6,-0.13,-0.37,0.82,-0.83,-0.34,0.94,0.0,0.0,0.0,2.76,False,False,
T347Y,0.76,-0.49,0.13,0.07,-0.65,-0.59,-0.95,0.2,1.09,-0.01,-0.36,0.0,0.0,0.0,1.29,True,False,
L148H,0.01,-0.46,0.9,-0.78,-2.07,0.03,-0.47,1.02,0.0,0.14,0.88,0.0,0.0,0.0,1.17,False,False,
T509S,-1.68,1.16,-0.24,0.08,-0.52,-0.3,0.53,0.27,-0.02,0.18,-0.29,0.0,0.0,0.0,2.18,False,False,
T529Y,0.43,-1.49,-0.13,0.02,-0.55,-0.42,-0.16,0.03,0.03,0.06,1.36,0.0,0.0,0.0,1.98,False,False,
H185K,0.7,-0.6,0.81,-0.63,-2.09,0.02,-0.55,1.22,-0.68,0.15,0.82,0.0,0.0,0.0,1.53,False,False,
S308P,-0.53,-0.12,1.42,-1.38,-0.37,-0.31,0.21,1.35,-1.69,0.06,0.54,0.0,0.0,0.0,3.88,False,False,
E116L,-0.98,-0.47,-0.06,-0.05,-0.22,-0.99,1.31,0.12,-0.04,0.0,0.54,0.0,0.0,0.0,2.81,False,False,
D64V,-0.19,0.75,0.56,-0.87,0.64,-0.59,-2.0,0.46,-0.89,0.0,1.29,0.0,0.0,0.0,1.7,False,False,
E261M,1.4,-1.16,-1.21,1.37,-0.15,0.5,-0.37,-1.18,0.66,0.27,-0.98,0.0,0.0,0.0,1.29,False,False,
E253W,-1.44,0.29,0.67,-0.67,-0.95,0.52,-0.16,0.75,-0.83,0.28,0.69,0.0,0.0,0.0,1.37,False,False,
R190H,0.47,-0.45,-1.5,1.36,-1.81,0.68,0.47,-1.17,1.66,0.06,-0.63,0.0,0.0,0.0,1.25,False,False,
D115Y,1.64,-1.21,1.19,-1.74,-0.21,0.01,0.58,0.93,-1.78,0.0,-0.27,0.0,0.0,0.0,2.16,False,False,
H415L,0.82,-0.48,0.7,-0.82,0.81,-0.43,-0.53,0.99,-0.65,-1.14,-0.13,0.0,0.0,0.0,1.4,True,False,
G311A,1.17,-2.47,1.36,-1.54,0.01,0.88,-0.89,1.28,0.0,-0.25,-0.45,0.0,0.0,0.0,1.3,True,False,
A152S,0.61,-0.5,0.82,-0.79,0.2,0.97,-1.6,0.61,-0.13,0.0,-1.09,0.0,0.0,0.0,1.21,True,False,
R456F,2.49,0.62,-0.01,0.11,0.88,-1.24,-2.05,0.05,-0.01,0.0,-0.43,0.0,-1.33,0.0,1.88,False,False,
D123H,0.71,-1.12,0.02,-0.05,0.17,0.6,-0.16,0.18,-0.45,0.0,-0.84,0.0,0.0,0.0,1.22,False,False,
D146Q,0.13,-0.55,-0.13,-0.27,-1.45,0.16,1.1,0.01,0.05,0.08,-0.07,0.0,0.0,0.0,2.58,True,False,
T41L,1.05,-0.37,0.67,-0.78,0.33,-0.96,0.42,0.56,-0.88,-1.59,0.58,0.0,0.0,0.0,2.05,False,False,
N44Y,0.35,-2.3,1.19,-1.74,-0.59,0.52,1.37,0.93,-1.78,0.0,1.07,0.0,0.0,0.0,1.14,True,False,
V313W,0.41,-1.16,0.73,-0.81,-0.17,-0.31,-0.18,0.38,-0.93,0.23,0.81,0.0,0.0,0.0,1.59,False,False,
E116F,1.18,0.49,-0.06,-0.13,0.48,0.03,-0.79,-0.03,-0.01,0.0,-2.15,0.0,0.0,0.0,1.32,False,False,
A141L,-0.9,-0.92,1.5,-1.56,-0.37,-1.08,0.79,1.94,-0.66,0.0,0.27,0.0,0.0,0.0,1.66,False,False,
S365Y,1.36,0.25,-1.15,1.41,0.29,-1.12,-1.47,-1.12,-0.01,0.0,0.56,0.0,0.0,0.0,6.94,False,False,
T72L,-0.25,-0.62,-0.29,-0.02,-0.37,-0.01,0.05,-0.2,-0.01,0.0,0.68,0.0,0.0,0.0,1.42,False,False,
S226E,0.79,-0.33,0.76,-0.6,-1.96,-0.04,0.08,1.05,-0.66,-0.03,-0.13,0.0,0.0,0.0,2.07,False,False,
S247I,1.1,-1.89,0.71,-0.76,0.1,0.78,-0.13,0.52,-0.9,0.22,-0.81,0.0,0.0,0.0,2.9,False,False,
L443D,-0.13,0.62,-1.29,1.15,0.75,-0.2,-0.68,-1.1,-0.63,-0.93,1.34,0.0,0.0,0.0,1.98,True,False,
H51F,1.21,0.26,0.7,-0.74,-0.06,-1.0,-1.39,0.49,-0.55,0.0,0.0,0.0,0.0,0.0,2.06,False,False,
R433H,0.92,-0.34,-1.25,1.48,-0.4,-0.56,-1.21,-1.41,0.53,0.0,1.16,0.0,0.0,0.0,3.01,False,False,
P400R,0.34,-0.29,0.61,-0.58,1.28,-1.65,-0.89,0.45,-0.01,0.0,-0.35,0.0,0.0,0.0,1.63,True,False,
S226I,-1.61,-0.13,1.51,-1.48,-0.56,-0.49,0.26,1.39,0.0,-0.37,0.36,0.0,0.0,0.0,1.98,False,False,
K328W,1.5,-1.63,1.36,-1.54,-1.51,0.35,-1.16,1.28,0.0,0.05,0.18,0.0,0.0,0.0,2.08,False,False,
D391V,1.98,-0.32,0.79,-0.57,-0.53,-1.25,-1.03,0.67,0.41,0.0,-1.28,0.0,0.0,0.0,1.19,False,False,
A366V,0.27,0.29,-1.3,1.23,-1.47,-1.39,-0.32,-1.33,1.74,0.08,1.07,0.0,0.0,0.0,1.67,False,False,
K136Y,0.49,-0.11,0.63,-0.58,-2.55,-0.03,0.05,0.96,-0.76,0.0,0.76,0.0,0.0,0.0,2.11,True,False,
D123Y,-0.63,1.42,0.77,-0.82,0.44,-0.13,-2.18,0.48,0.15,0.0,-0.65,0.0,0.0,0.0,1.71,False,False,
R338H,1.86,-1.95,-1.42,1.57,0.42,1.04,-0.79,-2.13,0.79,0.53,-1.07,0.0,0.0,0.0,2.43,False,False,
S308H,-1.22,-0.76,0.67,-0.71,-0.79,0.57,0.45,0.66,-0.82,0.34,0.44,0.0,0.0,0.0,1.24,False,False,
D146M,0.83,-1.14,-0.19,-0.01,-0.98,-1.57,1.0,-0.75,0.0,0.62,1.02,0.0,0.0,0.0,1.57,False,False,
S247T,1.8,-1.31,0.01,-0.19,0.8,-0.8,-1.37,-0.37,-0.26,0.0,0.5,0.0,0.0,0.0,1.67,False,False,
A435I,-0.77,-0.61,0.64,-0.53,0.71,-0.18,-0.5,0.61,-0.78,-1.27,1.49,0.0,0.0,0.0,1.63,False,False,
H185N,1.14,-0.03,-1.5,1.62,-1.55,1.32,0.05,-1.3,0.0,-0.59,-0.34,0.0,0.0,0.0,1.43,False,False,
S247H,0.77,-1.28,1.51,-1.5,0.12,-0.38,-1.73,1.25,-0.59,0.0,0.63,0.0,0.0,0.0,1.43,False,False,
R297V,-1.25,-0.82,0.74,-0.67,-0.2,-0.4,1.21,0.65,-0.81,0.27,0.09,0.0,0.0,0.0,2.44,False,False,
S421Y,-0.18,-0.92,0.7,-0.7,0.0,-0.62,0.05,1.24,-0.51,-0.51,0.25,0.0,0.0,0.0,1.68,False,False,
R31V,-0.02,-1.07,-1.35,1.7,-0.07,-0.27,-0.11,-1.12,1.74,0.0,-0.64,0.0,0.0,0.0,1.55,False,False,
G404E,0.23,0.34,0.67,-0.67,0.49,-0.14,-1.03,0.97,-0.63,-0.8,-0.67,0.0,0.0,0.0,1.68,False,False,
K380N,0.2,-1.54,1.49,-1.58,-0.92,0.61,0.63,1.66,-0.02,-0.07,-1.7,0.0,0.0,0.0,1.54,True,False,
R159M,0.08,-1.31,-1.9,1.38,0.96,1.19,0.53,-1.78,1.7,0.23,-2.31,0.0,0.0,0.0,1.29,False,False,
R31I,0.56,-1.09,-1.44,1.58,-0.35,-0.56,-0.89,-0.86,1.78,0.0,0.04,0.0,0.0,0.0,1.53,False,False,
L412W,1.58,0.5,1.54,-1.28,0.04,0.7,-2.1,1.6,-1.77,0.0,-0.72,0.0,-1.33,0.0,2.02,True,False,
D167N,-0.37,-1.14,0.69,-0.66,-0.43,0.69,0.55,0.78,-0.81,0.14,-0.67,0.0,0.0,0.0,1.46,False,False,
H74M,-0.22,-0.5,1.46,-1.45,0.68,-0.99,0.95,1.08,-1.77,0.23,-0.72,0.0,0.0,0.0,2.12,False,False,
R31Y,-0.35,-0.95,0.54,-0.66,-0.1,0.35,-0.5,0.21,0.0,0.0,0.21,0.0,0.0,0.0,2.3,True,False,
P400V,1.17,-0.74,0.13,0.08,0.17,-2.11,-0.74,0.04,-0.01,0.0,0.75,0.0,0.0,0.0,1.13,True,False,
S421M,-0.23,-0.72,0.0,0.15,0.11,0.0,0.0,0.34,1.0,-0.18,-1.74,0.0,0.0,0.0,1.23,False,False,
V170F,0.62,-2.38,1.19,-1.74,-0.14,1.08,1.1,0.93,-1.78,0.0,-0.18,0.0,0.0,0.0,2.1,False,False,
D446T,0.17,-0.84,-1.22,1.27,0.36,0.35,-0.53,-1.58,1.74,0.0,-1.02,0.0,0.0,0.0,1.13,False,False,
A152Y,0.71,0.84,1.5,-1.56,-0.67,-0.77,-1.31,1.94,-0.66,0.0,-1.34,0.0,0.0,0.0,4.26,False,False,
S226Y,0.35,-0.59,-1.18,1.13,-0.42,0.42,-0.26,-0.97,0.0,0.0,0.2,0.0,0.0,0.0,5.16,False,False,
R75Q,-0.84,0.24,0.72,-0.8,-0.59,-0.22,-1.03,1.05,-0.66,0.0,0.79,0.0,0.0,0.0,2.21,True,False,
R332L,0.91,0.5,-1.82,1.07,-1.13,-1.01,0.0,-1.7,1.76,0.1,-0.04,0.0,0.0,0.0,1.45,False,False,
S308M,-0.02,0.25,0.62,-0.74,-0.62,0.13,-0.71,0.59,-0.59,0.0,-0.27,0.0,0.0,0.0,4.14,False,False,
V221N,-0.13,-0.44,0.04,-0.1,0.54,-0.71,-1.37,0.84,-0.63,0.0,0.59,0.0,0.0,0.0,2.47,True,False,
S226K,-0.04,-0.7,-0.39,0.02,-2.17,0.18,1.63,-0.02,0.06,0.14,-0.13,0.0,0.0,0.0,1.12,False,False,
R411F,1.38,-0.1,0.71,-0.73,0.0,-0.45,0.18,0.48,-0.89,0.0,-0.7,0.0,-1.33,0.0,1.9,False,False,
S162M,0.67,-2.62,0.12,-0.14,0.02,-0.82,0.79,0.02,-0.02,0.23,0.27,0.0,0.0,0.0,1.27,False,False,
R411W,0.55,-2.1,0.12,0.06,-0.13,-0.06,0.0,0.11,0.02,0.09,1.02,0.0,-1.13,0.0,3.28,False,False,
A141F,-0.05,-2.1,-0.13,-0.01,0.41,-0.68,-0.11,-0.29,-0.01,0.0,1.49,0.0,0.0,0.0,1.73,False,False,
N461F,0.85,-0.13,-0.29,0.04,-1.13,0.06,0.0,-0.31,0.96,-0.19,-1.34,0.0,0.0,0.0,3.63,False,False,
D446W,1.99,-0.89,-1.82,1.23,0.56,-0.16,-0.05,-1.47,1.36,-3.02,0.75,0.0,0.0,0.0,1.67,False,False,
R112H,0.62,0.59,-0.02,-0.13,0.57,-0.17,-2.1,0.21,-0.53,0.0,-0.56,0.0,0.0,0.0,1.15,False,False,
R456W,1.53,-0.12,-1.42,1.66,0.23,-0.07,-1.21,-0.76,-0.01,0.0,-0.27,0.0,-1.13,0.0,1.4,False,False,
D113V,0.1,-0.89,-1.26,1.16,-0.17,0.27,-0.16,-0.85,0.0,0.0,0.21,0.0,0.0,0.0,1.14,False,False,
D450L,0.37,-1.74,0.67,-0.62,-0.37,0.71,-0.24,0.76,-0.89,0.0,-0.23,0.0,0.0,0.0,1.32,True,False,
A141H,0.69,-1.39,-1.17,1.39,-0.59,0.42,0.21,-0.89,-0.66,0.0,0.43,0.0,0.0,0.0,1.25,True,False,
N183M,-0.55,-0.96,1.42,-1.38,-0.59,0.23,1.26,1.35,-1.69,0.14,-0.81,0.0,0.0,0.0,1.66,False,False,
S365R,1.04,0.18,-1.4,1.42,0.03,-0.4,-0.95,-1.79,-0.01,0.0,0.3,0.0,0.0,0.0,1.13,True,False,
R476H,1.3,-0.86,-1.42,1.14,0.82,-0.09,-0.58,-1.2,1.74,0.0,-2.44,0.0,0.0,0.0,1.92,False,False,
E253F,-1.22,-0.87,0.6,-0.69,-0.44,-0.12,0.68,0.61,-0.8,0.3,0.36,0.0,0.0,0.0,1.41,False,False,
A199W,0.82,0.77,1.29,-1.41,-0.56,0.4,-0.68,1.05,-1.69,0.62,-2.24,0.0,0.0,0.0,1.23,False,False,
S308A,-0.25,0.79,0.77,-0.6,-3.13,-0.04,-0.16,1.33,-0.71,-0.03,0.4,0.0,0.0,0.0,1.6,False,False,
N445K,0.91,-2.0,-2.2,1.02,0.39,0.79,0.21,-2.16,1.78,0.0,-0.38,0.0,0.0,0.0,1.22,True,False,
D145W,-0.49,-0.23,0.67,-0.81,1.59,-0.89,0.66,0.39,-0.97,0.23,-1.78,0.0,0.0,0.0,1.94,False,False,
S398A,-0.56,-0.62,-1.36,1.19,0.87,-0.32,-0.53,-1.86,1.78,0.0,-0.23,0.0,0.0,0.0,1.22,False,False,
D167Q,0.3,0.17,1.58,-1.25,-1.17,-0.04,-2.21,2.1,-1.44,0.05,0.27,0.0,0.0,0.0,1.25,False,False,
Q87F,-0.37,-0.96,-1.13,1.58,-0.35,-0.61,-0.79,-0.8,1.75,0.0,0.0,0.0,0.0,0.0,4.02,False,False,
S162I,-0.16,-2.15,-1.6,1.14,0.9,-0.66,0.68,-1.5,1.46,0.23,0.0,0.0,0.0,0.0,1.64,False,False,
L181W,-0.39,-0.89,0.07,-0.04,-0.58,0.45,-0.68,0.24,-0.15,-0.37,0.68,0.0,0.0,0.0,1.66,False,False,
R338M,0.0,-0.69,1.65,-1.46,-0.64,0.48,0.89,1.97,-1.78,-0.75,-1.34,0.0,0.0,0.0,2.1,False,False,
R302L,-0.32,-1.6,0.76,-0.65,0.12,0.23,0.58,0.8,-0.85,0.17,-0.94,0.0,0.0,0.0,1.39,False,False,
V221L,0.03,-0.57,-0.07,-0.12,-0.18,-0.02,-0.21,0.03,-0.59,0.0,0.0,0.0,0.0,0.0,2.74,False,False,
R489H,0.67,-1.07,-1.56,1.23,0.5,0.57,-0.21,-1.66,1.78,0.0,-1.97,0.0,0.0,0.0,3.29,False,False,
R338W,0.92,-0.37,1.59,-1.43,-1.28,1.13,-1.68,1.62,-1.77,-0.09,-0.36,0.0,0.0,0.0,7.66,False,False,
A284E,-2.81,-0.25,0.07,0.03,-0.08,0.76,0.84,0.12,0.07,0.11,-0.57,0.0,0.0,0.0,1.36,False,False,
T509A,-0.97,-0.74,0.67,-0.66,-0.37,0.76,1.39,0.59,-0.84,-0.61,-0.96,0.0,0.0,0.0,2.29,False,False,
R84H,0.51,0.57,1.51,-1.5,0.51,0.3,-0.42,1.25,-0.59,-2.12,-1.79,0.0,0.0,0.0,2.9,True,False,
T238M,-0.86,1.12,0.82,-0.86,0.73,-1.62,-1.18,1.18,-0.66,-0.09,-0.35,0.0,0.0,0.0,1.25,False,False,
S365Q,1.37,1.72,0.66,-0.55,0.49,-3.05,-4.02,0.45,-0.01,0.0,1.11,0.0,0.0,0.0,2.15,True,False,
E116Y,0.68,-0.54,0.74,-0.87,-0.51,-0.69,-0.32,1.24,-0.26,0.0,-1.31,0.0,0.0,0.0,1.6,True,False,
D192S,-1.14,0.47,1.42,-1.38,-0.19,-0.74,0.47,1.35,-1.69,-0.42,0.0,0.0,0.0,0.0,1.13,False,False,
N395F,0.91,-1.86,0.15,0.05,0.12,-0.26,0.11,0.27,0.25,0.13,-1.76,0.0,0.0,0.0,1.14,False,False,
D285T,-0.39,-1.42,0.88,-0.7,-2.2,1.31,1.52,1.16,-0.89,0.11,-1.27,0.0,0.0,0.0,2.17,False,False,
T169I,1.14,-1.19,1.42,-1.59,-0.04,-0.97,-0.11,1.29,-1.77,0.02,-0.09,0.0,0.0,0.0,1.61,True,False,
S247L,-0.39,-1.43,1.46,-1.45,1.71,-0.19,-0.89,1.08,-1.77,0.23,-0.27,0.0,0.0,0.0,3.03,False,False,
A436V,-0.94,-0.59,1.54,-1.28,1.38,-1.42,-0.53,1.6,-1.77,0.0,0.09,0.0,0.0,0.0,1.61,False,False,
R31W,0.54,-0.84,-1.1,1.18,-0.4,0.04,-0.16,-1.27,0.0,0.0,0.07,0.0,0.0,0.0,3.12,False,False,
I39P,-0.03,0.2,-0.15,-0.09,-0.14,-0.48,-0.47,-0.21,-0.66,0.0,0.09,0.0,0.0,0.0,1.47,False,False,
R84V,0.37,-0.7,0.15,-0.26,1.25,0.23,-0.11,-0.02,-0.55,0.0,-2.31,0.0,0.0,0.0,1.34,False,False,
G327M,1.56,0.55,0.11,0.22,-0.07,-2.6,-1.73,0.08,-0.01,0.0,-0.07,0.0,0.0,0.0,1.73,False,False,
A283F,-1.85,0.39,-0.13,0.05,-0.74,-0.55,0.63,-0.02,0.0,0.34,-0.11,0.0,0.0,0.0,1.2,False,False,
A141W,1.09,-1.02,0.78,-0.79,-0.37,0.17,-0.89,1.09,-0.56,0.0,-1.46,0.0,0.0,0.0,3.92,False,False,
K407L,2.22,-1.0,0.71,-0.57,0.47,1.02,-1.34,0.78,-0.88,0.0,-3.81,0.0,0.4,0.0,1.68,False,False,
H51M,0.96,-0.81,-0.01,-0.14,0.13,-0.17,-1.42,0.5,-0.66,0.0,-0.38,0.0,0.0,0.0,2.83,False,False,
R112F,1.17,-1.54,0.81,-0.78,0.21,-1.28,-1.08,0.61,0.11,0.0,-0.24,0.0,0.0,0.0,1.84,False,False,
R75I,1.14,-0.87,-0.22,-0.11,-0.44,-1.0,-0.32,0.01,-0.65,0.0,0.41,0.0,0.0,0.0,3.84,True,False,
Q87H,-0.22,-0.64,-1.24,1.48,0.19,-0.93,-1.21,-0.73,1.77,0.0,-0.52,0.0,0.0,0.0,1.73,True,False,
S365W,1.04,0.62,-1.15,1.42,-0.03,-0.98,-1.95,-1.14,-0.01,0.0,0.13,0.0,0.0,0.0,4.6,False,False,
R84L,0.41,0.16,0.76,-0.75,0.47,-0.99,-0.81,0.51,-0.14,0.0,-1.7,0.0,0.0,0.0,2.51,False,False,
R456Y,2.07,-1.36,0.67,-0.59,0.28,-1.6,0.0,0.51,-0.01,0.0,-0.74,0.0,-1.29,0.0,2.3,False,False,
G404A,0.58,-1.09,0.13,0.12,-0.63,-0.14,-0.58,0.38,0.01,0.0,-0.86,0.0,0.0,0.0,1.59,True,False,
R489Q,-0.19,-0.32,0.73,-0.72,2.4,-0.29,-0.53,1.16,-0.34,-3.85,-0.15,0.0,0.0,0.0,1.33,True,False,
V170W,1.1,-1.63,1.19,-1.74,-0.49,0.35,-0.21,0.93,-1.78,0.0,0.18,0.0,0.0,0.0,3.91,False,False,
T414R,-1.06,1.29,0.52,-0.77,-1.31,0.08,0.24,0.66,-0.84,0.06,-1.02,0.0,0.0,0.0,2.17,False,False,
S308I,1.6,-1.33,-0.2,0.08,-1.44,0.29,0.05,0.68,0.0,-0.59,-1.31,0.0,0.0,0.0,4.23,True,False,
R75M,-0.41,0.4,0.13,-0.11,0.37,-1.05,-2.05,0.72,-0.58,0.0,0.43,0.0,0.0,0.0,1.28,False,False,
R476P,-0.73,-0.11,0.79,-0.6,1.1,-0.05,-1.84,0.86,-0.88,0.0,-0.73,0.0,0.0,0.0,3.21,False,False,
E78Y,1.11,0.29,0.49,-0.6,0.02,-0.77,-1.0,0.37,0.0,0.0,-2.1,0.0,0.0,0.0,1.32,False,False,
T414L,0.34,0.09,0.73,-0.57,-2.18,-0.03,-1.26,1.12,-0.65,-0.01,0.24,0.0,0.0,0.0,2.5,False,False,
E85V,-0.35,-2.27,-1.56,1.67,-0.18,-0.9,0.53,-1.14,1.75,0.0,0.27,0.0,0.0,0.0,1.87,False,False,
D115V,-0.14,-0.79,-1.29,1.18,-0.04,0.26,-0.32,-1.03,0.0,0.0,-0.04,0.0,0.0,0.0,1.12,False,False,
D285M,-1.71,-0.89,-0.14,0.04,-0.07,0.22,0.0,0.4,0.8,0.0,-0.88,0.0,0.0,0.0,2.47,False,False,
A179R,0.03,-0.99,0.66,-0.69,-0.49,-1.25,1.0,0.42,-0.82,0.62,-0.71,0.0,0.0,0.0,1.84,True,False,
E78W,-1.09,-1.17,-0.02,-0.02,0.1,0.57,0.05,-0.31,0.0,0.0,-0.34,0.0,0.0,0.0,2.81,False,False,
N44F,-0.32,-2.22,0.59,-0.93,0.22,-0.15,1.18,0.46,-1.05,0.0,0.0,0.0,0.0,0.0,1.18,False,False,
R411Y,0.77,-0.19,0.65,-0.65,-0.17,-0.31,-0.08,0.37,-0.89,0.0,-0.44,0.0,-1.29,0.0,1.26,False,False,
E230N,-1.34,-2.05,1.42,-1.38,-0.43,0.67,1.79,1.35,-1.69,-0.2,-0.36,0.0,0.0,0.0,1.55,True,False,
R112L,0.39,-1.83,-0.34,0.06,0.2,0.66,0.05,0.24,0.0,-0.03,-1.7,0.0,0.0,0.0,1.68,False,False,
S226H,-0.58,0.07,0.48,-0.64,-2.76,-0.02,0.05,0.65,-0.64,-0.01,1.08,0.0,0.0,0.0,2.95,True,False,
K136H,0.59,0.0,0.71,-0.73,-0.24,0.05,-2.37,0.68,-0.78,0.0,-0.23,0.0,0.0,0.0,1.13,False,False,
T238W,-0.5,0.62,0.73,-0.86,0.86,-0.44,-2.26,1.06,-0.66,0.0,-0.87,0.0,0.0,0.0,1.4,False,False,
D391W,1.4,0.15,-1.03,1.5,-0.39,-0.79,-1.21,-1.32,0.4,0.0,-1.02,0.0,0.0,0.0,2.66,False,False,
T41V,0.46,-0.66,0.76,-0.92,0.04,0.3,0.08,0.77,-0.89,-2.87,0.56,0.0,0.0,0.0,1.25,False,False,
D285Q,0.53,-1.09,0.91,-0.8,-1.7,0.44,0.55,1.21,-0.89,0.52,-2.07,0.0,0.0,0.0,2.41,True,False,
N30I,-1.31,-1.64,0.53,-0.91,-0.41,-0.25,1.37,0.36,-0.89,0.0,0.74,0.0,0.0,0.0,1.54,False,False,
S349M,-0.44,-0.45,-1.33,1.67,-0.27,0.06,0.0,-1.66,1.7,-0.42,-1.29,0.0,0.0,0.0,1.23,True,False,
R84F,-0.23,0.65,-1.63,1.55,0.18,0.12,-1.79,-1.81,1.77,0.0,-1.27,0.0,0.0,0.0,6.17,False,False,
E253I,-0.56,-0.34,-1.34,1.55,-0.33,0.48,-0.11,-0.92,-0.93,0.0,0.04,0.0,0.0,0.0,1.23,False,False,
D391H,1.77,-0.66,0.59,-0.5,-1.49,-1.41,0.0,0.38,0.58,0.0,-1.72,0.0,0.0,0.0,1.56,True,False,
R84I,-0.09,-0.44,0.82,-0.81,0.0,-0.52,-0.84,0.63,-0.37,0.0,-0.85,0.0,0.0,0.0,2.16,False,False,
A152T,-0.58,0.96,0.8,-0.78,-0.63,-1.16,-1.31,0.51,-0.44,0.0,0.14,0.0,0.0,0.0,1.89,True,False,
V221A,0.48,-0.23,-1.67,1.52,0.41,-0.57,-0.47,-2.23,0.73,0.0,-0.47,0.0,0.0,0.0,1.74,False,False,
N224Y,-0.89,1.5,0.94,-0.78,-1.94,-1.53,-0.05,1.12,-0.88,0.0,-0.01,0.0,0.0,0.0,1.35,False,False,
E85Y,-0.16,-0.47,-0.07,-0.04,-0.05,-1.24,-0.32,-0.1,-0.01,0.0,-0.07,0.0,0.0,0.0,2.86,True,False,
S18A,0.39,-2.38,0.5,-0.64,-0.42,-1.36,2.16,0.17,0.0,0.0,-0.94,0.0,0.0,0.0,1.22,False,False,
S218V,0.33,1.17,-1.56,1.36,-1.07,-1.62,-0.26,-2.33,1.72,0.59,-0.93,0.0,0.0,0.0,1.19,False,False,
R473P,0.92,-0.16,0.77,-0.7,-0.45,-0.28,-1.87,0.9,-0.88,0.0,-0.9,0.0,0.0,0.0,1.26,False,False,
G404Y,0.65,1.34,1.54,-1.28,-0.62,-0.68,-2.37,1.6,-1.77,0.0,-1.07,0.0,0.0,0.0,2.16,True,True,1.0
D115M,0.84,-1.15,0.53,-0.94,0.01,-1.37,-0.95,0.48,-0.96,0.0,0.81,0.0,0.0,0.0,1.15,False,False,
R459H,-0.9,-0.47,0.06,0.12,-0.26,0.06,-1.47,0.35,0.34,-0.03,-0.48,0.0,0.0,0.0,1.14,False,False,
R302Q,-0.83,-1.38,1.42,-1.38,-0.75,-0.07,1.26,1.35,-1.69,0.26,-0.9,0.0,0.0,0.0,1.12,True,False,
D115W,0.81,-0.49,0.56,-0.89,0.29,-0.87,-1.21,0.38,-0.9,0.0,-0.43,0.0,0.0,0.0,3.51,False,False,
E78P,-1.6,-0.32,0.03,-0.11,-0.19,-0.22,-1.0,0.04,0.0,0.0,0.63,0.0,0.0,0.0,1.16,False,False,
V170L,0.77,-2.63,-0.13,-0.06,0.19,-0.83,0.05,-0.14,-0.03,0.0,0.05,0.0,0.0,0.0,1.25,True,False,
N22H,0.58,-1.34,-1.36,1.0,-0.08,-0.39,-0.47,-1.26,0.0,0.0,0.54,0.0,0.0,0.0,4.17,False,False,
K136F,0.54,-0.47,-2.24,1.14,-2.17,0.02,0.95,-2.52,1.21,-0.05,0.79,0.0,0.0,0.0,1.61,False,False,
A217P,-0.3,-0.58,0.86,-0.6,-4.59,-0.04,1.31,1.09,-0.64,0.01,0.65,0.0,0.0,0.0,1.34,False,False,
S398E,0.86,-2.22,0.84,-0.7,-0.97,0.27,-0.45,0.99,-0.88,0.0,-0.58,0.0,0.0,0.0,1.17,False,False,
D142W,0.49,-1.95,0.8,-0.84,0.47,-0.5,0.24,0.43,-0.41,0.0,-1.58,0.0,0.0,0.0,3.64,False,False,
G404I,1.24,-0.84,1.54,-1.28,-1.05,-0.15,-0.53,1.6,-1.77,0.0,-1.61,0.0,0.0,0.0,1.47,False,False,
D115L,1.01,-1.67,0.6,-0.93,-0.95,0.18,0.53,0.54,-0.91,0.0,-1.25,0.0,0.0,0.0,2.06,False,False,
R302T,-1.23,-1.64,0.65,-0.69,-0.78,0.24,1.37,0.55,-0.84,0.35,-0.84,0.0,0.0,0.0,1.7,False,False,
H354W,0.95,-0.1,1.34,-1.51,0.23,-1.3,-0.21,1.0,-1.78,0.0,-1.52,0.0,0.0,0.0,3.54,False,False,
V221D,-1.0,-0.74,-1.42,1.53,-0.04,-0.31,-1.0,-1.21,1.71,0.0,-0.43,0.0,0.0,0.0,1.75,True,False,
D142L,0.41,0.07,1.51,-1.5,0.54,-1.7,-2.26,1.25,-0.59,0.0,-0.63,0.0,0.0,0.0,1.54,False,False,
S18V,0.43,0.82,1.42,-1.59,-0.24,-0.51,-0.89,1.29,-1.77,-1.07,-0.81,0.0,0.0,0.0,1.16,False,False,
E85F,-2.06,1.2,0.72,-0.92,-0.22,-1.03,-1.13,1.12,-0.66,0.0,0.04,0.0,0.0,0.0,2.19,False,False,
T278L,-0.07,-0.01,0.68,-0.6,-3.61,-0.02,1.0,1.07,-0.67,-0.05,-0.67,0.0,0.0,0.0,2.25,True,False,
T254M,0.15,-0.08,0.56,-0.71,-1.85,0.27,0.34,0.56,-0.85,0.0,-1.37,0.0,0.0,0.0,1.27,False,False,
V221T,0.52,-0.81,0.56,-0.9,0.68,-0.53,-0.13,0.85,-0.58,0.0,-2.64,0.0,0.0,0.0,2.06,False,False,
D323H,1.21,-2.79,-0.02,-0.12,-0.67,0.31,0.05,-0.38,0.27,0.31,-1.24,0.0,0.0,0.0,2.05,True,False,
N30M,-0.98,-0.79,-0.18,-0.04,-0.04,-1.06,0.05,-0.02,-0.02,0.0,0.0,0.0,0.0,0.0,1.79,False,False,
D446Q,-0.51,0.76,0.79,-0.55,0.31,-1.51,-1.87,0.84,-0.88,0.0,-0.46,0.0,0.0,0.0,1.29,False,False,
D123P,-0.19,-0.81,-0.09,-0.08,0.68,-0.53,-1.68,0.41,-0.57,0.0,-0.25,0.0,0.0,0.0,1.65,True,False,
E85L,1.58,-2.24,0.57,-0.89,-0.04,-0.13,-0.03,0.41,-0.91,0.0,-1.43,0.0,0.0,0.0,1.61,False,False,
D115F,-1.28,-0.2,1.19,-1.74,-0.19,-0.44,0.05,0.93,-1.78,0.0,0.36,0.0,0.0,0.0,1.76,False,False,
A199F,1.25,-0.96,-0.31,0.04,-0.84,1.34,-0.21,-0.76,0.0,-0.32,-2.36,0.0,0.0,0.0,3.87,True,False,
P400K,0.29,-0.1,1.34,-1.51,-0.46,-0.92,-1.52,1.0,-1.78,0.0,0.45,0.0,0.0,0.0,2.33,False,False,
R489K,0.76,-1.43,1.45,-1.51,2.05,0.38,-0.21,1.94,-0.69,-5.33,-0.63,0.0,0.0,0.0,1.52,False,False,
R112M,0.29,-1.98,0.02,-0.13,0.74,-0.35,-0.37,-0.56,0.27,0.0,-1.16,0.0,0.0,0.0,1.57,False,False,
N445E,-0.72,-1.35,0.75,-0.72,-1.24,-0.29,0.05,1.31,-0.03,-0.07,-0.97,0.0,0.0,0.0,1.27,True,False,
S209P,-1.0,1.95,1.29,-1.41,0.07,-3.67,-0.42,1.05,-1.69,0.6,-0.09,0.0,0.0,0.0,2.07,True,False,
Q258L,0.67,-0.17,0.15,-0.21,-2.73,-0.34,0.0,0.22,-0.02,0.09,-1.0,0.0,0.0,0.0,1.77,False,False,
K65W,1.15,-2.47,0.78,-0.9,0.22,0.31,-1.89,0.55,-0.22,0.0,-0.87,0.0,0.0,0.0,2.45,False,False,
T72M,-0.47,-0.84,0.54,-0.66,-0.36,0.56,0.0,0.32,0.0,0.0,-2.44,0.0,0.0,0.0,1.29,False,False,
T414M,0.93,-2.49,0.64,-0.76,-0.8,-1.22,0.74,0.47,-0.88,0.62,-0.6,0.0,0.0,0.0,2.3,False,False,
T506M,-2.16,0.44,0.7,-0.71,-1.0,0.65,0.11,0.77,-0.84,0.06,-1.43,0.0,0.0,0.0,1.16,False,False,
A273F,-0.27,-0.69,-1.47,1.36,-1.33,-0.32,-0.21,-1.48,1.36,0.34,-0.73,0.0,0.0,0.0,1.7,False,False,
V221F,0.36,-0.35,-1.38,1.37,-0.39,-1.04,-1.52,-2.17,1.06,0.0,0.63,0.0,0.0,0.0,1.62,False,False,
D285A,-1.18,2.38,-0.12,-0.05,-2.48,-1.17,0.0,0.14,-0.01,0.01,-0.98,0.0,0.0,0.0,1.42,True,False,
V221S,0.19,-0.3,-1.82,1.41,-0.2,-0.53,-1.21,-1.42,-0.61,0.0,1.0,0.0,0.0,0.0,1.97,False,False,
S331F,-0.86,-0.89,-1.3,1.41,-0.18,-0.45,0.0,-0.55,-0.93,0.0,0.27,0.0,0.0,0.0,1.85,False,False,
T229V,0.84,-1.48,-0.15,-0.23,0.62,-0.86,-2.37,0.34,-0.66,0.0,0.43,0.0,0.0,0.0,1.12,False,False,
H51I,0.32,-1.88,-0.15,-0.07,0.04,-0.8,0.26,-0.58,-0.24,0.0,-0.41,0.0,0.0,0.0,2.0,False,False,
N445W,0.49,-0.35,-1.97,1.1,-0.27,-0.39,-1.89,-2.55,1.74,0.0,0.57,0.0,0.0,0.0,2.17,False,False,
R31H,-0.7,0.13,0.0,-0.09,0.44,-1.61,-1.1,-0.18,0.0,0.0,-0.47,0.0,0.0,0.0,1.48,False,False,
R27N,-0.44,-0.45,-1.19,1.12,-0.24,-0.09,-0.53,-1.12,0.0,0.0,-0.7,0.0,0.0,0.0,1.21,True,False,
V221K,-0.73,0.15,-0.1,-0.21,1.09,-0.74,-1.84,-0.3,-0.59,0.0,-0.38,0.0,0.0,0.0,2.44,False,False,
S226Q,-0.56,-1.95,0.61,-0.91,-0.51,0.6,0.89,0.44,-0.9,0.0,-1.37,0.0,0.0,0.0,1.32,False,False,
T169L,0.44,-2.63,-1.16,1.22,0.05,-0.67,0.11,-1.28,1.77,-0.46,-1.06,0.0,0.0,0.0,1.41,False,False,
E85I,-0.11,-1.26,-0.07,-0.02,-0.42,-0.49,-0.37,0.04,-0.02,0.0,-0.98,0.0,0.0,0.0,1.58,False,False,
E43W,0.15,-1.53,0.01,-0.07,-0.26,-0.1,0.11,-0.03,-0.03,-0.96,-1.02,0.0,0.0,0.0,1.51,False,False,
R456I,0.62,-0.03,1.31,-1.24,-0.85,-2.68,-2.0,1.07,-0.01,0.0,0.9,0.0,-0.81,0.0,1.59,False,False,
S421F,0.14,0.23,-1.34,1.38,2.87,0.07,-0.16,-0.73,-0.69,-5.42,-0.09,0.0,0.0,0.0,2.3,False,False,
H164K,-0.85,-0.02,-1.53,1.43,0.04,-0.15,-1.31,-2.45,0.78,0.0,0.23,0.0,0.0,0.0,2.14,False,False,
R75T,1.52,-1.35,0.66,-0.85,-0.49,-1.4,-1.31,1.02,-0.66,0.0,-1.02,0.0,0.0,0.0,3.55,True,False,
V170Y,0.28,-1.8,1.19,-1.74,-0.32,0.09,-0.21,0.93,-1.78,0.0,-0.54,0.0,0.0,0.0,2.04,True,False,
N22Y,1.14,-2.74,-0.01,-0.05,-0.14,-0.06,0.26,-0.15,0.0,-2.31,0.16,0.0,0.0,0.0,2.53,False,False,
R252T,-0.8,-1.07,0.72,-0.74,-0.49,0.3,0.47,0.88,-0.84,0.35,-2.75,0.0,0.0,0.0,1.48,True,False,
H185R,-0.28,-2.3,-0.03,0.0,-0.73,-1.04,0.11,0.04,0.0,0.33,-0.09,0.0,0.0,0.0,1.89,True,False,
T244I,-0.76,-1.91,0.02,-0.08,-0.77,-1.05,0.32,0.13,-0.61,0.0,0.72,0.0,0.0,0.0,1.89,False,False,
R222Y,0.25,-0.23,-2.31,1.66,-3.01,0.01,0.63,-2.42,1.66,-0.04,-0.25,0.0,0.0,0.0,3.31,False,False,
R27I,-1.51,-0.84,0.17,-0.12,0.14,-1.56,0.26,0.25,-0.02,-0.79,-0.02,0.0,0.0,0.0,1.63,False,False,
R497F,0.23,0.54,0.08,0.01,2.59,0.8,-0.16,0.46,-0.69,-6.14,-1.76,0.0,0.0,0.0,3.4,False,False,
R222L,0.44,-0.55,-1.65,1.64,-2.07,0.18,-1.05,-3.02,1.82,0.0,0.05,0.0,0.0,0.0,2.16,False,False,
A76P,0.78,-0.64,0.01,-0.21,-0.78,-0.63,-1.0,-0.03,-0.01,-1.42,-0.3,0.0,0.0,0.0,1.51,False,False,
D123K,0.37,-0.5,-1.52,1.39,1.15,-0.95,-2.05,-1.36,-0.45,0.0,-0.43,0.0,0.0,0.0,1.28,False,False,
D192T,-1.29,-1.04,0.05,0.13,-0.39,-0.23,0.11,-0.27,0.07,0.35,-1.83,0.0,0.0,0.0,2.03,True,False,
R31F,-0.12,-1.91,0.54,-0.92,-0.85,-0.22,-1.05,0.53,-0.89,0.0,0.51,0.0,0.0,0.0,2.03,False,False,
D146F,-0.46,-0.42,-1.46,1.33,-0.86,-1.43,-0.21,-2.44,1.5,0.62,-0.66,0.0,0.0,0.0,2.09,False,False,
S226L,0.08,-1.21,0.5,-0.87,-0.06,-1.24,-1.05,0.38,-0.91,0.0,-0.13,0.0,0.0,0.0,2.03,False,False,
G404K,0.34,-0.64,0.56,-0.47,-0.04,-1.39,-4.18,0.72,-0.88,0.0,1.47,0.0,0.0,0.0,2.14,False,False,
R27V,-0.94,-0.81,1.06,-1.24,-0.7,-0.56,-1.0,0.75,0.0,0.0,-1.07,0.0,0.0,0.0,1.8,False,False,
S18L,0.74,-2.37,0.71,-0.78,0.08,-0.51,0.37,0.64,-0.88,-1.87,-0.68,0.0,0.0,0.0,1.65,False,False,
Q87W,0.3,-1.21,1.19,-1.74,-0.14,-0.5,-1.26,0.93,-1.78,0.0,-0.36,0.0,0.0,0.0,4.74,False,False,
T229I,-0.61,-1.89,0.59,-0.9,-0.11,-0.58,0.26,0.5,-0.89,0.0,-1.04,0.0,0.0,0.0,1.26,False,False,
H185M,-0.37,-1.22,0.61,-0.79,-1.13,-0.06,-0.55,0.63,-0.84,-0.33,-0.62,0.0,0.0,0.0,1.3,False,False,
R476S,-0.17,-0.16,0.64,-0.67,-0.81,-0.98,-0.89,0.63,-0.88,0.0,-1.4,0.0,0.0,0.0,1.89,False,False,
G404L,0.09,-1.16,0.75,-0.56,0.04,-1.48,-0.68,0.82,-0.89,0.0,-1.66,0.0,0.0,0.0,2.75,False,False,
D391F,-0.79,0.63,0.64,-0.53,-0.27,-3.3,-1.66,0.5,-0.01,0.0,-0.01,0.0,0.0,0.0,2.12,False,False,
N45W,-0.39,-1.54,1.19,-1.74,-0.77,-0.4,0.58,0.93,-1.78,0.0,-0.9,0.0,0.0,0.0,2.41,False,False,
S226V,-0.78,-1.56,0.54,-0.9,-0.27,-1.31,-0.29,0.46,-0.89,0.0,0.15,0.0,0.0,0.0,1.63,False,False,
N22A,-2.08,-0.13,1.06,-1.24,0.25,-1.06,-1.0,0.75,0.0,0.0,-1.43,0.0,0.0,0.0,2.08,False,False,
A430F,1.46,0.17,-1.11,1.41,-0.2,-2.66,-2.68,-0.86,-0.01,0.0,-0.41,0.0,0.0,0.0,4.86,False,False,
A436D,1.21,0.12,0.71,-0.77,-0.24,-0.42,0.05,1.09,0.01,-0.13,0.58,-7.35,0.0,0.0,2.01,False,False,
D450K,0.58,-1.26,1.54,-1.28,-1.03,-1.14,-1.84,1.6,-1.77,0.0,-0.54,0.0,0.0,0.0,1.33,True,False,
E261Y,0.64,-1.51,-0.03,-0.01,-0.84,0.08,-2.05,-0.16,0.09,0.63,-2.06,0.0,0.0,0.0,4.68,False,False,
N30F,-0.3,-0.92,0.52,-0.87,-0.36,-1.86,-1.52,0.46,-0.91,0.0,0.5,0.0,0.0,0.0,1.83,False,False,
E116I,-0.12,-2.42,-0.22,-0.09,-0.53,-0.89,-0.26,-0.17,0.0,0.0,-0.57,0.0,0.0,0.0,1.43,False,False,
H51Y,0.54,-0.71,0.83,-0.87,-0.17,-0.46,0.97,1.27,-0.66,0.0,1.25,-7.35,0.0,0.0,1.77,True,False,
N30Y,-0.27,-0.76,-0.18,-0.15,-0.43,-0.87,-1.1,-0.17,0.0,0.0,-1.43,0.0,0.0,0.0,1.13,False,False,
R497T,1.26,-1.02,0.76,-0.8,2.13,-0.12,0.05,1.19,-0.65,-6.29,-2.06,0.0,0.0,0.0,1.21,True,False,
E85W,-1.46,0.0,0.54,-0.9,0.33,-2.03,-1.81,0.36,-0.9,0.0,0.31,0.0,0.0,0.0,2.57,False,False,
N30L,-1.12,-0.79,1.19,-1.74,-0.2,-1.28,0.32,0.93,-1.78,0.0,-1.16,0.0,0.0,0.0,1.94,False,False,
T244R,0.11,-0.55,-1.74,1.29,-0.36,-1.03,-0.95,-1.1,-0.34,0.0,-1.16,0.0,0.0,0.0,1.73,False,False,
K372W,-0.7,-1.93,0.72,-0.5,0.47,0.16,-0.24,0.89,-0.88,-2.54,-1.33,0.0,0.0,0.0,3.39,False,False,
A283Y,-0.17,-1.08,0.7,-0.63,-0.5,0.98,1.66,0.73,-0.85,0.35,0.07,-7.35,0.0,0.0,1.46,False,False,
D391L,0.33,-0.57,0.22,0.12,0.01,-3.68,-2.26,0.13,-0.01,0.0,-0.43,0.0,0.0,0.0,1.22,True,False,
S226W,-1.61,-1.37,0.52,-0.91,-0.23,-1.6,-0.39,0.47,-0.94,0.0,-0.41,0.0,0.0,0.0,1.39,False,False,
S398Y,-0.79,-0.61,0.79,-0.55,-0.28,-1.03,-3.05,0.92,-0.88,0.0,-1.07,0.0,0.0,0.0,1.26,True,False,
H287Y,2.81,-1.98,0.03,-0.05,-0.58,1.7,-0.37,-0.02,0.37,-0.13,-1.27,-7.35,0.0,0.0,1.27,True,False,
A436N,0.22,1.07,-1.42,1.35,0.63,-0.13,0.05,-1.42,-0.35,-0.27,0.52,-7.35,0.0,0.0,2.28,False,False,
N22T,-0.08,-1.96,1.19,-1.74,0.08,-1.42,-1.0,0.93,-1.78,-2.65,0.27,0.0,0.0,0.0,1.15,True,False,
E138I,0.06,-1.17,-1.78,1.03,-0.18,-0.93,-0.37,-2.49,-0.58,0.0,-1.86,0.0,0.0,0.0,1.59,False,False,
A436Q,1.09,-1.42,0.74,-0.59,-0.98,-0.42,-0.18,0.83,-0.88,0.0,0.78,-7.35,0.0,0.0,1.17,False,False,
D7H,-0.63,-2.17,0.59,-0.78,-0.63,-2.31,-0.95,0.56,-0.89,-1.43,-0.12,0.0,0.12,0.0,2.34,False,False,
D52W,-0.06,-1.0,0.5,-0.64,-0.55,-0.11,0.05,0.34,0.0,0.0,0.09,-7.35,0.0,0.0,1.25,False,False,
D285Y,0.97,-0.27,-1.43,1.34,0.06,1.14,0.95,-1.05,1.78,1.18,0.41,-14.69,0.0,0.0,1.69,True,False,
A436T,2.15,-2.01,-0.01,0.21,-0.53,-0.53,-0.89,0.15,0.01,0.0,-0.93,-7.35,0.0,0.0,1.91,False,False,
A436Y,0.08,-0.76,1.54,-1.28,-1.18,-0.7,-1.84,1.6,-1.77,0.0,1.07,-7.35,0.0,0.0,1.3,False,False,
A141Y,0.32,-1.71,1.19,-1.74,-0.35,-0.26,0.58,0.93,-1.78,0.0,-1.34,-7.35,0.0,0.0,1.36,True,False,
D7W,1.29,-1.61,1.42,-1.59,1.16,-3.3,-1.95,1.29,-1.77,-12.0,-0.72,0.0,0.81,0.0,2.76,False,False,
