,0,50,100,150,200,250,300,350,400,450,500,550,600,650,700,750,800,850,900,950,1000
E6P,-0.0017946346943590098,0.30545595521459284,0.2963640477123989,0.2903730217179,0.2906700809492098,0.28262653370859936,0.28398696844707016,0.28149060382695235,0.2998987183754262,0.2978136083927068,0.2981734794654355,0.2963296157572911,0.2888051201447908,0.286786733257645,0.2838256315712945,0.28276004824174283,0.28216307819830433,0.2786849714521272,0.2760807392954195,0.27591792312617436,0.2722444810336343
E6K,-0.18305966378189492,0.30344583124253466,0.2545434433372448,0.2754903910217368,0.28070803581120063,0.27734697841024364,0.28240898186918467,0.27401312078580864,0.30119470353752265,0.30979135860692264,0.30474962693599544,0.3017165405525534,0.29769612395901224,0.29386444900763264,0.2865793157714929,0.2913184925011737,0.2930013021246441,0.2871800158925193,0.282478029434719,0.28639774816416447,0.28474532985832696
E6Q,-0.3335722998732753,0.292607373603391,0.31458440296241297,0.30068163034709566,0.2806447051060617,0.27549154707201823,0.26537493228606523,0.25286645607576286,0.2661988110100329,0.26730036543111646,0.27579541865738844,0.2728222344962198,0.26528608693082883,0.2592392768087537,0.2587597925141805,0.2650976443617976,0.26336332639213333,0.25927163211254817,0.2574056304693214,0.2631072992366214,0.26292617803087165
E6R,-0.3639078154021213,0.6038824148417461,0.5638007701604633,0.5359633848305781,0.549899675268384,0.5420122552329211,0.5558284114013313,0.5515247072235183,0.568710716468929,0.5799764797036527,0.5773045770269343,0.5704450815450324,0.5646909611273498,0.567346357378425,0.5688126311949626,0.5735219157356747,0.5780608895483555,0.576224052702866,0.576183118939168,0.5795203026137917,0.5831913749797184
Q7R,-0.11552511841103308,0.16431275394670095,0.1358956720520143,0.0923072944284942,0.11783749099541052,0.14043184417815677,0.14086900201621136,0.13366321559199928,0.14160987397715297,0.14340233015895568,0.14684237427040397,0.1492199756450803,0.15782077768322814,0.1575554923835148,0.16862937598820024,0.18270663241954163,0.19600270603170236,0.2044245507587375,0.21444558725345883,0.22331289112531932,0.23311365854561777
Q7P,-0.2697938123020686,-0.2074686668603934,-0.2265949911046225,-0.2512201841176223,-0.220482235172138,-0.2031070575199338,-0.19408196813910714,-0.1883936142343373,-0.17616695754650813,-0.17283506911010976,-0.1673955237991441,-0.1627161232527758,-0.15569431400483463,-0.15167876131515143,-0.14001355608253102,-0.12612333703538003,-0.11849184470645913,-0.11417736190273339,-0.11377442410584893,-0.10689240350419175,-0.10463306635255254
P8Y,-0.5968246085999999,-0.11630180672065968,-0.09288855530633355,-0.1160600696901097,-0.1196316531553965,-0.11737756124930701,-0.12502452059673616,-0.12324773013753905,-0.12483837678620065,-0.12843790180027276,-0.1323097157716654,-0.13345114599509433,-0.13521205937509434,-0.13914643856428355,-0.13942967660819094,-0.13692366477010567,-0.14192090374862004,-0.14500892298467977,-0.14642968203621443,-0.1487788504678617,-0.15035349806403378
R9P,0.1501537944653896,-0.22012104001895075,-0.22119778152186265,-0.2287224234369037,-0.24004179611336468,-0.2313468077318034,-0.2377994272489818,-0.2442845916312618,-0.23240348808623876,-0.23567480686911874,-0.22949329766497276,-0.23456828154027481,-0.23310558688093197,-0.2322078649060319,-0.23445981820137446,-0.2348299456799737,-0.22862886381705466,-0.22414496636883202,-0.2195013138297978,-0.21092181449733688,-0.21021479031460624
A11R,0.08440797268909828,0.6969431562851914,0.7096885334961038,0.704047563458953,0.7314331203214476,0.7105957816913983,0.6058608007043749,0.608327829804107,0.610378342001594,0.6354116218029395,0.6486441756889627,0.6614643104309543,0.665288701473312,0.6627621487609112,0.6638091231225643,0.6662528849747735,0.649058657582863,0.6447643265757093,0.6636478242325999,0.667598484643225,0.652761491725214
S12R,0.026694393984791988,0.6024560873039423,0.5900762332653766,0.5654569528170342,0.5512774674747052,0.5297512450319679,0.5200279618865717,0.5189405038409599,0.5069141806726631,0.49256833028941094,0.5105115373429416,0.484264196735768,0.48707897509056125,0.486285605519489,0.48231209813320336,0.4758573908655002,0.4840525652769504,0.4899011132795338,0.49698441731821097,0.4923362451527016,0.48990713039606354
K13P,-0.2543726772362702,0.07131766310805862,0.10881712964481997,0.18017409863609424,0.18432967312734325,0.1806347445758611,0.16567566449564403,0.14726917905793474,0.1363303675756034,0.1504556226079921,0.15506563813668023,0.15042429049047165,0.14922336438676428,0.13735153226772664,0.1360862483231991,0.13411882668114988,0.12857599333071495,0.1321434222885262,0.13085145786741717,0.1303564395658341,0.12883831238447294
K13R,-0.4502604280787487,0.2447657305700755,0.2864625734000913,0.3772484595093059,0.3608554383409958,0.3621794085445536,0.37771586836892457,0.3594530380333097,0.34856954530550016,0.34538541241002113,0.3588681557627912,0.3583793856740659,0.34883374791794963,0.337732484975066,0.3358147307253826,0.3288052996944488,0.3242564877033411,0.32782018610585,0.32347086902510375,0.31297515934165715,0.3087109570966095
S15R,-0.6016445929895958,0.19209815475802844,0.27791808822626,0.29133195665952993,0.27194059335758297,0.282413022047259,0.28002846405055526,0.26382571403268695,0.2787126288824643,0.28421632899459237,0.2855158548585213,0.2816938541958644,0.2777834893738387,0.27344366254434826,0.27491274432191953,0.2784541070664393,0.27590873431572766,0.2770859997266536,0.27647344983560157,0.275231666631911,0.2737815009128023
S15K,-0.18321236808039304,-0.002734417094026004,0.0006109977258795362,-0.01314622411698686,-0.01915049937847278,0.01579273375178462,0.01786246710958118,0.020169607314315618,0.026737088476181947,0.028225733551394027,0.029337167099730315,0.033049049082593804,0.0262682435837454,0.016138857153653957,0.009131920419399675,0.012518669668684212,0.014864246938794868,0.020679947781923412,0.028112227721070315,0.034581659564369746,0.03485354450193074
A16K,0.6764280598692973,0.276427414781166,0.2575152839947116,0.23701865963438173,0.246185744598866,0.24771199065209393,0.23942928025898,0.2486038605973322,0.22593006724789672,0.18257681701142545,0.16747359712410081,0.1631638213993934,0.1644071468564595,0.1621340563789846,0.15632763906905148,0.1539275231276184,0.15479602306848983,0.15516429113382119,0.1592675626946935,0.16375726185577513,0.17159024311207854
A16R,0.24538006309252017,0.46725285987740933,0.4633970558016066,0.4221019587412796,0.4271539523904133,0.40810934466889137,0.4061724721065767,0.43246337083974484,0.4276018220563043,0.3981289251519036,0.38790049072805965,0.38648813956443473,0.38748889893107885,0.3881333664050354,0.38844964070556925,0.3878567070034561,0.3889851251006736,0.3854448563357217,0.38729951236601423,0.3861240225219561,0.38916111537796877
G18Q,0.19933958064733798,0.3026611274450096,0.30113034095170804,0.31773994979206666,0.32557176440974456,0.3264496836759295,0.34225379613141166,0.3544622288255813,0.35726272286619765,0.3554655258539156,0.3545310946760548,0.3481533860379179,0.3542517492075063,0.350953583214466,0.3505790337880891,0.35503025467130234,0.35233364234102277,0.3503134961921779,0.34868483576018644,0.3443586877846975,0.35358792695701174
G18S,0.5870078026890095,0.11896771227634143,0.12362846889079063,0.13513137139415515,0.14611734680763439,0.15834743522455325,0.14381417605780045,0.1434440901749872,0.13987263785364312,0.14691256762102728,0.14961758338124018,0.1380784773764542,0.1347358729563477,0.13788753570444864,0.1368718718626078,0.13402756392254317,0.13548268039296923,0.11332969915251478,0.11308359608829659,0.11477138242862658,0.1343322671781389
G18K,0.30665679587940897,0.4347732145842424,0.42366618638755665,0.4189940968341144,0.4268019691600703,0.43335254885190777,0.4356687364231019,0.4357948139458111,0.4412428750124837,0.4562183052823734,0.4634223436785755,0.4601707523931207,0.4602870215425465,0.4608815797746947,0.45365890637035156,0.45503966105200266,0.4540259767487237,0.4559585652545527,0.45329412913057254,0.45335019385629927,0.4508948303895335
G18A,-0.24145664893575627,-0.10849352181360863,-0.11497748827133378,-0.10060348676347323,-0.09835586635168839,-0.08299805107297874,-0.06259249428538964,-0.035753023241566796,-0.03528497800196536,-0.03431330011075222,-0.036722426811172396,-0.043695462776087164,-0.04703350665540608,-0.04719145199720528,-0.04762618735076228,-0.04669060088100442,-0.042716312395022285,-0.040502612988809736,-0.03734483987499169,-0.03392311702072089,-0.031014396833553004
G18N,-0.2829684376124305,0.4925522320487681,0.5177086189150545,0.5132220170498877,0.50043117218448,0.5127349581693179,0.511615548274749,0.49489589956010854,0.4901088880784128,0.49800916562434966,0.5073949595147232,0.5146104996224667,0.5177848702826819,0.5159543797969562,0.5134114341925273,0.508372662267217,0.5058072423154892,0.5043266425548902,0.5080016855379432,0.5107955458036522,0.5124772471740631
G18R,0.26471717986330007,0.6937299029099755,0.7081761364867132,0.6923077961785824,0.6868094772713548,0.6958960513626878,0.6886029963418179,0.6779888418022431,0.6823439741971228,0.6805762091527351,0.6809843184349271,0.6736990064763637,0.6715265058896106,0.667350472650933,0.6590552972132835,0.6667903806393964,0.6695936171975622,0.6644281286516512,0.6690861231384957,0.6726723339397115,0.6753062864348578
G18H,-0.41413997813422576,0.4797718465652972,0.4869578506518262,0.4958431052229805,0.4908226662183228,0.4792469183417992,0.48493031348492455,0.4894319562781548,0.4838284049407795,0.476535093604762,0.47026674633739285,0.4698033558755027,0.4640444621328214,0.4636167681581641,0.4572159394145358,0.45042907193463416,0.4507308501781414,0.45442039756004604,0.4605017919305213,0.4686121258793373,0.46867300517364924
A48R,0.24899538475994581,0.6785010005889132,0.6723736354216879,0.6738566869673667,0.6320412744674144,0.6149592838293674,0.5774283611072788,0.5701810143525116,0.5522850061609939,0.5614940160470943,0.5651799520574,0.5657307866221015,0.5783152618656168,0.5786591438330453,0.5712064949102349,0.5762385462112996,0.5726257770840009,0.5657990613271185,0.5644185842871711,0.5672599874574902,0.5686688793803081
E49P,0.06196961927611975,0.43390890218490197,0.41128512088662805,0.4005877163096837,0.379028844979292,0.3732225150046434,0.37212752276056926,0.37700725194193774,0.38593678904389034,0.39387051964276437,0.40563906481667295,0.41223922938251434,0.4166255070522634,0.4205779796519705,0.4261016476397163,0.43120518074960457,0.4350650544525462,0.43673758764776444,0.43869329952910696,0.4412201885098119,0.4437551612871354
D50P,0.16901056189989289,0.38727483582500316,0.38160101802262575,0.4136482734804788,0.42318883678993496,0.44666555391362267,0.45080180519083235,0.44916396901464184,0.4586432452011846,0.45981042308077524,0.4605745806415145,0.46430834246681546,0.4630790840507478,0.4642074282064332,0.4647313029286755,0.46517043777050854,0.4655432098667811,0.4646999999628555,0.45300004282623174,0.43892472663364696,0.43671861072260076
Y62W,0.01765269548373378,0.11635030118320014,0.13093152010997855,0.13664025867576055,0.12856234448169235,0.09789256424828724,0.08662176274675495,0.08375404350265489,0.08505107869628066,0.0832978544998478,0.07706746678576716,0.0762149879451627,0.07624596468869842,0.08055156505383816,0.0861542351001046,0.0871191850729563,0.08634075583970365,0.08766746577422627,0.08909319719665891,0.08819591733772794,0.09030080752255064
D65E,-0.17797108295013309,0.2142851928343461,0.2456623033003269,0.2539926003444478,0.252517120598137,0.2593971882827984,0.25994152110327134,0.26399496887226326,0.27134495432729083,0.27527759259101925,0.2777029644662735,0.2830411043106108,0.28174064461364356,0.27190356431655494,0.267631848763262,0.2643738181065247,0.2617647977047246,0.25499058539879726,0.25008806908572473,0.24915885918389238,0.24843247606472527
D65R,-0.5825553052746653,0.5595104492259695,0.5569517324173802,0.534641410233051,0.5074379157689591,0.5047853823719172,0.5077714579097454,0.523358800502904,0.5215343817214219,0.5196239869419451,0.5066686344020177,0.5152184320673484,0.5122394291818234,0.5102642456240325,0.5126657952324651,0.5135241689238275,0.5135073230428817,0.5019116412310796,0.4999377413979157,0.501443840981472,0.4975018062763601
D65P,-0.38749293967152676,0.49102249558458116,0.48013598623719816,0.46249096343999324,0.46018912066055595,0.45040423740156815,0.4528928500257243,0.449139093471809,0.45239344059998843,0.444745645702453,0.44536184764990183,0.44398143316567673,0.43828575853005497,0.4348923292455349,0.4332690763082754,0.43350285492380947,0.43386560455953926,0.4314022902780981,0.42804756658382326,0.42836979796619323,0.42917484073574175
D65K,-0.16101932718862305,0.15789710643780386,0.1815531729720214,0.199101226632946,0.2212252423789652,0.23891509955460094,0.2500243290228,0.25074701293703777,0.2729145808333957,0.26940979455053987,0.265998199577617,0.2662370550815335,0.27343572974093927,0.27579813437363765,0.2787323591434905,0.2816063392695314,0.28976106525375844,0.28563065579263897,0.28403445918064574,0.28633531941208334,0.2818136916861376
A66P,-0.13524415919057825,0.3751680890630039,0.40491703010845015,0.41538494940751197,0.4061036503339735,0.3935436849668098,0.36648116791125773,0.3488888362432455,0.36068380327815663,0.3498333399106783,0.3505546603101365,0.3469356188866751,0.34583381629595145,0.346151143512849,0.3472486688217863,0.3421355666428824,0.34338683810120496,0.34361242881018167,0.3446849801457817,0.3435050709683627,0.34329746444318254
A66R,-0.04902025894856461,0.5898519151834412,0.5951243751261226,0.5632521851582214,0.5670632997176774,0.5543666807445207,0.5298633687000786,0.528218153001984,0.5272102150350055,0.5093979184972954,0.5074603413928058,0.4980049603134432,0.4970082151523231,0.49770620334264615,0.4967482778046001,0.4987544979881558,0.49389858052893826,0.4929702185280485,0.4902431101729201,0.4839404156074232,0.486420870755299
E68H,-0.08876468877533725,0.16044182326605863,0.18393310570718677,0.17712824513054143,0.19466037614959078,0.19655922183496338,0.1859976093308302,0.17793847289706624,0.18567255279243117,0.18881358708494514,0.1939984003418306,0.19537208705102968,0.18956552517718608,0.19790670345355993,0.19762520562614044,0.2013053463187926,0.20519023060419234,0.210582747149422,0.2071470347229058,0.20767351913504398,0.2038540777031594
E68R,-0.6235502233402751,0.42038288083206216,0.4297699809759699,0.40881570466444883,0.41915398141926613,0.4298714297566848,0.41680536117086914,0.4318627957372018,0.42514551634502906,0.426035368906747,0.42418710042595204,0.4279381716530127,0.42222313621567154,0.422328851009274,0.416657118639798,0.41994977580373993,0.42730327772252324,0.4278230587733093,0.4310961352081718,0.4305987995874895,0.4345950346265829
E68Q,-0.6219174099373184,0.21116837416112083,0.19995971513296804,0.2128568244236834,0.212231832388423,0.2210935268334362,0.21113937112932518,0.20837349638722383,0.21818814208300247,0.22422685048093038,0.22631666098289177,0.22574229790073347,0.22587124084859939,0.22520530888830423,0.2242635072498508,0.2248812670988265,0.22580635087649772,0.22906859008859454,0.22842781470540294,0.2270490197502979,0.2272626621583968
E68K,-0.08356124110051477,0.22180897794693683,0.1860186252375034,0.1841119958211141,0.19048545924401522,0.20169083115678124,0.18276207317190937,0.1936961413918175,0.20139648650113964,0.20758760493014572,0.20839780355226215,0.2041041349203939,0.2055069566628498,0.20507038599717445,0.20284486532751153,0.2079877510912743,0.2118423838823949,0.21330188247207085,0.2144968462430641,0.21656990949890859,0.21676126761191283
Q69R,0.1716035035799693,0.10395147552226472,0.0894870140416765,0.07230490512884762,0.08392582302329109,0.0628045755787887,0.04937825299778734,0.06957157031963793,0.09352560991284939,0.09783797630838628,0.09202032217180321,0.0905089142266888,0.08887164438457516,0.10211193015321136,0.10219411990990583,0.10636562834998782,0.11032860318703804,0.1134595007895693,0.1153061753979153,0.11492099704110112,0.1094754045101495
A72R,0.22506798621221863,0.4836460104440265,0.4540330318278887,0.4255715152483367,0.421416814935567,0.41674756194451257,0.424638754389062,0.4064612568004417,0.42296598718373934,0.38966768118113476,0.38272851256543977,0.38031458757292214,0.3824596034083042,0.3864523879282945,0.3853724917208055,0.38847832000082433,0.3909035509317305,0.3871582111788527,0.3892413593816088,0.39034687361481196,0.39152155786465803
T76A,-0.6131807401978835,-0.10395781078566121,-0.08939561525717794,-0.11515655120093408,-0.11855870799802788,-0.1271516521276926,-0.09277201086380095,-0.07793358969449074,-0.057057598451025024,-0.024951500715552168,-0.01121713034943358,-0.0067080119976343664,-0.007796487553980847,-0.017029552476589372,-0.019699584250435852,-0.019575174470103006,-0.012419153160221786,-0.009726696904067722,-0.008574510814546344,-0.010460086212897225,-0.012596636585552068
T76K,-0.7091817912824339,0.13670095335155735,0.10775612649876747,0.10438896462088862,0.11999513649306759,0.11562889729098128,0.1082537272888426,0.1253838458019218,0.12604149646104587,0.1429720285256591,0.15629203804012645,0.1613337312177023,0.16430185280365825,0.16920014872508526,0.17216300167639703,0.1737645293753265,0.17583036349599376,0.17378881232365576,0.17331534176404215,0.1657303760675714,0.16456802510245055
G18D,0.08822878483810706,0.485192137885897,0.4391048870765677,0.429826282487859,0.42558768657461465,0.42384673379368587,0.41052982816115413,0.40577964781818016,0.39145643413305115,0.37804834265562265,0.37632367159123914,0.3684648332308781,0.36591925103834577,0.36199760359616645,0.3556135371436827,0.3472774927875054,0.33987633508093024,0.33592696417898027,0.331330521547002,0.32618500725649974,0.32319283309690616
A19R,0.5179617724973472,0.6833309227117368,0.6488584582262094,0.6157685959085019,0.5952145041060912,0.6109514529723726,0.606969363033726,0.5952478050986052,0.5699058862857229,0.5444247283599518,0.5360976566230875,0.5268239047511445,0.5208075872698801,0.5299246725350641,0.5353666772533293,0.5398723117600065,0.5394324404745069,0.5333702309822492,0.5361235086719189,0.5379698885326071,0.5390297790707491
A19K,1.105079241549478,0.3946548005337375,0.39854064055187816,0.41342821331364776,0.3917598767827177,0.404684979112303,0.39386577975581,0.3918009269674759,0.38258217285088614,0.3658076250602298,0.3622208699188798,0.36403343164059543,0.3563663251284904,0.358184392225969,0.35681107209825386,0.3571771680073779,0.35917706653621856,0.3539466006505492,0.3552958273532437,0.3549173726545019,0.34933767631701285
S21R,0.48014825271568035,0.5622337898435081,0.5149177319413916,0.5084242826903036,0.48648371935031476,0.46087041922102523,0.44279555047044966,0.42742572882963803,0.41711318067839376,0.40314808312247746,0.40461377817712885,0.39733990633878113,0.3891931676265427,0.38957576756522305,0.3845046745572008,0.3827667489578651,0.37959947653322546,0.38234164923287384,0.3824646917442632,0.38284159347545976,0.3790698773863574
D24K,-0.3766486462731929,0.342400231668205,0.34990376082170405,0.3695456861456378,0.39117923610281596,0.3785662368197448,0.3850530974517802,0.3755173725470843,0.36468935466591745,0.36759926370036566,0.36040753586283675,0.35770822516653544,0.3562078937034149,0.3468302375555946,0.34702756749142083,0.35338474834940975,0.3520864484099155,0.34778725027469476,0.3504854340120336,0.3556157674739242,0.3565237865806769
D24E,-0.5538440863858239,0.06404083387383608,0.10398013391347904,0.1318781387552275,0.14957198610171524,0.14727419536577088,0.1640204839514327,0.1634849100559405,0.16515474506436512,0.165118117962904,0.15473338724642835,0.15173166185773607,0.15295912981923893,0.14921870651477248,0.14882843861772635,0.15229702323421088,0.14974279004947136,0.14583653827520265,0.1462261514712182,0.14666022159715048,0.14509767482333719
D24R,-0.3975971070125934,0.5879461097026943,0.5931879382885669,0.6083520274189518,0.6232544349256756,0.5998971722902751,0.6123476225742615,0.606161969749118,0.6046803015168942,0.6060259206377159,0.5981438572460659,0.5888251243583214,0.5871838983594959,0.5890454534232813,0.5881196810925907,0.5903945447449136,0.583242432288986,0.5793882840378122,0.5808720905636526,0.5716470693558009,0.5673695693813825
K26R,-0.15887599440790026,0.2590387291048781,0.17346516993712763,0.1551767883029447,0.18505715728890076,0.18075982021723228,0.18451400536795032,0.18600813164951296,0.19033745141883654,0.18259995773897708,0.1841590135752257,0.18339627147388476,0.179790064981541,0.17786710787186807,0.18032400826798697,0.1887245433159034,0.18800115114266563,0.1894376363480314,0.18958176072732977,0.18392686761873817,0.18146533964780384
I27R,0.4270436483460343,0.5709940490847725,0.5451445212229583,0.5268503416132788,0.5290319234790746,0.5228475183043093,0.5243471276157619,0.5304711776373461,0.5332889892194199,0.5177490378073818,0.5277135917066238,0.5333077031518336,0.5377678760305403,0.5415492118183624,0.5474634960073571,0.5524667984656203,0.5570768121909657,0.5606888644206494,0.5726556668821399,0.565440434165438,0.5731546500895955
I27M,0.07206633651439157,-0.0036898958952875428,-0.005807993115802837,-0.02357481268920476,-0.05550067128068599,-0.07231645740996966,-0.06951266605660915,-0.06329809185970996,-0.06462314753932408,-0.07415314719596364,-0.06768380033140373,-0.06511902788391935,-0.05662731796972074,-0.054377874033212745,-0.05162143019649661,-0.045077264030105126,-0.03872449580957206,-0.04801196852780725,-0.05008721877127993,-0.05153447202744323,-0.046568593550687466
L29I,0.07865489150400347,0.04504022188823304,0.039641295306020743,0.05719561804798005,0.0479708093442007,0.04752556837662442,0.06860900345694279,0.06400952581004052,0.06767980212182761,0.07057851242303134,0.0715689275903861,0.07016110418267985,0.07781073305252686,0.0925374127056705,0.09078667008640472,0.08301002142500277,0.07954493675557706,0.08226088711896445,0.08526308968227544,0.08516286397405538,0.08195538995819494
E30R,-0.0965421111933032,0.6435315595150148,0.6127909921302407,0.5902546636280329,0.6015097665437759,0.5829265566207635,0.5637938045859132,0.5411231737873333,0.5271178439169191,0.5247500296706368,0.5240639241083999,0.5217622390108847,0.5335330943915704,0.5303203782808352,0.5312618328585044,0.5330748639693199,0.5347019312928942,0.5372002472904198,0.5362848608643194,0.5422824900169371,0.5407555964400838
E30K,-0.04414679223426898,0.4061886493827208,0.3360539510008852,0.3441167474165686,0.36569971224308595,0.35955090757121333,0.3524463013880417,0.356293154102142,0.3463460961928665,0.330085803717599,0.3314497442132748,0.3132629069418057,0.3188686741526197,0.3167741167132222,0.3138080102386878,0.3148415246231041,0.3169983746545659,0.31797134391949383,0.32149724369827254,0.3242060978895886,0.3255260077902705
D33K,-0.126834552601439,0.2876112028495393,0.3036039665023147,0.2724941104871371,0.29004430944940973,0.30320478473176193,0.3136528467034477,0.32604803203894284,0.3311417124593473,0.3396065070678621,0.3371602724646997,0.3412951948210946,0.34363141819432225,0.34426253729923434,0.34792890135664767,0.34804404829501207,0.3481711477380477,0.34855547736710796,0.34691308574823126,0.3502091878321869,0.3503071267995012
D33H,0.01964846477252513,0.08697060308982603,0.12131082936685553,0.11898154669257426,0.10049903790730008,0.08610890482523152,0.07144262154605234,0.08780180203519898,0.08693504397841152,0.0706062573980851,0.05532783351969074,0.0544503638268223,0.04978753903209837,0.04259731938851291,0.04583989024306008,0.04500081374765645,0.045175099818419495,0.04996541205308479,0.04841775168051659,0.047757776095842495,0.0470960038401944
D33N,0.11214946479337093,0.26280643323058583,0.2947189961446127,0.27713732469520636,0.26547653474584193,0.2714321399286276,0.2733672080497773,0.29429794581404434,0.29072676083961596,0.2845551015887667,0.28374425717050133,0.2879483013879399,0.2890853978706479,0.2916134219878156,0.3048208650088966,0.30990976797680647,0.3164782976302544,0.32170208655946303,0.3180753114764478,0.3190904395485964,0.3190383617220377
A41R,-0.3376101176165955,0.7039019042243686,0.6474830143962945,0.6800852657230856,0.6639615852300792,0.6585810142649924,0.6447445526876926,0.6285317423713187,0.6317907813510121,0.5903688820418547,0.5896035747545084,0.5880021143088218,0.5858766390782256,0.5926537355100512,0.5950426653703899,0.608925137888605,0.6220553355440935,0.6348041771054189,0.6442297893046292,0.6482817150694988,0.6483446773994497
A41S,0.3852606119880133,0.3329127380069667,0.31787413059935216,0.32925626566596555,0.3436731468158535,0.3419611631137486,0.35174842428385783,0.34764162457601494,0.35024306955417595,0.30720880388303307,0.3098669972024233,0.3052178583108759,0.30001767292278414,0.3082753305591576,0.3094321101618881,0.315025337924893,0.3236478759486023,0.3288230054488327,0.3312403122715106,0.33007899261301377,0.3301580811732828
K42R,-0.2552937479206993,0.24808662201203385,0.2265241770983016,0.26799380452637434,0.2712506082594145,0.27313820870141997,0.2584550638040239,0.2444616696507802,0.2567741678027883,0.2559097244258059,0.25269161613787305,0.25900356900602595,0.249351596797832,0.24074447937824353,0.23730149445082568,0.23960037711976953,0.24228965144262946,0.24244484263955052,0.24954056728460833,0.25341312299425506,0.25872679882844024
E45R,-0.09807738630399729,0.49544187946262336,0.4869046897790595,0.4981435431934984,0.4761209486170978,0.4803718378508234,0.480995488888328,0.4896675911707133,0.5064747033434911,0.4923770680957733,0.4845813152146522,0.4852043097174253,0.4991608063927206,0.49966759592353005,0.49273666049224396,0.4994451626346909,0.49856005302643586,0.4968834257859858,0.5092750245905318,0.5224149946556227,0.5298454606398765
E45K,-0.3290677608865622,0.3124168017828305,0.29443798705083946,0.23547490389454362,0.2233598246007958,0.23775641804717002,0.25207959185010337,0.2592915591171851,0.29195901187411766,0.3043653955614115,0.3044126627594282,0.3086545967477091,0.3142990804649391,0.32233789065978974,0.32409288518939505,0.32342655994012226,0.32337143807813795,0.3226947376845307,0.32618766976808394,0.3373701172847253,0.3391777185521925
A48L,-0.07094785432399589,-0.023201589986107985,-0.03757355974080692,-0.02346715714386438,-0.038902871486622616,-0.0526440283188665,-0.08702878187085224,-0.08674084841371157,-0.08232656601865537,-0.07948258028607855,-0.06646808205823655,-0.06219753870794564,-0.06631917762753572,-0.06282626945954013,-0.06090229025211504,-0.05890957904548214,-0.060093468984418766,-0.06000022432709098,-0.06101497659732728,-0.06307948068291612,-0.06379748402929156
T76R,-0.3184672457732206,0.3835173937792346,0.3731327391360214,0.35657490393343283,0.3829127696187413,0.37693190222972656,0.38639609544973086,0.3993907391253432,0.3917998739807024,0.3921282847659483,0.41698502782283625,0.4218458466250696,0.429017895546841,0.4337500685047665,0.4363690476428374,0.4323666761581476,0.43920042689630306,0.4451866783848214,0.45239532638095736,0.45459947201808976,0.4598746311388859
T76Q,-0.7534912874780042,0.19156386178196855,0.16975249470033069,0.15566090093398738,0.14102945120542992,0.14067927514461764,0.16462382833956674,0.17530962362744962,0.17867556112974065,0.19272040011715288,0.20912359068761988,0.2201343621373734,0.223172351782636,0.21625486694633628,0.21237237811932386,0.21586411977911674,0.2237805739293365,0.22396661786891822,0.2253307731682998,0.22635804261804027,0.229061383876016
T85L,-0.18626139624633073,-0.3696598319367011,-0.36279848274232596,-0.35430141513310104,-0.3583149105204283,-0.35372955217041924,-0.33485352680462305,-0.356975733750678,-0.36705461236962017,-0.36541233084415126,-0.35976597639191255,-0.3569307256196321,-0.34918087717583113,-0.34657263363427104,-0.3404266483538446,-0.33876486592952837,-0.3435657056411797,-0.33249678725643594,-0.3316167982732735,-0.33509894086530945,-0.3353964217159213
T85P,-0.31111367060397327,0.12980781480063625,0.12954414931759461,0.14292561187984584,0.15869535310388158,0.1664150477257757,0.18632916807313957,0.17680232068692708,0.17235436285390882,0.17490400757383373,0.17980765122799425,0.18189290492396254,0.18968639726421238,0.1924666055828938,0.19950908971014228,0.19860143975553293,0.19756669527455653,0.2146812348199469,0.21779575536027201,0.21562076027490282,0.21678955136699293
F86W,0.043356857801106805,0.09621026440342054,0.13031767362812519,0.08823284925842612,0.07218588390551159,0.05137775076387445,0.04863335717804038,0.04319316176760215,0.04215700355173613,0.04218344459518393,0.04050992756754348,0.03984659748293662,0.03657076097258656,0.029906161376766983,0.02277352426907937,0.018761399697708025,0.016171187057190273,0.016165867486441155,0.019752115988729457,0.021294950597002503,0.019882928267054935
G89A,-0.0114193537186786,-0.006320789991817359,-0.0075628579767995805,-0.03057925836714358,-0.03212261317608274,-0.034336049396415505,-0.03395255087666318,-0.04222674875580738,-0.04670416639544312,-0.05611410156900709,-0.05191880594062322,-0.01846446629205362,-0.01853008782314608,-0.018352532001841136,-0.01844703095819783,-0.017911740768226565,-0.017418367145776898,-0.01799000787147211,-0.01739959805306198,-0.016676179460005918,-0.01641016619040848
G89S,0.0462400366555733,0.04511298565582585,0.042799432292080955,0.046822027029034305,0.03838933059939522,0.0388049945854824,0.04080187307746774,0.0450809517275698,0.04874546165924555,0.04958277292481049,0.05430779486466621,0.06043750316713892,0.06586719194535644,0.0711829583704576,0.07638897694764671,0.08147578222807197,0.08120987913648799,0.09249441105762593,0.09537383805372408,0.09633758053411881,0.09684323995135026
S91R,-0.8493789309918226,0.47474525996525524,0.4564619039830456,0.44510524938913365,0.4498780825010277,0.4509120630985256,0.43962825933281086,0.42642561909437493,0.4292090415562715,0.4380820330363881,0.4320181662085115,0.4289434299984084,0.4298686710100645,0.4280811840562295,0.4232424045536295,0.4242049478477316,0.42486993924611216,0.4210049001229545,0.42200951068023534,0.418086176098757,0.41658463757861935
N92K,0.35607305021101265,0.15408489900667888,0.09605482560321162,0.098923824633151,0.13662293483384277,0.1488009581336419,0.16450101685002044,0.16368886946415712,0.179887062723113,0.1853889890295372,0.1818504201296013,0.1817106418613989,0.1905619414816557,0.19867405094769203,0.19836708550860976,0.2011572738936347,0.20222729779126292,0.18303850973659552,0.17387846703180032,0.1828858387366733,0.21290568236926885
L94Y,0.3686436308400319,0.1399584374793299,0.11784228471439473,0.07139770710280327,0.07199315960458066,0.063147952420146,0.0709604543633684,0.058400808604466316,0.061462097014969866,0.055505380575116434,0.04281854867592524,0.028701909287481252,0.01751856558595013,0.009324085547441185,-0.00785156458255177,-0.016727861829348236,-0.022950873769823965,-0.025158718909670343,-0.026583695856926392,-0.024488426062191544,-0.019776668466860638
L94H,-0.06761607352115231,0.3483302397926605,0.3687275844222734,0.3198571049287207,0.28611496176787954,0.2709472934913454,0.2872386327338447,0.2796429292022439,0.26758912944551505,0.25977579757126396,0.24147200468781688,0.22676105406872446,0.21794199629635366,0.20730911933424903,0.19690593682814544,0.19021351970622952,0.1829400514746049,0.18337921498128523,0.18119305961282872,0.1822536525304733,0.17976623175424453
L94F,-0.09242633929789672,0.07334963168833841,0.06265535771974087,0.025470238261452217,0.02112698208433398,0.01588403719023394,0.032345523482358585,0.016231189362613963,0.016466983123244218,0.012060714763335301,0.0006086345664448212,-0.0113075419771556,-0.02210802606634264,-0.028703231368184333,-0.04489969789545508,-0.05005513461904646,-0.0518097882695849,-0.05349473911182082,-0.05543294832379865,-0.05182235131716504,-0.05217841161692923
Y96F,0.08384287788464577,0.052057649497040226,0.02667801739743722,0.052247161635534355,0.03606865194877955,0.04824672923598598,0.049989525598431804,0.03887763725132889,0.03394935203162106,0.012918243859048694,0.03216073716073364,0.04063718557348639,0.0362804384597822,0.03770888494192352,0.03556289989322683,0.034005956284141825,0.03503769137239417,0.03687521113935366,0.0418148925617452,0.057224588889441305,0.05609816398640209
L106I,-0.12021448895098855,0.01842881207645166,0.0013143237251905387,0.016251577708897423,0.025068924857231768,0.026501727657945763,0.04289696969024466,0.05971425927269345,0.058728786342654535,0.058249738906195656,0.059300248556340876,0.06848658549452383,0.06268793098135186,0.05030039310582174,0.04732208664213926,0.05161464188636818,0.06287611305535439,0.06407180390460779,0.07687641739285023,0.09328424560887408,0.09559249308145243
L106R,0.2711889866730267,0.6897549949986849,0.6256275983778442,0.6375056897908715,0.6580186848273513,0.641612849625328,0.6483461473936506,0.6576645317033856,0.6457978262247671,0.6462143150415931,0.6506825794316382,0.6644307828159277,0.6660481440563403,0.6720058570693725,0.6696010737461645,0.6677033452799103,0.6822513905299165,0.6833872384650134,0.6996804287613727,0.7150547807282543,0.714988230411469
K110R,0.19274278321387583,0.2921509165463779,0.22774610676664336,0.2301347024977773,0.22238758276564022,0.22122543010696308,0.2231417884623294,0.21103806945172857,0.21888746041397397,0.2154296648850949,0.2126057906336895,0.20687609249575217,0.2129704459279384,0.2156170417069796,0.2077782201066422,0.21439125897527894,0.21639244845097272,0.21766794598293254,0.22425846323079907,0.21918022719708122,0.22099639408083083
S111Q,-0.509381008744557,0.2940390931378072,0.27927132870067567,0.2557292325805023,0.27877834919650835,0.2736299957844389,0.27169514488795,0.2650003699556022,0.2554161335038096,0.24039967633352594,0.22760631443063878,0.2261375384451989,0.23189716788891332,0.23799599401951452,0.24608374235595334,0.25061005018068694,0.2518018398266145,0.25854203921249785,0.2613193139119397,0.2676260236628573,0.26910297676930944
S111R,-0.265032989268467,0.5497395947827234,0.552002626691714,0.5299437685428605,0.535519669469694,0.5298676245503545,0.5300562840156973,0.535035429624893,0.5391546394601818,0.5410680519071965,0.5425841117311873,0.5483213857521747,0.5635834365814397,0.5755528218896174,0.5822215855472819,0.5916373965119194,0.5946673616735534,0.5977323161974637,0.6012991665942174,0.6034515235098814,0.603439689540229
A48H,0.45764174377260264,0.22903037124062497,0.1985613474851853,0.2206947389220959,0.19621302630264978,0.16498120202252126,0.1217343073686045,0.11330551637878843,0.10188590072639976,0.11258172473517832,0.11418307373920586,0.10145968736289013,0.09991630231477469,0.10055202308088851,0.09637312156668251,0.10719443406227414,0.10625491713926338,0.0933111255238411,0.08886556487062389,0.08537336682364616,0.09426981935149045
S111P,-0.28205945285133954,0.3071864420640282,0.29894787951150914,0.2746335438965843,0.2846836506176113,0.27010482874961267,0.2620009248399152,0.2584002046676341,0.25211973413551536,0.24276314678872746,0.23426527264076102,0.23141983617854986,0.24134725826538764,0.24709894048423062,0.25134966926420105,0.2535969112198211,0.24678721649642504,0.24340170431873265,0.2403493806007832,0.24026937222406297,0.23739262585080395
S111K,-0.06381733522142699,0.29048196442787133,0.3058805325778679,0.28549926271061976,0.3165626444437052,0.3134848864192654,0.3263116175788111,0.32492106840382345,0.32894620132268726,0.31832414914980334,0.30555077355048904,0.3041467700876973,0.3161832157388608,0.31620821692687207,0.3201411735181189,0.3274082648038351,0.32676579765520425,0.3247705955532545,0.3224540464454367,0.3215725074295602,0.31422583034577006
A142R,0.35300856532524494,0.5723505425680127,0.6143037847471916,0.6115557122071064,0.621507173253063,0.6131838904958226,0.5805867886495963,0.5881860655717487,0.5951640562129715,0.5866987983022798,0.582509583901316,0.5874841663716142,0.584634456178643,0.5886146113975649,0.5912346632123018,0.5938168961801631,0.5958802019923886,0.5950451964131059,0.6035473266924583,0.6072950446294476,0.6072042102599116
S111I,-0.50117030800749,-0.26605403986557163,-0.2512914051422392,-0.2504822549827196,-0.2251793869369799,-0.2295146729208004,-0.23821473685347422,-0.2442605883801913,-0.25543732893888704,-0.2635603269192721,-0.26706976881482214,-0.2684342522665038,-0.253691988729194,-0.2486791796071471,-0.24412068675753157,-0.23834241272991452,-0.23870756018337724,-0.2335462505933461,-0.23364732529530516,-0.2325662455969802,-0.2379800551175054
Q121V,-0.7283463133910253,-0.28987520596008054,-0.24519055537600082,-0.2517253185843914,-0.2856453489766334,-0.26946213533420293,-0.25342765295312397,-0.2550358264346114,-0.2717242770060259,-0.27806554529516825,-0.28365687654493443,-0.2920484129596921,-0.2940209095710659,-0.29301264622672807,-0.28931371587337773,-0.2900251356894785,-0.2736872497109066,-0.2744186466435714,-0.28042090675934467,-0.27877033887051195,-0.28183831147557176
Q121I,-0.6305909806152101,-0.2399061719265921,-0.18043738032706919,-0.19443408715689867,-0.21605020454141335,-0.20556240573522838,-0.20252631982912628,-0.19912279056133664,-0.1978833305213934,-0.20442583828625244,-0.2082989890670662,-0.21700966669255287,-0.22207722132301252,-0.22915875793634305,-0.240798689930177,-0.24298971613400083,-0.22850160142791126,-0.2295766988614487,-0.22893571780515815,-0.2282566518692347,-0.23161170858172841
L122F,0.004475048777867951,0.05861956728051605,0.050277609161086353,0.024996469108098378,0.034937996464488905,0.03733077540449849,0.03771390237830515,0.04773527332224954,0.05588822299619277,0.05470817128487443,0.07354587888308202,0.07695082065600085,0.08084093758470744,0.08306517824331741,0.08566263431112144,0.0887291213260141,0.08992584574265675,0.09164919458900761,0.09241340865350416,0.09393788570618455,0.09720920422436083
T123R,-0.44692096258091346,0.4500228734044624,0.41503731593391,0.45333087594256033,0.4181402408225887,0.41414022522883476,0.4026151983600211,0.3966009815353149,0.37645474195226997,0.3675469664205323,0.3654591525155416,0.3652089554872989,0.3727402923809232,0.3771096027775704,0.37492225865567225,0.3734984623399689,0.37154092587540355,0.3715503499151714,0.37303456064293405,0.37162051518986106,0.3692911214967186
E124Q,-0.038419948744609925,0.3686784884287361,0.3403541095180736,0.3481172241333973,0.34778702389030114,0.34102436965244526,0.3488756870470391,0.34416429580913466,0.3458472707918782,0.3477973978664244,0.36625376608576654,0.3718633125223377,0.3789379051735541,0.387848756093686,0.39140119189313755,0.3997400497311054,0.39664837324056335,0.406050666953207,0.4131707920934618,0.4193270706917677,0.4230486548485814
E124D,0.0297210924250756,0.046775729107532256,0.025225446444301896,0.0370005270109404,0.024031294531322817,0.02026000789018516,0.010417829395198943,0.004910013350031293,0.0031681624472116032,0.0025297677964988357,0.01453296237368254,0.01116636222203458,0.009434452592787607,0.021419349077507664,0.027831895078804618,0.030728049830100086,0.03219755274359244,0.03996792581551413,0.04222886097570012,0.044537672660326995,0.04290064641728976
E124K,-0.04985113813886976,0.23767126664662608,0.22966399946251254,0.24474897864403644,0.276874236975594,0.2778297934417101,0.2834184744062194,0.28616816490249797,0.2893369533178013,0.29830027166769096,0.30991260347436905,0.3143524928112299,0.32656209993156277,0.3511906103673324,0.36388803408271375,0.3722132005296556,0.3710221858584058,0.37436534794413107,0.3749880114437565,0.3779313110024168,0.37339835887013295
E124R,-0.15161096794548423,0.5818627049272431,0.5712203523012362,0.5818587525014969,0.5905033416456409,0.5744571485615678,0.5839766657342736,0.5736795759363191,0.5714353757264126,0.5621332604341909,0.5714520851775207,0.5650026816001528,0.5667325137356982,0.5801243726233453,0.5837002192077209,0.5818559334430866,0.5888370404726977,0.5991135257868545,0.6051079129340003,0.6079822779433959,0.6077557532080353
E124N,-0.16655515700724832,0.3464483147392903,0.3266371551256678,0.3159639708755678,0.30826506177958524,0.30472112048839606,0.2994758960961491,0.29539656448604246,0.29658746786585694,0.30052483674905206,0.3095516014532832,0.31325632922267327,0.31744178906774784,0.33751234180309886,0.3431809507694953,0.34163690239742034,0.34333196877448563,0.3500029662217785,0.35273800116143705,0.35594085289745137,0.35708566593342234
K126R,-0.05759862123463676,0.14341394677879035,0.155190077315358,0.13622554654455005,0.12642484597912604,0.12602696880832126,0.11667876241839928,0.13125475340495502,0.12844890923393337,0.1314625677525344,0.12471672988221036,0.12322707528639212,0.12014709692637868,0.12622614045962194,0.12814127517672574,0.13902750735819258,0.14318979392125467,0.14451115862431402,0.1466926427849146,0.14702780848693092,0.14537787597374446
I127F,0.11935213080696525,-0.025958765161606223,-0.07440537192413606,-0.057061059248229504,-0.07425634551066378,-0.08007008645936012,-0.08303995651988032,-0.08318048732030568,-0.0835639799814025,-0.08551046164542386,-0.08267362295822614,-0.08316210655329298,-0.07848645549882152,-0.07738081577548049,-0.07308329887432508,-0.0726856851152823,-0.07088654601684584,-0.071108763873318,-0.07480254854514493,-0.074732221779825,-0.07377542172606236
T128R,-0.3952618612483939,0.5637773682461754,0.482926342460375,0.4752358335349151,0.4844111924517316,0.47300772570665545,0.46217614518077943,0.4707441573594462,0.48104513620603234,0.4715059297301707,0.4668382261221728,0.48148762539102263,0.4826662767484239,0.485213382825162,0.4810131895831714,0.47621441448539076,0.47264465308511844,0.47208661575082334,0.4783606655266599,0.4866169647998911,0.48742072118328644
G129A,0.1785158324542499,-0.21314759093764982,-0.23905298371517994,-0.21621890508151126,-0.18179573725150075,-0.1646856643526998,-0.12020784570445882,-0.11545891554975314,-0.1182240399782097,-0.12143426238967847,-0.1258268176458758,-0.1254275129194238,-0.1252780549031339,-0.12670909211523496,-0.12771372912733225,-0.12552116116383388,-0.12379446081268215,-0.12284195109610234,-0.12429906712027565,-0.12226161216627278,-0.12106914045267889
E138Q,-0.22535970341919645,0.09675542279657512,0.1582382992755704,0.15167290684755808,0.18613399077554957,0.18613331311576414,0.18083631433957725,0.19152857433196618,0.18805108232602985,0.18658908883259848,0.18671968716979268,0.1893198731447056,0.19224455149334915,0.20002222962718844,0.18681255761177953,0.18457969234745142,0.1893580539193852,0.1894160972980433,0.19025389338626422,0.18986074756016139,0.19002555421216671
E138N,0.0288543263798156,0.004924043507202947,0.010885214120012332,0.010218205039251572,0.01957476621924621,0.03517707822422962,0.03854862235779231,0.04190007624933587,0.02915019208818088,0.026047138346406328,0.02617481130177941,0.03750958977366028,0.04877716210607841,0.05721695856261118,0.044314607376540936,0.04638209883804991,0.047840473432594434,0.04871637521328089,0.04930583952305112,0.04898052261223904,0.04651565210838351
E138R,-0.2635084908782786,0.4791168676028703,0.46002030592218385,0.46986111269033337,0.47182530932638667,0.48453894850206164,0.4835283360995832,0.4947495398802966,0.48934144427175863,0.4934758375305409,0.5075196929325108,0.5148540272042292,0.5156465296745358,0.5294130189881838,0.5227904912953527,0.5288132703871875,0.5318968724970592,0.5252382116635254,0.5274336775682363,0.5246828564035023,0.5293577900726664
E138H,0.030971870201913658,0.17152940395621002,0.1541021166613095,0.1446193902614107,0.1517390143036022,0.1580797460395122,0.15369256700176004,0.15948504107373046,0.1520732849222302,0.15223539983120607,0.15388743615374173,0.1608194066155034,0.1590477208811873,0.1695765861943074,0.15741838336652858,0.16036894492581047,0.1610356554693657,0.1623868926929453,0.16494740543197056,0.16878395477842742,0.1669608718766981
D144K,0.2943626580063857,0.3774714445148383,0.3960026177674608,0.3459985472323944,0.36565406084751245,0.3747581235684477,0.369560545913241,0.3751354707576854,0.3866926612923674,0.39628505883642234,0.38341766383496845,0.3754854548825282,0.36948250733171906,0.36595892064153845,0.3552974160870864,0.3551934480870848,0.3480305189235018,0.34210284671331126,0.33873156483623096,0.3359622344855694,0.33089417653733405
D144R,-0.026571559751996543,0.5701748148097535,0.6247257273375322,0.6030088861648849,0.6066382260580474,0.6109962937025034,0.598992306484199,0.5785447854740013,0.5562797171469265,0.5517227510523528,0.5466226114387728,0.5367384955689126,0.5223009414268786,0.5159708937780997,0.5232976052242924,0.5257492221897511,0.5208994468448691,0.5122075485599649,0.510040754330892,0.5126494537424662,0.5102189906384254
