,ddg
I5A,13.6978
I5C,14.9023
I5D,20.9313
I5E,16.8806
I5F,15.7637
I5G,17.6613
I5H,20.0761
I5I,0.0
I5K,16.4019
I5L,8.5309
I5M,9.6061
I5N,16.4309
I5P,14.7542
I5Q,13.6195
I5R,17.0634
I5S,14.8274
I5T,9.8406
I5V,4.0925
I5W,20.6866
I5Y,17.9285
E6A,1.774
E6C,8.7643
E6D,1.4863
E6E,0.0
E6F,6.9401
E6G,3.7012
E6H,4.9795
E6I,5.5639
E6K,2.0006
E6L,4.5086
E6M,7.4007
E6N,3.096
E6P,6.9519
E6Q,2.0492
E6R,2.9681
E6S,0.7145
E6T,0.7941
E6V,3.3058
E6W,8.9881
E6Y,6.9868
Q7A,0.329
Q7C,4.1562
Q7D,3.3523
Q7E,-1.0233
Q7F,3.0867
Q7G,6.5078
Q7H,2.6565
Q7I,-0.6992
Q7K,-0.5658
Q7L,-0.7022
Q7M,1.4238
Q7N,4.0446
Q7P,-1.114
Q7Q,0.0
Q7R,-2.7786
Q7S,2.2337
Q7T,-2.1562
Q7V,-2.1046
Q7W,2.5783
Q7Y,3.7721
P8A,9.8034
P8C,16.9402
P8D,10.2818
P8E,11.0728
P8F,12.8282
P8G,13.3822
P8H,11.5983
P8I,21.0925
P8K,11.7285
P8L,12.4144
P8M,14.5112
P8N,13.3613
P8P,0.0
P8Q,11.9659
P8R,11.5601
P8S,11.006
P8T,16.853
P8V,19.1894
P8W,13.7007
P8Y,12.5229
R9A,1.3509
R9C,8.1798
R9D,2.1426
R9E,1.1148
R9F,1.3381
R9G,6.7372
R9H,2.2628
R9I,1.8088
R9K,0.5981
R9L,0.1871
R9M,3.5473
R9N,4.7936
R9P,1.3167
R9Q,2.2461
R9R,0.0
R9S,3.5085
R9T,1.8186
R9V,0.9491
R9W,3.2245
R9Y,0.8816
W10A,10.6378
W10C,14.748
W10D,7.8815
W10E,7.7931
W10F,6.8106
W10G,11.4512
W10H,7.4752
W10I,11.9178
W10K,15.8247
W10L,13.4277
W10M,13.8868
W10N,12.791
W10P,18.456
W10Q,11.432
W10R,13.0726
W10S,9.0926
W10T,8.5905
W10V,11.0643
W10W,0.0
W10Y,4.6981
A11A,0.0
A11C,11.8876
A11D,11.2677
A11E,12.2572
A11F,13.8648
A11G,9.8438
A11H,13.0137
A11I,18.0489
A11K,16.6062
A11L,20.1776
A11M,14.9182
A11N,13.1597
A11P,22.6214
A11Q,12.7884
A11R,15.1044
A11S,4.8685
A11T,12.4485
A11V,11.5158
A11W,12.0158
A11Y,13.891
S12A,6.7419
S12C,10.1949
S12D,6.8888
S12E,10.6488
S12F,10.9122
S12G,9.8692
S12H,12.2934
S12I,14.9113
S12K,8.4796
S12L,7.6562
S12M,11.135
S12N,8.5334
S12P,3.9245
S12Q,8.3985
S12R,7.4812
S12S,0.0
S12T,10.2561
S12V,14.4733
S12W,13.0878
S12Y,11.5936
K13A,1.5498
K13C,9.0011
K13D,2.2996
K13E,2.2236
K13F,8.8047
K13G,3.0399
K13H,4.9259
K13I,6.6352
K13K,0.0
K13L,2.9766
K13M,7.1537
K13N,2.7569
K13P,5.3749
K13Q,0.8119
K13R,0.195
K13S,0.4626
K13T,-1.4783
K13V,4.2815
K13W,9.0133
K13Y,9.1977
D14A,1.0939
D14C,11.0983
D14D,0.0
D14E,3.4523
D14F,9.5756
D14G,5.0059
D14H,4.5149
D14I,10.4536
D14K,4.9211
D14L,6.7225
D14M,9.7736
D14N,3.4293
D14P,14.7246
D14Q,5.4659
D14R,4.756
D14S,1.6488
D14T,5.1197
D14V,8.9006
D14W,10.0267
D14Y,9.2264
S15A,-1.6877
S15C,9.7576
S15D,1.141
S15E,0.0248
S15F,5.6506
S15G,3.2276
S15H,4.8775
S15I,4.0817
S15K,1.0141
S15L,3.8447
S15M,7.645
S15N,3.9883
S15P,-4.6742
S15Q,3.3219
S15R,2.7875
S15S,0.0
S15T,2.6464
S15V,2.3348
S15W,5.7374
S15Y,6.1535
A16A,0.0
A16C,9.0917
A16D,1.6504
A16E,1.2389
A16F,5.6799
A16G,1.6819
A16H,4.2017
A16I,8.0727
A16K,-0.3171
A16L,3.1817
A16M,5.746
A16N,-0.2152
A16P,13.5949
A16Q,0.7923
A16R,1.9326
A16S,-0.5872
A16T,0.5205
A16V,6.015
A16W,7.957
A16Y,6.0438
A17A,0.0
A17C,8.1667
A17D,8.6092
A17E,6.9748
A17F,8.2277
A17G,8.6951
A17H,4.778
A17I,16.322
A17K,4.9489
A17L,13.0309
A17M,10.2624
A17N,7.2142
A17P,18.3692
A17Q,6.2521
A17R,4.0209
A17S,1.8011
A17T,8.9423
A17V,13.1474
A17W,6.4945
A17Y,5.6344
G18A,6.9409
G18C,11.6127
G18D,6.9324
G18E,12.0122
G18F,11.3471
G18G,0.0
G18H,10.348
G18I,20.4114
G18K,10.7701
G18L,14.51
G18M,13.19
G18N,3.8557
G18P,13.3601
G18Q,12.0008
G18R,10.6853
G18S,6.1703
G18T,15.858
G18V,19.0908
G18W,12.3833
G18Y,10.8864
A19A,0.0
A19C,4.0249
A19D,1.5938
A19E,-2.6351
A19F,5.4856
A19G,5.4495
A19H,2.9106
A19I,0.5683
A19K,-5.9606
A19L,-0.577
A19M,1.9532
A19N,0.4271
A19P,22.8392
A19Q,-2.5572
A19R,-2.1453
A19S,-0.0114
A19T,-0.4832
A19V,-0.9357
A19W,8.0847
A19Y,5.2199
A20A,0.0
A20C,13.676
A20D,11.8535
A20E,11.3911
A20F,12.6222
A20G,11.1455
A20H,12.3962
A20I,24.7755
A20K,16.9593
A20L,22.5997
A20M,17.8444
A20N,15.9011
A20P,-2.5993
A20Q,15.0033
A20R,18.6422
A20S,5.8983
A20T,15.9296
A20V,17.9318
A20W,11.2829
A20Y,10.832
S21A,0.7319
S21C,7.6065
S21D,3.1073
S21E,1.8758
S21F,4.1979
S21G,3.4975
S21H,1.835
S21I,4.4597
S21K,-0.1951
S21L,5.3395
S21M,5.9768
S21N,1.6044
S21P,15.3206
S21Q,0.0907
S21R,0.3717
S21S,0.0
S21T,-1.4688
S21V,3.0946
S21W,8.1788
S21Y,5.6342
T22A,12.0827
T22C,14.5643
T22D,15.2381
T22E,13.7606
T22F,17.6412
T22G,10.729
T22H,15.6997
T22I,18.527
T22K,10.3334
T22L,13.1327
T22M,17.4011
T22N,12.6618
T22P,27.3573
T22Q,12.9911
T22R,11.1206
T22S,1.228
T22T,0.0
T22V,16.6023
T22W,20.127
T22Y,17.7042
P23A,1.2188
P23C,10.2041
P23D,0.8404
P23E,-0.547
P23F,3.5871
P23G,3.8446
P23H,3.3138
P23I,5.7823
P23K,0.4155
P23L,3.8113
P23M,7.2104
P23N,1.8911
P23P,0.0
P23Q,1.7923
P23R,1.1975
P23S,2.4653
P23T,2.5156
P23V,4.4675
P23W,6.305
P23Y,3.3586
D24A,0.7277
D24C,9.634
D24D,0.0
D24E,-0.766
D24F,6.338
D24G,4.1005
D24H,4.2728
D24I,8.5941
D24K,4.0026
D24L,6.1801
D24M,4.9226
D24N,1.4285
D24P,7.6517
D24Q,1.2298
D24R,4.5655
D24S,1.2042
D24T,6.6679
D24V,9.5581
D24W,7.5359
D24Y,5.311
E25A,13.4471
E25C,16.0031
E25D,16.2976
E25E,0.0
E25F,29.9461
E25G,17.2703
E25H,23.4713
E25I,20.1391
E25K,17.0248
E25L,19.1287
E25M,10.11
E25N,17.565
E25P,27.9812
E25Q,3.8799
E25R,17.7192
E25S,16.0177
E25T,16.3075
E25V,19.078
E25W,27.4269
E25Y,28.7412
K26A,0.5758
K26C,11.0463
K26D,6.5494
K26E,2.1256
K26F,8.9359
K26G,7.0226
K26H,6.9668
K26I,9.6283
K26K,0.0
K26L,5.1062
K26M,7.0736
K26N,6.5549
K26P,25.1859
K26Q,0.8755
K26R,0.8202
K26S,4.3587
K26T,3.8706
K26V,8.0305
K26W,10.775
K26Y,8.4554
I27A,6.2586
I27C,11.4832
I27D,11.573
I27E,8.1259
I27F,8.143
I27G,13.9862
I27H,8.5902
I27I,0.0
I27K,1.6747
I27L,3.0416
I27M,8.194
I27N,8.837
I27P,23.9931
I27Q,6.9613
I27R,1.8649
I27S,9.6562
I27T,5.0703
I27V,2.2182
I27W,12.984
I27Y,8.6194
V28A,5.966
V28C,8.3848
V28D,18.9405
V28E,15.7195
V28F,13.5182
V28G,17.0246
V28H,17.0298
V28I,7.4212
V28K,18.3805
V28L,10.3231
V28M,9.672
V28N,15.434
V28P,31.7377
V28Q,13.7228
V28R,15.6856
V28S,11.7517
V28T,6.7012
V28V,0.0
V28W,14.8373
V28Y,14.9341
L29A,11.3584
L29C,10.6631
L29D,13.3002
L29E,9.7578
L29F,14.5608
L29G,15.035
L29H,12.0988
L29I,7.5259
L29K,6.7843
L29L,0.0
L29M,5.9096
L29N,6.6855
L29P,27.3941
L29Q,7.6949
L29R,6.3951
L29S,10.9251
L29T,8.524
L29V,8.7916
L29W,18.9298
L29Y,14.6823
E30A,2.5221
E30C,11.5222
E30D,0.8025
E30E,0.0
E30F,12.7401
E30G,3.0152
E30H,7.6085
E30I,9.8597
E30K,1.3704
E30L,8.0941
E30M,9.1659
E30N,3.4361
E30P,18.1619
E30Q,2.6077
E30R,3.6507
E30S,2.9392
E30T,4.8243
E30V,9.391
E30W,13.4592
E30Y,11.2967
F31A,6.3715
F31C,7.6154
F31D,16.1088
F31E,12.7812
F31F,0.0
F31G,9.894
F31H,8.2072
F31I,1.9414
F31K,8.2767
F31L,1.9572
F31M,4.7932
F31N,10.6305
F31P,22.1554
F31Q,9.7609
F31R,8.3705
F31S,10.9101
F31T,7.3685
F31V,2.5258
F31W,4.4292
F31Y,2.3679
M32A,3.2126
M32C,1.9246
M32D,6.431
M32E,0.6793
M32F,1.387
M32G,10.4439
M32H,4.3805
M32I,-1.494
M32K,10.3261
M32L,-6.3099
M32M,0.0
M32N,5.4788
M32P,22.4636
M32Q,1.9878
M32R,8.8468
M32S,6.6256
M32T,6.2268
M32V,1.7213
M32W,4.8119
M32Y,1.8818
D33A,0.4298
D33C,9.5187
D33D,0.0
D33E,-0.5872
D33F,9.0462
D33G,3.1702
D33H,4.0912
D33I,7.5156
D33K,-1.7423
D33L,6.6381
D33M,7.9067
D33N,0.8052
D33P,14.2032
D33Q,1.5214
D33R,0.5513
D33S,2.4245
D33T,3.2401
D33V,6.3755
D33W,11.4805
D33Y,7.6555
A34A,0.0
A34C,8.4285
A34D,3.6439
A34E,4.3148
A34F,14.138
A34G,9.0333
A34H,10.4494
A34I,11.2547
A34K,6.2186
A34L,6.1463
A34M,6.7339
A34N,6.5352
A34P,25.0669
A34Q,6.1092
A34R,7.5573
A34S,2.6402
A34T,8.3086
A34V,10.5082
A34W,13.9277
A34Y,13.8896
L35A,12.0165
L35C,11.4527
L35D,19.0675
L35E,12.9923
L35F,9.1122
L35G,19.8014
L35H,13.477
L35I,10.7562
L35K,7.6343
L35L,0.0
L35M,5.3198
L35N,17.7995
L35P,31.4001
L35Q,9.478
L35R,8.8571
L35S,15.501
L35T,13.7831
L35V,11.1668
L35W,10.2126
L35Y,10.945
T36A,9.2805
T36C,8.646
T36D,14.1143
T36E,6.9267
T36F,18.758
T36G,11.2932
T36H,16.8381
T36I,2.4597
T36K,4.8487
T36L,9.7051
T36M,8.0308
T36N,12.2046
T36P,13.3412
T36Q,7.8147
T36R,5.8548
T36S,8.543
T36T,0.0
T36V,-0.078
T36W,20.4594
T36Y,18.5001
S37A,6.3048
S37C,10.7744
S37D,6.0092
S37E,5.909
S37F,10.8585
S37G,8.4461
S37H,10.9553
S37I,14.1714
S37K,6.9621
S37L,6.1102
S37M,9.9525
S37N,8.4019
S37P,24.7062
S37Q,7.1873
S37R,8.7576
S37S,0.0
S37T,1.2067
S37V,13.6343
S37W,11.5319
S37Y,9.9065
N38A,14.46
N38C,11.8371
N38D,7.8689
N38E,13.6216
N38F,21.1078
N38G,11.3454
N38H,15.0438
N38I,22.3918
N38K,12.2646
N38L,17.6349
N38M,15.5761
N38N,0.0
N38P,28.3585
N38Q,12.4737
N38R,10.3514
N38S,13.2593
N38T,19.2736
N38V,19.2419
N38W,18.8525
N38Y,19.5296
D39A,14.9443
D39C,14.7113
D39D,0.0
D39E,11.956
D39F,20.6822
D39G,18.2934
D39H,13.7037
D39I,22.3953
D39K,15.8028
D39L,18.9807
D39M,20.6977
D39N,3.3144
D39P,33.7714
D39Q,14.537
D39R,17.6816
D39S,11.3696
D39T,16.1786
D39V,21.1206
D39W,21.8403
D39Y,19.2815
A40A,0.0
A40C,13.703
A40D,12.1765
A40E,8.8766
A40F,8.9837
A40G,15.7412
A40H,7.833
A40I,21.4466
A40K,12.6073
A40L,18.9695
A40M,14.9717
A40N,12.1256
A40P,-3.0733
A40Q,11.2211
A40R,12.9744
A40S,4.8951
A40T,13.3182
A40V,13.888
A40W,5.7256
A40Y,6.2052
A41A,0.0
A41C,12.5522
A41D,3.2298
A41E,2.3848
A41F,12.2706
A41G,4.1438
A41H,7.8511
A41I,10.308
A41K,1.5097
A41L,8.3951
A41M,11.638
A41N,5.3052
A41P,7.2979
A41Q,3.1434
A41R,4.1084
A41S,2.3254
A41T,4.2075
A41V,6.9005
A41W,13.9046
A41Y,11.7191
K42A,3.4529
K42C,10.8698
K42D,6.6617
K42E,2.9289
K42F,6.6187
K42G,6.8343
K42H,5.9217
K42I,5.9193
K42K,0.0
K42L,1.8828
K42M,7.653
K42N,6.5296
K42P,15.1382
K42Q,3.1425
K42R,2.3116
K42S,4.7992
K42T,3.6222
K42V,4.841
K42W,10.7503
K42Y,5.9597
L43A,15.1939
L43C,15.622
L43D,21.6531
L43E,16.7826
L43F,18.3624
L43G,21.86
L43H,18.0274
L43I,7.8862
L43K,14.6268
L43L,0.0
L43M,8.6175
L43N,16.7433
L43P,36.0312
L43Q,11.8554
L43R,12.6273
L43S,18.5931
L43T,16.6111
L43V,12.5507
L43W,12.9933
L43Y,19.6333
I44A,6.9445
I44C,11.0876
I44D,15.1105
I44E,12.9062
I44F,15.6911
I44G,11.9734
I44H,15.5948
I44I,0.0
I44K,7.359
I44L,8.5937
I44M,5.8324
I44N,10.1573
I44P,26.8702
I44Q,10.7222
I44R,9.2634
I44S,6.9539
I44T,7.3845
I44V,2.3885
I44W,19.7446
I44Y,14.7289
E45A,1.3895
E45C,9.865
E45D,1.6789
E45E,0.0
E45F,12.5446
E45G,1.817
E45H,5.841
E45I,9.3485
E45K,-0.8701
E45L,6.6109
E45M,9.1974
E45N,3.5778
E45P,10.0379
E45Q,0.6463
E45R,1.9677
E45S,0.5828
E45T,0.8457
E45V,6.3905
E45W,13.9701
E45Y,11.2753
Y46A,9.5088
Y46C,14.6561
Y46D,16.1369
Y46E,16.2319
Y46F,-0.5565
Y46G,12.3441
Y46H,8.0303
Y46I,20.8105
Y46K,9.0242
Y46L,13.3323
Y46M,12.2801
Y46N,12.0671
Y46P,19.4916
Y46Q,13.7316
Y46R,11.223
Y46S,10.8926
Y46T,16.4146
Y46V,18.5412
Y46W,7.1528
Y46Y,0.0
F47A,7.5047
F47C,6.7494
F47D,15.8163
F47E,20.5379
F47F,0.0
F47G,14.6728
F47H,15.045
F47I,11.5821
F47K,23.6246
F47L,4.4584
F47M,7.5729
F47N,14.7076
F47P,30.5248
F47Q,18.119
F47R,22.3468
F47S,11.0981
F47T,10.7126
F47V,10.7988
F47W,10.9074
F47Y,8.5673
A48A,0.0
A48C,10.5837
A48D,4.2164
A48E,6.7008
A48F,12.8358
A48G,9.4568
A48H,7.4655
A48I,20.9257
A48K,6.0767
A48L,10.3459
A48M,10.7524
A48N,1.8931
A48P,25.4589
A48Q,7.5006
A48R,6.5445
A48S,3.9369
A48T,10.1686
A48V,16.8349
A48W,13.4871
A48Y,11.1803
E49A,3.9726
E49C,14.1379
E49D,-0.4462
E49E,0.0
E49F,11.7316
E49G,7.6177
E49H,8.5443
E49I,9.1757
E49K,4.7044
E49L,8.9359
E49M,11.1819
E49N,5.0142
E49P,5.8736
E49Q,4.4503
E49R,5.6122
E49S,5.6773
E49T,5.0828
E49V,6.4916
E49W,11.7299
E49Y,10.6259
D50A,6.9326
D50C,12.6849
D50D,0.0
D50E,2.6153
D50F,10.6154
D50G,8.2034
D50H,6.6517
D50I,9.6497
D50K,4.5763
D50L,9.7582
D50M,11.206
D50N,2.7029
D50P,10.7486
D50Q,5.8939
D50R,6.0124
D50S,6.7222
D50T,7.1002
D50V,8.1455
D50W,12.2148
D50Y,10.0443
T51A,8.2555
T51C,-3.7043
T51D,12.7226
T51E,12.0242
T51F,15.9147
T51G,16.677
T51H,15.6649
T51I,12.0086
T51K,17.2735
T51L,11.4695
T51M,10.4478
T51N,6.4622
T51P,21.616
T51Q,10.6336
T51R,13.8274
T51S,5.1997
T51T,0.0
T51V,5.9447
T51W,17.71
T51Y,15.5449
M52A,-2.2313
M52C,-5.1697
M52D,2.3959
M52E,0.1298
M52F,-4.8196
M52G,-0.0733
M52H,-3.259
M52I,3.8469
M52K,4.0912
M52L,-1.381
M52M,0.0
M52N,-1.5393
M52P,12.6709
M52Q,-0.6402
M52R,0.1959
M52S,-3.055
M52T,-1.4655
M52V,1.3729
M52W,-7.0958
M52Y,-5.5889
Y53A,9.6452
Y53C,11.6542
Y53D,16.1241
Y53E,13.9767
Y53F,1.5634
Y53G,12.6673
Y53H,7.1621
Y53I,7.889
Y53K,7.8846
Y53L,3.5975
Y53M,7.295
Y53N,13.3979
Y53P,28.2182
Y53Q,10.6617
Y53R,7.1786
Y53S,11.5623
Y53T,14.139
Y53V,8.1997
Y53W,2.1051
Y53Y,0.0
Q54A,8.6837
Q54C,8.7541
Q54D,12.8792
Q54E,5.4755
Q54F,21.0011
Q54G,15.6023
Q54H,17.1123
Q54I,13.0841
Q54K,7.5977
Q54L,14.7659
Q54M,9.6003
Q54N,11.6436
Q54P,26.2629
Q54Q,0.0
Q54R,5.8954
Q54S,10.6139
Q54T,12.6439
Q54V,9.7534
Q54W,16.8389
Q54Y,19.4345
N55A,0.6519
N55C,2.5526
N55D,0.5031
N55E,2.1764
N55F,-3.2763
N55G,4.9278
N55H,-0.1207
N55I,-6.7816
N55K,1.4044
N55L,-5.26
N55M,-0.6002
N55N,0.0
N55P,1.5568
N55Q,0.674
N55R,-0.8997
N55S,0.9913
N55T,-1.2867
N55V,-3.43
N55W,-2.3336
N55Y,-1.7513
M56A,0.8683
M56C,3.6671
M56D,2.914
M56E,1.8585
M56F,4.8851
M56G,6.0759
M56H,5.1054
M56I,1.8473
M56K,4.734
M56L,-1.427
M56M,0.0
M56N,1.8473
M56P,17.0511
M56Q,1.669
M56R,3.065
M56S,1.2368
M56T,0.0801
M56V,1.2175
M56W,5.702
M56Y,4.769
P57A,-0.7963
P57C,6.1689
P57D,7.5242
P57E,9.9664
P57F,4.4104
P57G,1.7889
P57H,6.8929
P57I,16.994
P57K,12.5914
P57L,16.6937
P57M,11.2972
P57N,8.3517
P57P,0.0
P57Q,10.9855
P57R,12.1455
P57S,0.9885
P57T,9.9253
P57V,14.0908
P57W,3.9963
P57Y,4.2934
L58A,11.6838
L58C,11.2698
L58D,13.0675
L58E,9.1163
L58F,8.175
L58G,16.0349
L58H,9.3104
L58I,13.959
L58K,9.2696
L58L,0.0
L58M,7.9632
L58N,10.7174
L58P,31.3405
L58Q,7.8678
L58R,8.4033
L58S,10.7787
L58T,7.5796
L58V,12.4889
L58W,13.2804
L58Y,9.6868
P59A,6.4715
P59C,17.5919
P59D,8.5126
P59E,7.5479
P59F,15.8593
P59G,10.3966
P59H,13.8033
P59I,16.5028
P59K,10.0504
P59L,12.3754
P59M,14.5901
P59N,12.2672
P59P,0.0
P59Q,10.4403
P59R,10.3901
P59S,9.0412
P59T,11.867
P59V,13.7144
P59W,17.1136
P59Y,15.9173
P60A,4.9648
P60C,14.4774
P60D,11.9097
P60E,10.1295
P60F,14.5456
P60G,9.759
P60H,14.9857
P60I,13.8851
P60K,14.9706
P60L,15.3708
P60M,13.1184
P60N,13.8304
P60P,0.0
P60Q,13.2741
P60R,12.4203
P60S,8.4484
P60T,11.4435
P60V,11.0303
P60W,13.5498
P60Y,14.8357
A61A,0.0
A61C,9.3078
A61D,10.0965
A61E,9.2652
A61F,9.0519
A61G,13.146
A61H,8.9527
A61I,20.1682
A61K,8.9531
A61L,15.0524
A61M,11.4934
A61N,10.317
A61P,16.6852
A61Q,8.2019
A61R,8.5918
A61S,2.3153
A61T,10.328
A61V,12.3793
A61W,9.6694
A61Y,8.8187
Y62A,6.484
Y62C,8.7756
Y62D,3.743
Y62E,1.4703
Y62F,0.8516
Y62G,11.943
Y62H,3.31
Y62I,0.7595
Y62K,7.9224
Y62L,2.8287
Y62M,7.3354
Y62N,5.9237
Y62P,17.7668
Y62Q,5.6083
Y62R,5.5486
Y62S,7.2163
Y62T,4.6307
Y62V,0.4612
Y62W,2.7392
Y62Y,0.0
G63A,15.1127
G63C,19.3258
G63D,12.6636
G63E,14.197
G63F,17.5372
G63G,0.0
G63H,15.3042
G63I,21.7394
G63K,14.1992
G63L,17.6429
G63M,18.7524
G63N,13.6538
G63P,20.7362
G63Q,15.5357
G63R,13.8099
G63S,12.1669
G63T,14.2403
G63V,20.4548
G63W,17.7626
G63Y,16.5125
R64A,10.4755
R64C,14.1402
R64D,15.9967
R64E,12.1633
R64F,20.2494
R64G,18.6468
R64H,14.5236
R64I,5.3011
R64K,-1.0939
R64L,7.967
R64M,14.3643
R64N,13.5382
R64P,22.2672
R64Q,7.9538
R64R,0.0
R64S,13.5711
R64T,14.7969
R64V,7.3729
R64W,18.7994
R64Y,19.4938
D65A,-1.492
D65C,10.5124
D65D,0.0
D65E,-1.9211
D65F,7.2374
D65G,2.8947
D65H,4.4687
D65I,4.6358
D65K,-0.4235
D65L,2.8898
D65M,6.9043
D65N,3.5773
D65P,5.1112
D65Q,-0.3597
D65R,0.8914
D65S,1.2078
D65T,0.4922
D65V,2.0463
D65W,8.5297
D65Y,6.8969
A66A,0.0
A66C,15.0126
A66D,6.8908
A66E,3.8015
A66F,14.3778
A66G,10.6338
A66H,9.9374
A66I,15.4061
A66K,6.2965
A66L,9.2432
A66M,10.5885
A66N,7.2267
A66P,13.5605
A66Q,3.48
A66R,6.4611
A66S,6.4359
A66T,9.0312
A66V,11.8888
A66W,15.4075
A66Y,13.7036
V67A,12.3414
V67C,6.4026
V67D,25.7741
V67E,26.0175
V67F,19.629
V67G,20.7846
V67H,27.287
V67I,3.7361
V67K,30.6877
V67L,16.8568
V67M,16.031
V67N,18.1444
V67P,32.4406
V67Q,24.9827
V67R,27.5388
V67S,18.9436
V67T,13.5717
V67V,0.0
V67W,24.7457
V67Y,22.6395
E68A,-1.5641
E68C,8.1324
E68D,9.0239
E68E,0.0
E68F,5.4868
E68G,0.6172
E68H,4.5245
E68I,11.5206
E68K,-0.4931
E68L,5.3675
E68M,6.307
E68N,6.2003
E68P,21.5619
E68Q,1.0469
E68R,-0.4935
E68S,4.4357
E68T,5.0285
E68V,10.7225
E68W,9.3268
E68Y,4.5326
Q69A,-2.907
Q69C,9.6243
Q69D,1.9327
Q69E,0.1919
Q69F,9.8569
Q69G,3.4421
Q69H,5.4641
Q69I,8.7447
Q69K,-1.3215
Q69L,4.3801
Q69M,5.9669
Q69N,1.8014
Q69P,18.3482
Q69Q,0.0
Q69R,-0.6324
Q69S,1.2375
Q69T,3.5453
Q69V,7.1377
Q69W,11.0419
Q69Y,9.7342
T70A,0.9595
T70C,5.8392
T70D,3.4105
T70E,1.2683
T70F,1.8954
T70G,3.8958
T70H,0.4164
T70I,9.4026
T70K,-0.7058
T70L,0.4315
T70M,1.2332
T70N,3.936
T70P,19.1985
T70Q,-1.3917
T70R,-1.3974
T70S,2.5424
T70T,0.0
T70V,5.0281
T70W,1.1793
T70Y,-1.5342
L71A,12.2024
L71C,14.2093
L71D,23.3365
L71E,17.2854
L71F,2.9546
L71G,20.8194
L71H,16.4447
L71I,6.6105
L71K,14.1139
L71L,0.0
L71M,7.7995
L71N,19.2774
L71P,29.1629
L71Q,13.4039
L71R,16.3974
L71S,18.0876
L71T,17.0247
L71V,10.1157
L71W,8.0609
L71Y,7.6326
A72A,0.0
A72C,12.2148
A72D,5.9302
A72E,3.1114
A72F,10.4536
A72G,7.241
A72H,8.054
A72I,11.5124
A72K,2.2501
A72L,7.1776
A72M,9.2574
A72N,5.4766
A72P,20.8012
A72Q,2.756
A72R,2.7255
A72S,3.0313
A72T,4.5245
A72V,10.165
A72W,12.3934
A72Y,9.6306
G73A,0.6283
G73C,8.5416
G73D,1.1604
G73E,1.4604
G73F,4.8629
G73G,0.0
G73H,2.6464
G73I,7.404
G73K,1.9835
G73L,4.1215
G73M,5.7696
G73N,2.0651
G73P,14.6548
G73Q,1.6074
G73R,1.2179
G73S,1.6178
G73T,2.2835
G73V,6.6867
G73W,5.5926
G73Y,4.5614
L74A,4.8874
L74C,7.6699
L74D,8.4558
L74E,7.9866
L74F,-1.0298
L74G,8.4007
L74H,7.0384
L74I,2.8309
L74K,9.9665
L74L,0.0
L74M,3.9816
L74N,8.3952
L74P,19.6386
L74Q,7.222
L74R,8.2349
L74S,8.2465
L74T,4.8848
L74V,3.7956
L74W,3.8914
L74Y,3.6956
F75A,11.6331
F75C,11.0783
F75D,16.6794
F75E,12.0455
F75F,0.0
F75G,16.0542
F75H,10.2358
F75I,10.1686
F75K,12.1761
F75L,10.7685
F75M,9.9079
F75N,10.8961
F75P,27.9339
F75Q,11.1283
F75R,9.2207
F75S,10.3905
F75T,8.0742
F75V,8.789
F75W,9.0618
F75Y,3.1033
T76A,-4.0604
T76C,5.4662
T76D,-1.6309
T76E,-2.7484
T76F,7.2155
T76G,-1.2807
T76H,2.379
T76I,7.1694
T76K,-2.6917
T76L,2.1821
T76M,3.4587
T76N,0.3748
T76P,16.1339
T76Q,-2.8588
T76R,-3.1778
T76S,-2.493
T76T,0.0
T76V,5.1609
T76W,8.8127
T76Y,6.8402
V77A,6.5298
V77C,9.4376
V77D,7.5844
V77E,5.341
V77F,8.9123
V77G,7.7294
V77H,7.0519
V77I,0.7115
V77K,3.2344
V77L,3.8662
V77M,7.0505
V77N,7.5307
V77P,24.0866
V77Q,4.4381
V77R,1.2957
V77S,5.7732
V77T,2.6666
V77V,0.0
V77W,8.7467
V77Y,7.876
M78A,2.9336
M78C,4.7949
M78D,15.6957
M78E,8.8153
M78F,-0.6928
M78G,7.0295
M78H,6.4204
M78I,0.8872
M78K,8.0
M78L,-0.8861
M78M,0.0
M78N,11.4128
M78P,24.3346
M78Q,6.0217
M78R,6.8919
M78S,7.6113
M78T,6.9051
M78V,0.0374
M78W,5.5606
M78Y,2.225
S79A,-0.2901
S79C,5.3792
S79D,-0.3732
S79E,-1.6648
S79F,3.6389
S79G,5.3447
S79H,1.2705
S79I,0.5309
S79K,-1.6582
S79L,0.6567
S79M,4.3073
S79N,-0.72
S79P,13.4165
S79Q,-0.6108
S79R,-2.7415
S79S,0.0
S79T,-0.8936
S79V,-0.882
S79W,4.8796
S79Y,3.1349
I80A,16.0
I80C,11.3177
I80D,21.0058
I80E,19.0259
I80F,7.8048
I80G,24.7152
I80H,16.3457
I80I,0.0
I80K,17.0686
I80L,9.6266
I80M,12.6259
I80N,15.3279
I80P,26.161
I80Q,17.2965
I80R,15.2864
I80S,18.3313
I80T,10.1863
I80V,1.2484
I80W,14.2445
I80Y,12.0701
D81A,1.9218
D81C,4.9689
D81D,0.0
D81E,-0.6745
D81F,9.2611
D81G,7.5175
D81H,7.1042
D81I,5.6724
D81K,4.6136
D81L,1.5497
D81M,3.2485
D81N,3.9471
D81P,16.8116
D81Q,2.8176
D81R,5.0858
D81S,3.3299
D81T,2.355
D81V,3.0882
D81W,10.8686
D81Y,8.7003
A82A,0.0
A82C,9.5568
A82D,1.4959
A82E,2.6621
A82F,8.2971
A82G,5.2642
A82H,3.0554
A82I,13.8609
A82K,0.2297
A82L,7.0525
A82M,7.505
A82N,1.4745
A82P,24.6271
A82Q,2.8623
A82R,2.0369
A82S,2.1015
A82T,8.2071
A82V,12.5264
A82W,10.8723
A82Y,6.9464
V83A,13.023
V83C,10.7283
V83D,18.321
V83E,18.3731
V83F,16.024
V83G,18.5084
V83H,18.8374
V83I,7.1379
V83K,20.5969
V83L,15.7276
V83M,15.7808
V83N,12.4562
V83P,21.3469
V83Q,17.5356
V83R,15.6696
V83S,10.6939
V83T,7.2135
V83V,0.0
V83W,17.9982
V83Y,17.3598
E84A,1.626
E84C,5.1918
E84D,3.1461
E84E,0.0
E84F,3.7231
E84G,8.2871
E84H,0.2423
E84I,3.9812
E84K,-1.6814
E84L,3.4316
E84M,4.8679
E84N,3.0335
E84P,20.0239
E84Q,0.223
E84R,-1.7508
E84S,1.1503
E84T,-1.1444
E84V,-1.1826
E84W,4.9196
E84Y,2.2834
T85A,-0.0542
T85C,0.8526
T85D,7.0298
T85E,6.1331
T85F,12.9461
T85G,9.8017
T85H,11.3373
T85I,-2.3514
T85K,11.0352
T85L,7.2155
T85M,7.4808
T85N,3.8769
T85P,9.634
T85Q,6.1496
T85R,8.65
T85S,4.5249
T85T,0.0
T85V,-7.9365
T85W,15.4752
T85Y,12.2008
F86A,16.292
F86C,17.7758
F86D,16.5296
F86E,16.198
F86F,0.0
F86G,21.6591
F86H,8.7158
F86I,16.276
F86K,16.3743
F86L,10.43
F86M,14.3534
F86N,15.1188
F86P,24.7451
F86Q,14.7353
F86R,14.6218
F86S,15.8824
F86T,16.3958
F86V,17.5469
F86W,5.8591
F86Y,2.5329
H87A,5.681
H87C,10.613
H87D,6.4632
H87E,3.2235
H87F,0.983
H87G,8.3762
H87H,0.0
H87I,8.086
H87K,6.2466
H87L,3.0851
H87M,8.4058
H87N,2.8325
H87P,19.0437
H87Q,4.5995
H87R,3.9189
H87S,5.1614
H87T,8.2293
H87V,10.1308
H87W,1.6608
H87Y,0.1846
I88A,17.7877
I88C,18.1648
I88D,26.0822
I88E,23.9336
I88F,23.1876
I88G,24.7284
I88H,23.8042
I88I,0.0
I88K,20.4567
I88L,11.0539
I88M,13.4024
I88N,21.562
I88P,34.8028
I88Q,16.8548
I88R,17.7779
I88S,18.1123
I88T,12.2254
I88V,2.5506
I88W,25.4449
I88Y,24.5454
G89A,15.1201
G89C,16.2436
G89D,20.8538
G89E,20.0878
G89F,18.9803
G89G,0.0
G89H,22.357
G89I,22.434
G89K,20.6854
G89L,16.3506
G89M,18.9137
G89N,17.7091
G89P,28.1314
G89Q,20.5849
G89R,19.3146
G89S,13.9801
G89T,18.4497
G89V,21.9872
G89W,18.962
G89Y,22.507
S90A,3.2177
S90C,7.0425
S90D,6.8458
S90E,3.323
S90F,6.9834
S90G,4.4498
S90H,3.6353
S90I,14.4013
S90K,6.8746
S90L,7.4502
S90M,8.3114
S90N,4.2356
S90P,19.0192
S90Q,3.7806
S90R,6.1977
S90S,0.0
S90T,8.2751
S90V,13.0851
S90W,5.8565
S90Y,6.4639
S91A,-1.723
S91C,6.7458
S91D,1.9752
S91E,1.1442
S91F,2.6366
S91G,1.4701
S91H,1.9044
S91I,9.2531
S91K,1.3018
S91L,3.0155
S91M,3.9186
S91N,1.5146
S91P,15.8168
S91Q,0.5255
S91R,0.2993
S91S,0.0
S91T,4.7751
S91V,7.776
S91W,5.0212
S91Y,2.0964
N92A,-3.2297
N92C,4.4232
N92D,2.7505
N92E,2.366
N92F,2.1258
N92G,3.7042
N92H,-1.1692
N92I,15.7441
N92K,5.941
N92L,14.5753
N92M,8.2449
N92N,0.0
N92P,15.9216
N92Q,4.7096
N92R,7.6149
N92S,-2.0003
N92T,6.2123
N92V,9.9515
N92W,3.66
N92Y,1.577
G93A,15.9166
G93C,18.6726
G93D,13.9991
G93E,16.4744
G93F,18.7225
G93G,0.0
G93H,15.2337
G93I,20.5973
G93K,15.5806
G93L,18.6076
G93M,20.1623
G93N,12.5683
G93P,19.0071
G93Q,16.9638
G93R,15.5805
G93S,12.4657
G93T,15.39
G93V,20.2619
G93W,20.269
G93Y,18.0026
L94A,7.3983
L94C,9.2545
L94D,7.4313
L94E,7.2344
L94F,3.6416
L94G,9.7415
L94H,6.0361
L94I,3.8526
L94K,5.6168
L94L,0.0
L94M,6.2928
L94N,4.2802
L94P,18.4855
L94Q,6.4859
L94R,4.2448
L94S,6.9019
L94T,5.8896
L94V,6.059
L94W,5.0244
L94Y,3.7188
V95A,15.6754
V95C,11.7224
V95D,21.3369
V95E,20.5575
V95F,20.7466
V95G,23.7632
V95H,25.5494
V95I,5.0902
V95K,25.0659
V95L,16.725
V95M,17.8651
V95N,18.9348
V95P,31.3347
V95Q,19.8871
V95R,24.4445
V95S,15.9791
V95T,9.0195
V95V,0.0
V95W,22.8586
V95Y,22.1573
Y96A,-1.4752
Y96C,0.3264
Y96D,10.8126
Y96E,9.1908
Y96F,-0.7457
Y96G,1.4512
Y96H,6.2496
Y96I,3.4464
Y96K,9.9044
Y96L,6.2115
Y96M,3.8446
Y96N,7.821
Y96P,16.8415
Y96Q,7.3566
Y96R,8.3575
Y96S,3.2498
Y96T,1.536
Y96V,-3.1176
Y96W,3.3618
Y96Y,0.0
T97A,-2.7196
T97C,1.1942
T97D,8.6085
T97E,7.5
T97F,8.2702
T97G,6.5743
T97H,10.5391
T97I,-0.3542
T97K,10.0821
T97L,1.776
T97M,3.5224
T97N,9.0467
T97P,13.5889
T97Q,7.6564
T97R,9.1926
T97S,2.6547
T97T,0.0
T97V,-5.8104
T97W,13.2922
T97Y,11.3082
E98A,5.3218
E98C,10.0553
E98D,-1.3749
E98E,0.0
E98F,4.2535
E98G,9.3773
E98H,3.6806
E98I,4.4305
E98K,8.9086
E98L,1.7634
E98M,7.672
E98N,6.2652
E98P,21.0713
E98Q,5.6724
E98R,8.006
E98S,5.6358
E98T,6.2803
E98V,1.8112
E98W,0.0129
E98Y,3.3636
R99A,3.8735
R99C,7.5386
R99D,9.529
R99E,6.1626
R99F,2.613
R99G,7.1384
R99H,3.7424
R99I,14.0504
R99K,1.6141
R99L,4.6248
R99M,5.2797
R99N,8.283
R99P,24.7336
R99Q,6.3201
R99R,0.0
R99S,3.5195
R99T,9.6286
R99V,13.0491
R99W,3.1305
R99Y,1.069
V100A,10.4948
V100C,10.2713
V100D,9.2762
V100E,6.4692
V100F,5.5144
V100G,15.8414
V100H,7.07
V100I,0.3201
V100K,5.7219
V100L,8.861
V100M,6.3282
V100N,8.4356
V100P,21.1455
V100Q,5.287
V100R,5.8676
V100S,9.2354
V100T,1.1984
V100V,0.0
V100W,8.4503
V100Y,4.8934
D101A,-7.5249
D101C,-5.0074
D101D,0.0
D101E,-2.3161
D101F,-6.1086
D101G,4.0403
D101H,-0.3447
D101I,-11.6894
D101K,-3.8209
D101L,-6.9981
D101M,-7.0016
D101N,-0.4895
D101P,8.3693
D101Q,-2.4041
D101R,-3.4737
D101S,-1.4539
D101T,-4.1103
D101V,-12.927
D101W,-6.0355
D101Y,-6.0449
V102A,10.2499
V102C,11.1252
V102D,10.8073
V102E,7.6182
V102F,11.8995
V102G,14.3057
V102H,9.3229
V102I,2.5614
V102K,4.9186
V102L,4.5291
V102M,10.0177
V102N,7.4501
V102P,21.8169
V102Q,7.2362
V102R,4.3075
V102S,8.1511
V102T,2.7823
V102V,0.0
V102W,12.0047
V102Y,11.0248
L103A,6.3093
L103C,5.6422
L103D,15.4456
L103E,11.5946
L103F,4.9947
L103G,11.1203
L103H,7.5575
L103I,-2.2452
L103K,7.7763
L103L,0.0
L103M,4.9283
L103N,10.5095
L103P,21.5006
L103Q,9.5704
L103R,5.1267
L103S,10.906
L103T,8.4549
L103V,-2.7959
L103W,5.5683
L103Y,6.6223
R104A,10.1251
R104C,8.5073
R104D,10.7749
R104E,5.7402
R104F,15.5029
R104G,13.4044
R104H,10.6473
R104I,2.9059
R104K,0.7363
R104L,8.1065
R104M,9.2722
R104N,5.4326
R104P,22.2792
R104Q,6.1814
R104R,0.0
R104S,7.018
R104T,-3.4276
R104V,1.4794
R104W,16.2762
R104Y,14.2364
A105A,0.0
A105C,2.0248
A105D,8.9781
A105E,11.303
A105F,4.3434
A105G,6.8268
A105H,4.8815
A105I,9.467
A105K,12.0812
A105L,6.704
A105M,7.9408
A105N,4.357
A105P,18.7229
A105Q,10.8197
A105R,11.157
A105S,4.2481
A105T,12.778
A105V,5.5067
A105W,7.6278
A105Y,5.0508
L106A,9.365
L106C,13.7107
L106D,12.0914
L106E,8.8744
L106F,9.7041
L106G,16.0665
L106H,9.0424
L106I,5.204
L106K,-0.0017
L106L,0.0
L106M,8.3873
L106N,4.5077
L106P,23.9988
L106Q,7.1277
L106R,2.3163
L106S,10.7097
L106T,8.0544
L106V,7.583
L106W,12.6086
L106Y,10.0317
P107A,3.5756
P107C,13.3399
P107D,6.9789
P107E,4.8627
P107F,11.4647
P107G,5.9998
P107H,9.8048
P107I,11.2052
P107K,5.0212
P107L,6.8317
P107M,10.6143
P107N,8.5204
P107P,0.0
P107Q,5.9595
P107R,7.0095
P107S,5.7043
P107T,7.5959
P107V,9.8617
P107W,14.1186
P107Y,12.1763
T108A,18.8218
T108C,21.9207
T108D,21.3288
T108E,18.975
T108F,26.9731
T108G,24.1791
T108H,21.9342
T108I,23.8851
T108K,18.5532
T108L,27.315
T108M,23.0147
T108N,14.2741
T108P,32.9364
T108Q,19.3501
T108R,19.7925
T108S,6.6339
T108T,0.0
T108V,17.653
T108W,30.0955
T108Y,25.9146
G109A,14.5491
G109C,20.4665
G109D,12.6152
G109E,13.7741
G109F,20.9496
G109G,0.0
G109H,16.3136
G109I,23.5977
G109K,12.7592
G109L,17.8308
G109M,20.4275
G109N,12.1603
G109P,20.8592
G109Q,14.134
G109R,14.4892
G109S,12.4392
G109T,17.2317
G109V,22.5047
G109W,23.2606
G109Y,20.4557
K110A,10.2242
K110C,15.9451
K110D,14.0516
K110E,9.6598
K110F,15.4241
K110G,16.3737
K110H,11.3284
K110I,18.2124
K110K,0.0
K110L,6.8446
K110M,13.8867
K110N,11.2909
K110P,30.498
K110Q,7.0755
K110R,2.0726
K110S,12.8745
K110T,15.3875
K110V,18.1423
K110W,18.6795
K110Y,14.302
S111A,4.2893
S111C,9.5854
S111D,7.1324
S111E,3.3445
S111F,10.3834
S111G,7.2931
S111H,8.8827
S111I,10.2582
S111K,4.0073
S111L,10.804
S111M,9.448
S111N,8.9652
S111P,15.8693
S111Q,5.1459
S111R,4.6966
S111S,0.0
S111T,2.6003
S111V,8.2682
S111W,10.3855
S111Y,9.8634
Y112A,-2.1335
Y112C,1.2542
Y112D,7.782
Y112E,8.6915
Y112F,1.0353
Y112G,11.4581
Y112H,1.835
Y112I,1.8646
Y112K,1.8829
Y112L,10.6839
Y112M,7.4417
Y112N,8.1263
Y112P,17.1041
Y112Q,6.5775
Y112R,3.9623
Y112S,4.8913
Y112T,3.5034
Y112V,-4.0921
Y112W,4.1069
Y112Y,0.0
N113A,-1.5227
N113C,3.7155
N113D,0.1254
N113E,-3.3474
N113F,4.5736
N113G,4.9041
N113H,1.201
N113I,1.0629
N113K,-1.0334
N113L,3.412
N113M,5.5221
N113N,0.0
N113P,2.9266
N113Q,-0.8668
N113R,-1.0991
N113S,-0.365
N113T,-1.7904
N113V,-1.8566
N113W,5.7328
N113Y,3.7413
L114A,1.3725
L114C,2.0208
L114D,10.1729
L114E,9.2482
L114F,10.4705
L114G,11.268
L114H,9.3508
L114I,-0.112
L114K,3.0028
L114L,0.0
L114M,3.0015
L114N,8.2554
L114P,18.3384
L114Q,4.9557
L114R,2.4914
L114S,8.5077
L114T,7.4192
L114V,-5.0064
L114W,10.5782
L114Y,10.2145
S115A,0.5961
S115C,4.8581
S115D,-0.9228
S115E,-2.7529
S115F,1.6211
S115G,2.7191
S115H,-0.9364
S115I,2.4348
S115K,-1.5012
S115L,1.7469
S115M,3.0987
S115N,-1.1144
S115P,-4.0438
S115Q,-1.0479
S115R,-2.0566
S115S,0.0
S115T,0.831
S115V,1.0171
S115W,1.5827
S115Y,0.3996
I116A,16.0421
I116C,11.8422
I116D,13.9009
I116E,7.8215
I116F,13.5777
I116G,18.2704
I116H,12.7694
I116I,0.0
I116K,8.6496
I116L,7.6306
I116M,10.1192
I116N,12.2846
I116P,29.2198
I116Q,10.1104
I116R,8.3325
I116S,14.3037
I116T,8.2785
I116V,1.6979
I116W,14.2905
I116Y,13.2565
L117A,5.3742
L117C,6.6485
L117D,10.3755
L117E,10.8908
L117F,4.411
L117G,6.629
L117H,8.0191
L117I,-3.8093
L117K,13.016
L117L,0.0
L117M,5.8426
L117N,8.4545
L117P,17.7463
L117Q,6.6947
L117R,12.0336
L117S,8.6805
L117T,4.1283
L117V,-2.8013
L117W,14.1285
L117Y,7.459
G118A,-2.3897
G118C,5.7596
G118D,2.1558
G118E,0.375
G118F,10.4769
G118G,0.0
G118H,8.5984
G118I,11.4698
G118K,4.2876
G118L,7.3573
G118M,6.364
G118N,3.4891
G118P,15.1453
G118Q,2.01
G118R,2.8739
G118S,-4.5248
G118T,3.4837
G118V,9.1308
G118W,10.6337
G118Y,9.2668
V119A,4.9085
V119C,7.969
V119D,14.6657
V119E,7.9494
V119F,15.9243
V119G,9.629
V119H,14.7645
V119I,5.4076
V119K,9.302
V119L,9.8724
V119M,7.4912
V119N,12.1572
V119P,22.2973
V119Q,7.2313
V119R,7.077
V119S,5.5835
V119T,9.5169
V119V,0.0
V119W,18.6169
V119Y,17.0426
F120A,8.8692
F120C,10.4441
F120D,15.5016
F120E,15.5475
F120F,0.0
F120G,16.7239
F120H,8.7717
F120I,7.7512
F120K,14.2161
F120L,10.7533
F120M,10.95
F120N,11.282
F120P,26.6301
F120Q,13.9489
F120R,12.2475
F120S,9.8664
F120T,4.1775
F120V,4.9133
F120W,3.974
F120Y,0.948
Q121A,1.5905
Q121C,8.4376
Q121D,6.7874
Q121E,3.0191
Q121F,5.1099
Q121G,5.0287
Q121H,3.371
Q121I,4.6866
Q121K,-1.2416
Q121L,3.4803
Q121M,4.4005
Q121N,5.6597
Q121P,17.6264
Q121Q,0.0
Q121R,-0.8309
Q121S,2.0026
Q121T,2.6873
Q121V,5.662
Q121W,6.6779
Q121Y,4.1455
L122A,16.9166
L122C,14.3392
L122D,24.2445
L122E,19.1479
L122F,9.7212
L122G,17.8749
L122H,19.081
L122I,4.9876
L122K,17.8478
L122L,0.0
L122M,10.3152
L122N,19.6362
L122P,25.6354
L122Q,14.3079
L122R,18.2438
L122S,16.5449
L122T,10.8509
L122V,8.7718
L122W,20.5465
L122Y,14.3065
T123A,3.6213
T123C,7.4408
T123D,1.3368
T123E,-0.6682
T123F,5.6469
T123G,9.0394
T123H,3.0573
T123I,2.7476
T123K,-1.6169
T123L,4.1507
T123M,6.9249
T123N,1.6405
T123P,18.8281
T123Q,1.5127
T123R,0.2708
T123S,1.7665
T123T,0.0
T123V,-0.0811
T123W,7.8357
T123Y,4.9327
E124A,1.7522
E124C,10.1403
E124D,-2.5531
E124E,0.0
E124F,8.7946
E124G,1.9039
E124H,4.1812
E124I,12.5018
E124K,1.1922
E124L,7.9197
E124M,9.9002
E124N,-3.0371
E124P,17.1598
E124Q,1.9999
E124R,4.6249
E124S,1.2613
E124T,6.6093
E124V,10.9017
E124W,12.5189
E124Y,8.154
G125A,14.78
G125C,20.7185
G125D,13.2794
G125E,14.4715
G125F,18.4997
G125G,0.0
G125H,15.6847
G125I,25.4825
G125K,12.6922
G125L,18.1165
G125M,18.1246
G125N,11.8779
G125P,22.2136
G125Q,14.86
G125R,13.5829
G125S,12.4045
G125T,17.5392
G125V,24.6146
G125W,21.4899
G125Y,17.7574
K126A,10.1774
K126C,14.3776
K126D,15.2677
K126E,8.2335
K126F,8.8428
K126G,16.9761
K126H,10.3953
K126I,14.4293
K126K,0.0
K126L,3.7005
K126M,8.9911
K126N,13.0021
K126P,29.4408
K126Q,6.3845
K126R,4.0127
K126S,11.5008
K126T,11.6093
K126V,11.0468
K126W,14.5547
K126Y,8.8187
I127A,9.5799
I127C,6.4876
I127D,18.7532
I127E,13.7001
I127F,9.1663
I127G,15.8403
I127H,22.2736
I127I,0.0
I127K,19.8302
I127L,6.8564
I127M,8.4706
I127N,16.659
I127P,26.73
I127Q,13.5705
I127R,18.8731
I127S,15.9238
I127T,12.6709
I127V,2.779
I127W,18.8204
I127Y,17.6406
T128A,9.3788
T128C,13.6517
T128D,16.4447
T128E,12.8342
T128F,20.3608
T128G,15.354
T128H,12.9651
T128I,11.1231
T128K,9.9318
T128L,18.5635
T128M,15.9806
T128N,13.9424
T128P,28.1201
T128Q,12.5018
T128R,8.986
T128S,4.948
T128T,0.0
T128V,8.0682
T128W,19.3054
T128Y,18.8163
G129A,-0.5931
G129C,2.7095
G129D,3.5743
G129E,4.7151
G129F,-0.2391
G129G,0.0
G129H,3.0422
G129I,11.3847
G129K,5.6422
G129L,3.6262
G129M,2.8649
G129N,2.0535
G129P,20.675
G129Q,4.3435
G129R,3.7308
G129S,2.8442
G129T,6.7937
G129V,6.5435
G129W,3.977
G129Y,-0.3669
W130A,2.2164
W130C,3.9909
W130D,4.5208
W130E,3.9321
W130F,0.0169
W130G,10.4947
W130H,0.318
W130I,7.994
W130K,0.8447
W130L,1.5926
W130M,4.2678
W130N,3.563
W130P,19.5935
W130Q,2.0619
W130R,1.76
W130S,3.0361
W130T,9.3766
W130V,5.2338
W130W,0.0
W130Y,-1.3371
R131A,1.7201
R131C,6.561
R131D,6.8436
R131E,5.2602
R131F,4.1302
R131G,7.4324
R131H,6.0746
R131I,1.3544
R131K,0.9279
R131L,5.0936
R131M,3.7568
R131N,4.6424
R131P,15.9248
R131Q,2.9081
R131R,0.0
R131S,4.6078
R131T,4.3378
R131V,1.6453
R131W,6.739
R131Y,6.4845
D132A,4.0945
D132C,8.074
D132D,0.0
D132E,2.4734
D132F,4.0182
D132G,6.8131
D132H,6.5487
D132I,6.3918
D132K,6.5686
D132L,3.7801
D132M,7.0351
D132N,1.1749
D132P,15.6643
D132Q,4.3553
D132R,5.6552
D132S,4.4493
D132T,5.0243
D132V,5.806
D132W,5.7501
D132Y,5.7634
Y133A,14.3961
Y133C,16.381
Y133D,19.623
Y133E,24.5976
Y133F,0.9414
Y133G,23.1872
Y133H,9.8565
Y133I,23.5787
Y133K,24.3726
Y133L,21.0672
Y133M,17.2038
Y133N,17.8686
Y133P,36.7739
Y133Q,22.8065
Y133R,24.2521
Y133S,14.1769
Y133T,16.2761
Y133V,18.4765
Y133W,7.4948
Y133Y,0.0
F134A,10.764
F134C,10.8648
F134D,16.0895
F134E,13.7399
F134F,0.0
F134G,12.4213
F134H,3.4344
F134I,21.179
F134K,11.0594
F134L,7.7222
F134M,10.7008
F134N,10.2666
F134P,24.6572
F134Q,11.791
F134R,10.669
F134S,9.727
F134T,14.7565
F134V,20.9439
F134W,5.1568
F134Y,1.8124
D135A,9.4893
D135C,6.2613
D135D,0.0
D135E,-0.185
D135F,14.1085
D135G,15.4617
D135H,10.4942
D135I,19.5151
D135K,17.8635
D135L,19.7486
D135M,16.2904
D135N,3.8402
D135P,9.6327
D135Q,8.9332
D135R,17.9461
D135S,9.4797
D135T,12.4618
D135V,16.0048
D135W,17.3805
D135Y,11.8695
L136A,7.4371
L136C,10.1285
L136D,10.692
L136E,4.5666
L136F,12.3146
L136G,11.5783
L136H,11.5549
L136I,2.5191
L136K,9.2176
L136L,0.0
L136M,4.705
L136N,11.7005
L136P,19.2668
L136Q,5.3972
L136R,5.6839
L136S,7.086
L136T,8.9035
L136V,6.5739
L136W,12.1224
L136Y,11.773
R137A,0.1772
R137C,8.5331
R137D,0.9639
R137E,-1.1703
R137F,5.8254
R137G,3.807
R137H,3.9739
R137I,5.7386
R137K,1.0532
R137L,2.7601
R137M,6.8759
R137N,5.5795
R137P,12.2173
R137Q,-0.1092
R137R,0.0
R137S,2.3432
R137T,2.9288
R137V,3.7809
R137W,4.3507
R137Y,5.0916
E138A,-0.9277
E138C,6.0214
E138D,0.0387
E138E,0.0
E138F,7.8663
E138G,1.5551
E138H,5.8041
E138I,1.4104
E138K,0.0317
E138L,0.4085
E138M,3.6745
E138N,1.7898
E138P,1.2055
E138Q,0.1454
E138R,-1.8154
E138S,-1.6488
E138T,-1.1434
E138V,1.4702
E138W,8.9956
E138Y,7.4181
F139A,2.1618
F139C,3.5584
F139D,20.5165
F139E,13.2128
F139F,0.0
F139G,9.8069
F139H,11.5014
F139I,4.5728
F139K,12.9133
F139L,-2.4817
F139M,4.4781
F139N,16.9485
F139P,14.3275
F139Q,10.7299
F139R,12.1565
F139S,12.6352
F139T,6.7346
F139V,1.367
F139W,4.9471
F139Y,2.6828
E140A,9.2884
E140C,17.5626
E140D,13.7297
E140E,0.0
E140F,25.6373
E140G,14.0672
E140H,20.9309
E140I,20.4055
E140K,21.3242
E140L,25.2027
E140M,14.5994
E140N,19.1196
E140P,28.2453
E140Q,9.7619
E140R,18.8201
E140S,9.5569
E140T,16.3846
E140V,20.7626
E140W,24.7151
E140Y,24.3036
E141A,4.3441
E141C,14.6732
E141D,0.8138
E141E,0.0
E141F,13.1691
E141G,10.596
E141H,10.1565
E141I,10.1668
E141K,7.0509
E141L,7.0838
E141M,10.5614
E141N,7.4108
E141P,22.6128
E141Q,6.0177
E141R,5.5537
E141S,7.819
E141T,8.1576
E141V,9.2634
E141W,13.6281
E141Y,12.7217
A142A,0.0
A142C,10.4475
A142D,10.2827
A142E,4.8272
A142F,12.6267
A142G,8.795
A142H,7.5091
A142I,11.9065
A142K,3.1605
A142L,8.7822
A142M,8.8738
A142N,9.6103
A142P,20.8686
A142Q,3.4066
A142R,2.8333
A142S,5.0575
A142T,7.0199
A142V,10.3846
A142W,12.7867
A142Y,11.8406
V143A,19.771
V143C,12.2944
V143D,30.8224
V143E,27.6666
V143F,26.2567
V143G,27.9768
V143H,30.8753
V143I,0.7065
V143K,26.1798
V143L,13.9906
V143M,12.0539
V143N,25.5048
V143P,39.1741
V143Q,22.0278
V143R,24.3961
V143S,22.9694
V143T,10.6917
V143V,0.0
V143W,30.2684
V143Y,30.1936
D144A,4.413
D144C,9.5801
D144D,0.0
D144E,1.8829
D144F,9.3637
D144G,3.0913
D144H,5.9715
D144I,12.2263
D144K,5.8279
D144L,7.3053
D144M,10.0235
D144N,3.3741
D144P,14.1216
D144Q,4.288
D144R,6.7106
D144S,3.5044
D144T,8.5772
D144V,11.0039
D144W,12.57
D144Y,9.6652
L145A,7.6804
L145C,7.2208
L145D,13.8492
L145E,9.3528
L145F,-1.91
L145G,18.379
L145H,2.4273
L145I,2.8339
L145K,9.4445
L145L,0.0
L145M,5.6284
L145N,9.6941
L145P,17.6649
L145Q,7.7305
L145R,6.9816
L145S,9.4426
L145T,5.1719
L145V,-0.0796
L145W,0.1866
L145Y,-3.3675
P146A,4.3771
P146C,9.0571
P146D,-0.5043
P146E,1.3335
P146F,8.2778
P146G,6.4341
P146H,6.0218
P146I,7.2073
P146K,4.2944
P146L,6.4048
P146M,9.6441
P146N,2.4376
P146P,0.0
P146Q,5.142
P146R,4.2312
P146S,6.1792
P146T,5.9276
P146V,4.907
P146W,10.035
P146Y,7.6294
L147A,9.5706
L147C,12.5476
L147D,18.9903
L147E,17.7002
L147F,6.1329
L147G,12.5199
L147H,16.3468
L147I,8.3401
L147K,16.151
L147L,0.0
L147M,6.0516
L147N,15.9411
L147P,15.0057
L147Q,13.777
L147R,11.4773
L147S,11.271
L147T,11.1791
L147V,8.5187
L147W,7.5436
L147Y,11.0677
R148A,5.8758
R148C,9.1509
R148D,-0.0035
R148E,3.2309
R148F,4.3119
R148G,5.5593
R148H,4.2118
R148I,7.2564
R148K,3.4607
R148L,2.3622
R148M,5.0612
R148N,3.2074
R148P,12.6841
R148Q,4.6008
R148R,0.0
R148S,4.7528
R148T,0.639
R148V,5.717
R148W,6.5098
R148Y,4.2729
G149A,6.338
G149C,11.5199
G149D,5.8494
G149E,5.703
G149F,9.5129
G149G,0.0
G149H,8.4264
G149I,9.8925
G149K,6.8226
G149L,7.1956
G149M,11.3092
G149N,6.7354
G149P,12.3205
G149Q,7.5705
G149R,6.1873
G149S,6.5597
G149T,8.2513
G149V,9.2771
G149W,12.4488
G149Y,9.9037
K150A,0.6901
K150C,5.019
K150D,0.4817
K150E,-0.2182
K150F,5.0232
K150G,1.8828
K150H,4.2528
K150I,0.3463
K150K,0.0
K150L,-0.6165
K150M,-0.8302
K150N,0.8456
K150P,2.1393
K150Q,0.393
K150R,0.2538
K150S,0.3789
K150T,-0.3481
K150V,-0.2674
K150W,7.0153
K150Y,5.0134
I151A,19.8116
I151C,18.9707
I151D,27.2667
I151E,21.9144
I151F,22.4015
I151G,25.7322
I151H,25.7066
I151I,0.0
I151K,20.9461
I151L,10.7477
I151M,14.0607
I151N,21.2684
I151P,23.7904
I151Q,17.1372
I151R,22.2039
I151S,20.4169
I151T,14.0951
I151V,6.1983
I151W,27.3146
I151Y,25.3797
E152A,2.2702
E152C,8.3904
E152D,2.1675
E152E,0.0
E152F,5.056
E152G,3.5103
E152H,3.9076
E152I,4.5484
E152K,1.1845
E152L,3.0426
E152M,5.89
E152N,2.6971
E152P,6.1923
E152Q,1.8046
E152R,2.3145
E152S,1.242
E152T,1.0162
E152V,2.9663
E152W,7.8985
E152Y,5.4649
Q153A,1.2507
Q153C,5.0148
Q153D,3.9722
Q153E,-1.6154
Q153F,6.8602
Q153G,7.7599
Q153H,4.2773
Q153I,-2.0579
Q153K,-4.1888
Q153L,-0.6697
Q153M,3.3284
Q153N,2.8715
Q153P,2.3625
Q153Q,0.0
Q153R,-3.5643
Q153S,2.3373
Q153T,-3.6575
Q153V,-3.3319
Q153W,6.836
Q153Y,6.315
P154A,15.944
P154C,19.8654
P154D,15.5021
P154E,16.2589
P154F,19.9697
P154G,16.8308
P154H,16.6652
P154I,20.4749
P154K,15.8143
P154L,18.2537
P154M,19.6018
P154N,17.5655
P154P,0.0
P154Q,15.6653
P154R,15.7258
P154S,15.0662
P154T,17.0463
P154V,17.9627
P154W,20.8436
P154Y,20.3277
R155A,0.2338
R155C,7.9249
R155D,2.4433
R155E,1.1353
R155F,4.3151
R155G,5.8762
R155H,4.3081
R155I,0.355
R155K,0.3099
R155L,0.8005
R155M,3.2172
R155N,4.9863
R155P,-1.2019
R155Q,1.8768
R155R,0.0
R155S,2.6186
R155T,2.8166
R155V,-0.1857
R155W,4.9395
R155Y,4.4827
W156A,11.6044
W156C,14.6829
W156D,6.3602
W156E,9.241
W156F,7.3441
W156G,10.4598
W156H,8.3291
W156I,12.9135
W156K,16.699
W156L,13.6421
W156M,14.1525
W156N,11.2057
W156P,21.2854
W156Q,12.3125
W156R,13.8635
W156S,8.8134
W156T,7.2898
W156V,12.4139
W156W,0.0
W156Y,5.2052
A157A,0.0
A157C,5.2076
A157D,4.0563
A157E,2.4239
A157F,8.1204
A157G,7.0229
A157H,5.3933
A157I,5.2889
A157K,-0.7816
A157L,4.8587
A157M,4.0794
A157N,3.0611
A157P,20.3448
A157Q,-0.2239
A157R,-1.1608
A157S,3.6126
A157T,2.7087
A157V,3.1766
A157W,7.9423
A157Y,7.4214
S158A,10.0298
S158C,11.9915
S158D,12.6561
S158E,16.7367
S158F,16.6824
S158G,13.8026
S158H,13.8721
S158I,19.1104
S158K,16.0533
S158L,12.094
S158M,13.0803
S158N,11.561
S158P,5.872
S158Q,14.623
S158R,13.0535
S158S,0.0
S158T,9.8954
S158V,16.1999
S158W,19.745
S158Y,17.791
K159A,0.3293
K159C,8.717
K159D,-0.7025
K159E,1.3579
K159F,8.2945
K159G,0.9201
K159H,3.7506
K159I,5.8244
K159K,0.0
K159L,4.0824
K159M,7.6499
K159N,0.1244
K159P,3.9524
K159Q,0.7027
K159R,1.0375
K159S,-1.0152
K159T,-1.3512
K159V,3.8954
K159W,9.0518
K159Y,8.1751
D160A,4.8948
D160C,7.3336
D160D,0.0
D160E,3.5681
D160F,6.8885
D160G,10.9824
D160H,4.7436
D160I,0.3825
D160K,3.8997
D160L,4.3937
D160M,9.0024
D160N,-2.1236
D160P,17.2469
D160Q,4.4304
D160R,3.5125
D160S,3.9617
D160T,3.0605
D160V,1.0126
D160W,9.6204
D160Y,6.6354
S161A,-2.9148
S161C,9.6964
S161D,0.8992
S161E,-0.1407
S161F,5.8307
S161G,2.7004
S161H,4.7443
S161I,3.804
S161K,-0.3957
S161L,2.9739
S161M,6.6009
S161N,3.1353
S161P,-5.8154
S161Q,1.9428
S161R,1.9508
S161S,0.0
S161T,1.7166
S161V,1.7558
S161W,6.6614
S161Y,6.2999
A162A,0.0
A162C,12.1129
A162D,4.9018
A162E,3.8502
A162F,9.9773
A162G,4.4664
A162H,8.4095
A162I,10.428
A162K,1.6265
A162L,4.9153
A162M,7.7253
A162N,3.5745
A162P,10.7795
A162Q,3.4628
A162R,3.2478
A162S,2.1795
A162T,5.3715
A162V,8.6701
A162W,11.4495
A162Y,10.1688
A163A,0.0
A163C,6.9078
A163D,9.0921
A163E,10.2567
A163F,10.7212
A163G,10.1831
A163H,11.2
A163I,17.7738
A163K,11.0502
A163L,8.4559
A163M,8.7948
A163N,7.3603
A163P,23.57
A163Q,9.2742
A163R,8.6583
A163S,4.186
A163T,8.7553
A163V,15.4607
A163W,11.0476
A163Y,9.3193
G164A,-0.0182
G164C,6.5956
G164D,5.3676
G164E,3.6603
G164F,6.3643
G164G,0.0
G164H,0.3529
G164I,5.2325
G164K,0.2805
G164L,4.5123
G164M,5.8006
G164N,2.5739
G164P,8.2161
G164Q,1.3318
G164R,0.1903
G164S,-2.0013
G164T,1.1281
G164V,4.4695
G164W,5.495
G164Y,6.1224
A165A,0.0
A165C,6.9925
A165D,3.4335
A165E,-0.9249
A165F,8.0588
A165G,6.273
A165H,4.3208
A165I,4.852
A165K,-1.7126
A165L,2.4573
A165M,4.8194
A165N,0.0868
A165P,21.6133
A165Q,-0.4712
A165R,0.7906
A165S,-0.2603
A165T,-0.3
A165V,3.6991
A165W,11.115
A165Y,7.853
A166A,0.0
A166C,13.2663
A166D,14.3134
A166E,13.6804
A166F,16.4673
A166G,11.1009
A166H,17.0805
A166I,23.3915
A166K,20.8926
A166L,24.2949
A166M,18.6899
A166N,18.1786
A166P,-0.714
A166Q,17.2033
A166R,21.4519
A166S,7.6737
A166T,15.7976
A166V,15.8398
A166W,15.7496
A166Y,15.5792
S167A,0.9903
S167C,3.8717
S167D,2.1167
S167E,0.7818
S167F,2.8597
S167G,2.3324
S167H,2.5771
S167I,-1.3199
S167K,1.4588
S167L,3.1726
S167M,2.3657
S167N,-0.1137
S167P,15.8087
S167Q,-2.1066
S167R,0.5269
S167S,0.0
S167T,-3.6668
S167V,-0.7968
S167W,5.5314
S167Y,3.571
T168A,12.7403
T168C,16.659
T168D,16.46
T168E,13.6528
T168F,17.4483
T168G,12.6495
T168H,15.7198
T168I,18.8233
T168K,10.0814
T168L,12.8548
T168M,17.4584
T168N,14.0126
T168P,28.7246
T168Q,12.7735
T168R,10.7454
T168S,2.926
T168T,0.0
T168V,17.149
T168W,20.2226
T168Y,17.3618
P169A,1.246
P169C,11.4339
P169D,1.0196
P169E,-0.2239
P169F,6.4334
P169G,4.5085
P169H,4.9144
P169I,6.462
P169K,1.488
P169L,5.0854
P169M,8.4278
P169N,2.6003
P169P,0.0
P169Q,2.3188
P169R,2.6895
P169S,3.007
P169T,3.4866
P169V,5.0729
P169W,6.7802
P169Y,5.5643
D170A,0.9128
D170C,10.0024
D170D,0.0
D170E,-0.2397
D170F,7.5491
D170G,4.8853
D170H,5.4355
D170I,10.4519
D170K,4.3905
D170L,7.4752
D170M,6.2455
D170N,2.0131
D170P,6.8126
D170Q,1.9108
D170R,5.9463
D170S,1.4718
D170T,6.645
D170V,9.9042
D170W,8.9563
D170Y,6.7284
E171A,13.9048
E171C,15.8484
E171D,17.2509
E171E,0.0
E171F,31.3972
E171G,17.4493
E171H,24.2086
E171I,21.8213
E171K,18.47
E171L,19.7878
E171M,11.4698
E171N,18.0549
E171P,27.4486
E171Q,4.141
E171R,18.3748
E171S,16.6925
E171T,16.621
E171V,20.6473
E171W,28.3753
E171Y,30.191
K172A,0.6464
K172C,9.9432
K172D,6.761
K172E,1.7071
K172F,9.4225
K172G,7.1065
K172H,7.1566
K172I,6.8275
K172K,0.0
K172L,5.6569
K172M,6.4625
K172N,6.0507
K172P,24.5385
K172Q,0.9592
K172R,0.6471
K172S,4.5084
K172T,4.0979
K172V,5.1138
K172W,10.6533
K172Y,8.7387
I173A,6.4128
I173C,11.6995
I173D,11.086
I173E,7.5698
I173F,8.2592
I173G,13.8942
I173H,8.5007
I173I,0.0
I173K,0.3926
I173L,2.16
I173M,8.1629
I173N,8.5969
I173P,23.5573
I173Q,6.2188
I173R,1.3229
I173S,9.1899
I173T,4.8661
I173V,2.5803
I173W,12.5862
I173Y,8.7176
V174A,5.5863
V174C,8.1226
V174D,18.4346
V174E,15.6577
V174F,13.2284
V174G,16.698
V174H,16.7913
V174I,7.7077
V174K,17.5143
V174L,8.4282
V174M,9.1318
V174N,15.0461
V174P,29.2631
V174Q,13.4574
V174R,14.8847
V174S,12.0169
V174T,6.8517
V174V,0.0
V174W,15.0233
V174Y,14.557
L175A,4.9898
L175C,5.7781
L175D,7.3689
L175E,2.7523
L175F,8.7352
L175G,9.1191
L175H,7.6496
L175I,5.2259
L175K,3.8697
L175L,0.0
L175M,1.785
L175N,4.96
L175P,21.78
L175Q,3.182
L175R,2.5848
L175S,6.5932
L175T,3.7011
L175V,2.6974
L175W,11.0789
L175Y,8.8982
E176A,2.7631
E176C,11.2567
E176D,0.6661
E176E,0.0
E176F,12.0001
E176G,2.9436
E176H,7.4553
E176I,9.7852
E176K,1.5342
E176L,7.7955
E176M,8.8341
E176N,3.3144
E176P,17.9419
E176Q,2.4425
E176R,3.9005
E176S,2.7976
E176T,4.786
E176V,9.6359
E176W,13.0341
E176Y,10.5906
F177A,4.9864
F177C,6.433
F177D,15.0422
F177E,11.2395
F177F,0.0
F177G,8.6697
F177H,7.8875
F177I,1.2148
F177K,7.5533
F177L,2.0182
F177M,4.1288
F177N,9.3516
F177P,21.0205
F177Q,8.614
F177R,7.3016
F177S,9.0375
F177T,5.5732
F177V,1.3783
F177W,3.873
F177Y,2.6224
M178A,1.6606
M178C,0.7107
M178D,4.5671
M178E,-0.2633
M178F,0.4781
M178G,8.2932
M178H,2.1459
M178I,-0.2954
M178K,9.01
M178L,-5.3922
M178M,0.0
M178N,3.925
M178P,19.7608
M178Q,0.6521
M178R,7.4439
M178S,5.0756
M178T,6.012
M178V,2.4327
M178W,3.8451
M178Y,0.939
D179A,0.4094
D179C,9.2299
D179D,0.0
D179E,-0.6825
D179F,8.9943
D179G,3.4523
D179H,4.1196
D179I,7.3814
D179K,-1.6648
D179L,6.2604
D179M,7.6388
D179N,0.6369
D179P,14.7514
D179Q,1.3482
D179R,0.6902
D179S,2.3116
D179T,3.2882
D179V,6.4113
D179W,11.5286
D179Y,7.5452
A180A,0.0
A180C,8.8331
A180D,4.6858
A180E,4.584
A180F,14.0814
A180G,8.9812
A180H,11.0778
A180I,11.3398
A180K,6.632
A180L,5.8633
A180M,6.6488
A180N,7.5087
A180P,25.1038
A180Q,6.4278
A180R,7.9235
A180S,3.0049
A180T,8.4873
A180V,10.603
A180W,14.1949
A180Y,14.0003
L181A,11.4145
L181C,11.1713
L181D,18.5609
L181E,12.4939
L181F,8.6408
L181G,19.0001
L181H,13.3328
L181I,10.5251
L181K,7.0663
L181L,0.0
L181M,5.0274
L181N,17.476
L181P,30.9827
L181Q,9.1668
L181R,8.6094
L181S,14.7259
L181T,13.1101
L181V,11.0136
L181W,9.9147
L181Y,10.6191
T182A,9.4269
T182C,8.6159
T182D,14.5764
T182E,7.0937
T182F,18.7909
T182G,11.8965
T182H,16.7248
T182I,2.5662
T182K,4.6461
T182L,9.2841
T182M,7.9309
T182N,12.482
T182P,15.867
T182Q,7.7476
T182R,5.7765
T182S,8.6873
T182T,0.0
T182V,0.0702
T182W,20.5992
T182Y,18.5005
S183A,6.4344
S183C,10.978
S183D,6.1604
S183E,5.7506
S183F,11.4268
S183G,8.471
S183H,11.2806
S183I,13.2182
S183K,7.2118
S183L,6.3912
S183M,10.1183
S183N,8.7699
S183P,25.2759
S183Q,7.2464
S183R,8.9948
S183S,0.0
S183T,1.3241
S183V,12.8339
S183W,12.1541
S183Y,10.5779
N184A,12.9921
N184C,11.1151
N184D,6.7545
N184E,11.9191
N184F,19.6216
N184G,9.2864
N184H,13.3176
N184I,21.1887
N184K,11.1049
N184L,16.3275
N184M,13.7806
N184N,0.0
N184P,26.6621
N184Q,10.5392
N184R,9.2018
N184S,12.1774
N184T,18.1365
N184V,18.2436
N184W,17.3019
N184Y,17.8781
D185A,15.1091
D185C,14.5749
D185D,0.0
D185E,12.0434
D185F,20.7997
D185G,18.6098
D185H,13.6401
D185I,22.0849
D185K,15.7062
D185L,18.9172
D185M,20.6175
D185N,3.3434
D185P,32.7279
D185Q,14.4699
D185R,17.5431
D185S,10.8284
D185T,15.6958
D185V,20.8694
D185W,21.9312
D185Y,19.498
A186A,0.0
A186C,13.0317
A186D,11.6553
A186E,8.2883
A186F,8.1689
A186G,15.9768
A186H,7.3148
A186I,19.8114
A186K,12.3587
A186L,18.3835
A186M,14.3596
A186N,11.9091
A186P,-3.6705
A186Q,10.9097
A186R,12.5456
A186S,4.4775
A186T,12.2291
A186V,11.8975
A186W,4.9437
A186Y,5.4942
A187A,0.0
A187C,11.9117
A187D,2.3678
A187E,1.8371
A187F,11.4813
A187G,3.47
A187H,7.0354
A187I,10.2958
A187K,1.1806
A187L,7.7295
A187M,10.9814
A187N,4.2484
A187P,6.5604
A187Q,2.6242
A187R,3.65
A187S,1.8139
A187T,3.8709
A187V,6.9845
A187W,13.2273
A187Y,10.9272
K188A,3.7626
K188C,11.0088
K188D,6.5971
K188E,2.9638
K188F,5.5122
K188G,6.9905
K188H,5.5444
K188I,5.5579
K188K,0.0
K188L,2.1886
K188M,7.7866
K188N,6.6015
K188P,16.2933
K188Q,3.1477
K188R,2.4168
K188S,4.6519
K188T,3.5602
K188V,4.6649
K188W,10.0877
K188Y,4.8791
L189A,15.3857
L189C,14.9873
L189D,20.8065
L189E,15.8884
L189F,19.1627
L189G,21.9333
L189H,18.8942
L189I,7.5353
L189K,15.0659
L189L,0.0
L189M,9.037
L189N,15.5228
L189P,35.7416
L189Q,11.8018
L189R,12.7549
L189S,18.3931
L189T,16.4521
L189V,11.9568
L189W,14.0474
L189Y,20.0218
I190A,6.1414
I190C,10.293
I190D,14.1444
I190E,12.167
I190F,14.2778
I190G,10.7396
I190H,14.5273
I190I,0.0
I190K,6.622
I190L,7.2909
I190M,3.946
I190N,9.3934
I190P,24.2369
I190Q,10.0752
I190R,9.1425
I190S,6.0232
I190T,7.2976
I190V,2.7843
I190W,18.8172
I190Y,13.5651
E191A,1.7279
E191C,9.9997
E191D,1.9145
E191E,0.0
E191F,12.4827
E191G,2.2927
E191H,5.7231
E191I,9.8168
E191K,-0.6715
E191L,6.4598
E191M,9.3463
E191N,3.6583
E191P,11.5634
E191Q,0.7159
E191R,2.1569
E191S,0.995
E191T,1.1704
E191V,6.9809
E191W,13.9844
E191Y,11.2711
Y192A,9.5624
Y192C,14.9087
Y192D,16.368
Y192E,16.4743
Y192F,-0.2635
Y192G,12.4529
Y192H,7.888
Y192I,20.6906
Y192K,9.8198
Y192L,15.4156
Y192M,13.4375
Y192N,12.3348
Y192P,19.2436
Y192Q,14.2482
Y192R,11.7265
Y192S,11.1587
Y192T,16.8247
Y192V,17.9225
Y192W,7.0561
Y192Y,0.0
F193A,7.9152
F193C,7.3332
F193D,16.2515
F193E,20.597
F193F,0.0
F193G,14.9968
F193H,15.101
F193I,10.5717
F193K,23.268
F193L,4.2664
F193M,8.0927
F193N,14.9449
F193P,30.9042
F193Q,18.2041
F193R,22.1164
F193S,11.4801
F193T,11.0996
F193V,10.1072
F193W,10.5126
F193Y,8.5361
A194A,0.0
A194C,11.0956
A194D,4.5626
A194E,7.4547
A194F,12.9869
A194G,9.0428
A194H,8.3539
A194I,22.1719
A194K,6.6199
A194L,11.4468
A194M,11.2655
A194N,2.3732
A194P,25.3364
A194Q,8.3932
A194R,7.7151
A194S,4.2019
A194T,10.845
A194V,17.7476
A194W,14.0538
A194Y,11.1301
E195A,4.2603
E195C,15.0394
E195D,-0.3582
E195E,0.0
E195F,12.6228
E195G,8.23
E195H,9.4408
E195I,10.2545
E195K,5.1135
E195L,9.4845
E195M,11.4234
E195N,4.7332
E195P,5.7208
E195Q,4.9233
E195R,6.8062
E195S,5.8838
E195T,6.071
E195V,7.7795
E195W,12.8011
E195Y,11.5664
D196A,6.4509
D196C,11.8184
D196D,0.0
D196E,1.4486
D196F,9.4099
D196G,7.9569
D196H,5.6487
D196I,7.774
D196K,3.6107
D196L,8.5664
D196M,10.3221
D196N,2.7858
D196P,12.4648
D196Q,4.9599
D196R,5.0888
D196S,5.7237
D196T,5.5562
D196V,6.3229
D196W,11.1595
D196Y,8.7939
T197A,7.9217
T197C,-3.5768
T197D,12.7258
T197E,11.6057
T197F,14.5555
T197G,16.6894
T197H,14.7779
T197I,10.8512
T197K,16.6874
T197L,10.4598
T197M,10.2392
T197N,6.0521
T197P,21.6019
T197Q,10.0239
T197R,13.0612
T197S,5.2643
T197T,0.0
T197V,5.1785
T197W,16.5929
T197Y,14.1999
M198A,-1.8524
M198C,-3.7125
M198D,2.2939
M198E,-0.4268
M198F,-6.7617
M198G,1.2186
M198H,-4.6868
M198I,1.6716
M198K,3.637
M198L,-1.6827
M198M,0.0
M198N,-1.6216
M198P,12.8233
M198Q,-0.9215
M198R,-0.235
M198S,-2.0893
M198T,-1.5968
M198V,-0.8947
M198W,-9.51
M198Y,-7.4256
Y199A,10.1643
Y199C,11.9126
Y199D,15.8758
Y199E,14.219
Y199F,1.4147
Y199G,12.9997
Y199H,7.3267
Y199I,8.6705
Y199K,8.128
Y199L,2.9246
Y199M,7.5035
Y199N,13.3646
Y199P,28.818
Y199Q,10.9168
Y199R,7.2957
Y199S,11.7022
Y199T,14.7795
Y199V,8.4701
Y199W,1.9137
Y199Y,0.0
Q200A,8.7218
Q200C,9.3798
Q200D,13.3063
Q200E,5.1777
Q200F,21.2076
Q200G,15.3862
Q200H,17.273
Q200I,12.4302
Q200K,7.8624
Q200L,15.0779
Q200M,9.6846
Q200N,12.0236
Q200P,25.8158
Q200Q,0.0
Q200R,6.1028
Q200S,10.8441
Q200T,12.2897
Q200V,8.8239
Q200W,17.3851
Q200Y,19.6762
N201A,0.7464
N201C,2.3945
N201D,0.4917
N201E,2.1891
N201F,-3.1578
N201G,5.0219
N201H,0.0082
N201I,-6.5308
N201K,1.5651
N201L,-5.1179
N201M,-0.5653
N201N,0.0
N201P,1.6963
N201Q,0.811
N201R,-0.8902
N201S,0.984
N201T,-1.4367
N201V,-3.2879
N201W,-2.3335
N201Y,-1.6096
M202A,0.7981
M202C,3.9053
M202D,2.7093
M202E,1.4929
M202F,4.6454
M202G,6.2672
M202H,4.5177
M202I,1.5233
M202K,4.3916
M202L,-1.2306
M202M,0.0
M202N,1.7347
M202P,17.2913
M202Q,1.2793
M202R,2.7207
M202S,1.3036
M202T,0.3965
M202V,0.9224
M202W,5.2534
M202Y,4.5105
P203A,-0.0522
P203C,6.954
P203D,8.3187
P203E,10.5345
P203F,4.6506
P203G,2.4799
P203H,7.4519
P203I,17.4632
P203K,13.0772
P203L,17.1718
P203M,11.941
P203N,9.0968
P203P,0.0
P203Q,11.5339
P203R,12.6386
P203S,1.6719
P203T,10.535
P203V,14.5378
P203W,4.2686
P203Y,4.6397
L204A,11.7987
L204C,11.305
L204D,13.0907
L204E,8.9156
L204F,8.3845
L204G,16.469
L204H,9.2114
L204I,13.2319
L204K,9.0408
L204L,0.0
L204M,8.1294
L204N,10.3821
L204P,30.964
L204Q,7.9752
L204R,8.0501
L204S,10.78
L204T,7.1193
L204V,11.5401
L204W,13.1646
L204Y,9.7137
P205A,7.1402
P205C,18.1758
P205D,9.2042
P205E,8.2407
P205F,16.4156
P205G,10.7811
P205H,14.4134
P205I,17.1286
P205K,10.8266
P205L,13.2336
P205M,15.353
P205N,13.0624
P205P,0.0
P205Q,11.2776
P205R,11.1146
P205S,9.7239
P205T,12.8475
P205V,14.4129
P205W,17.5775
P205Y,16.4454
P206A,4.6198
P206C,14.0535
P206D,11.2513
P206E,9.6206
P206F,14.36
P206G,9.7207
P206H,14.5704
P206I,13.4027
P206K,14.8764
P206L,15.0638
P206M,12.8059
P206N,13.4932
P206P,0.0
P206Q,12.9922
P206R,12.2254
P206S,8.1667
P206T,10.9867
P206V,10.5533
P206W,13.2145
P206Y,14.6064
A207A,0.0
A207C,9.5878
A207D,10.121
A207E,8.9324
A207F,9.3257
A207G,13.0643
A207H,8.9484
A207I,20.5927
A207K,8.682
A207L,14.7037
A207M,11.4484
A207N,10.3588
A207P,16.9278
A207Q,7.885
A207R,8.1753
A207S,2.7394
A207T,10.8366
A207V,13.0369
A207W,10.1555
A207Y,8.8697
Y208A,5.4371
Y208C,8.1775
Y208D,3.1434
Y208E,0.8168
Y208F,0.7798
Y208G,10.6911
Y208H,3.0667
Y208I,0.2142
Y208K,7.0004
Y208L,2.017
Y208M,6.5309
Y208N,5.552
Y208P,16.1049
Y208Q,4.5874
Y208R,4.8571
Y208S,6.3266
Y208T,3.9191
Y208V,-0.1532
Y208W,2.9347
Y208Y,0.0
G209A,14.7403
G209C,19.0418
G209D,12.2583
G209E,13.8375
G209F,16.8683
G209G,0.0
G209H,14.7847
G209I,21.2108
G209K,13.4944
G209L,17.1064
G209M,18.1347
G209N,13.0798
G209P,20.2189
G209Q,14.822
G209R,13.2256
G209S,12.1074
G209T,14.0913
G209V,19.9296
G209W,17.3904
G209Y,15.8965
R210A,10.5751
R210C,13.6524
R210D,15.7189
R210E,11.9581
R210F,19.4546
R210G,18.4247
R210H,13.4179
R210I,4.8085
R210K,-1.0386
R210L,7.4025
R210M,13.7808
R210N,12.9645
R210P,23.207
R210Q,7.7251
R210R,0.0
R210S,13.7856
R210T,15.0728
R210V,7.1005
R210W,18.231
R210Y,18.7784
D211A,-1.1957
D211C,10.4723
D211D,0.0
D211E,-1.8652
D211F,7.1013
D211G,3.0479
D211H,4.3137
D211I,4.4659
D211K,-0.4185
D211L,2.7535
D211M,6.9044
D211N,3.5894
D211P,6.3418
D211Q,-0.4021
D211R,0.8099
D211S,1.3022
D211T,0.3897
D211V,1.8583
D211W,8.4538
D211Y,6.7424
A212A,0.0
A212C,15.5823
A212D,7.2965
A212E,4.4088
A212F,15.1007
A212G,9.7184
A212H,10.6904
A212I,18.5893
A212K,7.5248
A212L,10.7506
A212M,11.3997
A212N,7.7281
A212P,10.8983
A212Q,4.1339
A212R,7.6422
A212S,6.855
A212T,11.0647
A212V,14.8665
A212W,15.9354
A212Y,14.3837
V213A,11.9646
V213C,7.1617
V213D,24.8737
V213E,25.5961
V213F,17.7118
V213G,19.7452
V213H,25.6012
V213I,3.5152
V213K,29.5547
V213L,15.7783
V213M,15.3219
V213N,17.8152
V213P,31.9492
V213Q,24.4241
V213R,26.5806
V213S,18.9671
V213T,12.9885
V213V,0.0
V213W,22.6009
V213Y,20.6585
E214A,-2.4936
E214C,8.1502
E214D,8.4775
E214E,0.0
E214F,5.2932
E214G,-0.0717
E214H,4.4026
E214I,10.3772
E214K,-0.6709
E214L,5.1539
E214M,6.1217
E214N,5.7347
E214P,20.4181
E214Q,0.9623
E214R,-0.6602
E214S,3.6761
E214T,4.3246
E214V,9.6455
E214W,9.0706
E214Y,4.5364
Q215A,-2.6801
Q215C,9.8044
Q215D,1.9279
Q215E,0.2793
Q215F,10.0178
Q215G,3.8455
Q215H,5.5879
Q215I,9.6896
Q215K,-0.9847
Q215L,4.5819
Q215M,5.9307
Q215N,1.6537
Q215P,19.5943
Q215Q,0.0
Q215R,-0.3547
Q215S,1.1868
Q215T,4.2781
Q215V,8.1575
Q215W,11.3523
Q215Y,9.9315
T216A,1.2001
T216C,5.756
T216D,3.3272
T216E,1.0565
T216F,1.8397
T216G,3.9081
T216H,0.5476
T216I,8.6004
T216K,-0.3383
T216L,-0.0086
T216M,0.9289
T216N,4.0376
T216P,19.3298
T216Q,-1.4721
T216R,-1.1416
T216S,2.5361
T216T,0.0
T216V,4.3093
T216W,1.0444
T216Y,-1.4827
L217A,13.1598
L217C,15.2753
L217D,23.407
L217E,17.63
L217F,3.8331
L217G,21.4791
L217H,17.1201
L217I,6.2258
L217K,14.0013
L217L,0.0
L217M,7.9666
L217N,19.5878
L217P,29.6541
L217Q,13.7043
L217R,16.3807
L217S,18.6318
L217T,16.387
L217V,9.5481
L217W,8.5097
L217Y,8.6173
A218A,0.0
A218C,11.978
A218D,5.9384
A218E,3.0273
A218F,10.4878
A218G,6.9955
A218H,8.0876
A218I,11.1795
A218K,2.1849
A218L,7.1066
A218M,9.0942
A218N,5.2501
A218P,20.0881
A218Q,2.7
A218R,2.6085
A218S,2.8185
A218T,4.1291
A218V,9.8297
A218W,12.3876
A218Y,9.6858
G219A,-0.1594
G219C,8.1668
G219D,0.7971
G219E,0.8719
G219F,4.7286
G219G,0.0
G219H,2.3883
G219I,6.8151
G219K,1.5087
G219L,3.5321
G219M,5.3189
G219N,1.74
G219P,14.9285
G219Q,1.0294
G219R,0.7795
G219S,1.1784
G219T,1.8757
G219V,6.0101
G219W,4.8781
G219Y,4.5548
L220A,4.8306
L220C,8.1158
L220D,11.1357
L220E,9.8552
L220F,-0.6407
L220G,8.6549
L220H,8.3939
L220I,3.1239
L220K,11.1247
L220L,0.0
L220M,4.2968
L220N,9.8067
L220P,20.1382
L220Q,8.2268
L220R,9.2105
L220S,8.7413
L220T,5.4429
L220V,3.8678
L220W,4.3229
L220Y,4.3892
F221A,12.8092
F221C,11.4752
F221D,16.8909
F221E,12.2002
F221F,0.0
F221G,17.0413
F221H,10.7078
F221I,9.9049
F221K,12.7295
F221L,10.0831
F221M,10.3375
F221N,11.5878
F221P,29.096
F221Q,11.6605
F221R,9.764
F221S,11.2931
F221T,8.2152
F221V,8.5457
F221W,9.4721
F221Y,3.24
T222A,-4.768
T222C,5.15
T222D,-2.0124
T222E,-2.9317
T222F,7.2581
T222G,-1.8874
T222H,2.1853
T222I,7.9159
T222K,-2.986
T222L,1.9456
T222M,3.1855
T222N,-0.0586
T222P,15.8174
T222Q,-3.1544
T222R,-3.4716
T222S,-3.2417
T222T,0.0
T222V,5.9494
T222W,8.85
T222Y,6.8663
V223A,7.3273
V223C,9.6181
V223D,8.2766
V223E,5.7774
V223F,9.4574
V223G,8.9741
V223H,7.4425
V223I,1.1383
V223K,3.5957
V223L,4.4355
V223M,7.8436
V223N,8.2652
V223P,24.3157
V223Q,4.9182
V223R,1.9237
V223S,6.4056
V223T,3.3128
V223V,0.0
V223W,9.1605
V223Y,8.2746
M224A,3.1418
M224C,4.9816
M224D,16.1906
M224E,9.3001
M224F,-0.7512
M224G,7.2423
M224H,6.4278
M224I,-0.2603
M224K,7.9531
M224L,-0.9269
M224M,0.0
M224N,11.451
M224P,23.8547
M224Q,6.2362
M224R,6.8222
M224S,8.1102
M224T,6.3842
M224V,-1.1825
M224W,5.9102
M224Y,2.1918
S225A,-0.6829
S225C,5.2376
S225D,-1.2555
S225E,-1.8011
S225F,3.3957
S225G,4.9272
S225H,0.7928
S225I,0.952
S225K,-1.4185
S225L,0.8223
S225M,4.2563
S225N,-1.3089
S225P,13.1943
S225Q,-0.6476
S225R,-2.7707
S225S,0.0
S225T,-0.4965
S225V,-0.3149
S225W,4.307
S225Y,2.8202
I226A,15.5835
I226C,11.2889
I226D,20.7084
I226E,18.766
I226F,6.3893
I226G,24.3259
I226H,15.3736
I226I,0.0
I226K,16.7958
I226L,9.0401
I226M,12.0535
I226N,15.0542
I226P,25.3822
I226Q,16.856
I226R,15.0303
I226S,17.9712
I226T,10.2094
I226V,0.9557
I226W,13.311
I226Y,10.9073
D227A,2.1935
D227C,6.4896
D227D,0.0
D227E,-1.4364
D227F,9.7063
D227G,7.4586
D227H,7.944
D227I,6.9369
D227K,5.8644
D227L,2.7789
D227M,4.6373
D227N,5.2906
D227P,16.1757
D227Q,3.4746
D227R,6.8296
D227S,4.133
D227T,4.4149
D227V,4.1164
D227W,11.2526
D227Y,9.0236
A228A,0.0
A228C,7.6032
A228D,-0.3016
A228E,0.5077
A228F,5.6655
A228G,5.2966
A228H,1.9082
A228I,9.9602
A228K,2.876
A228L,1.9506
A228M,3.671
A228N,2.8406
A228P,25.3994
A228Q,2.7171
A228R,2.7096
A228S,2.5566
A228T,7.7117
A228V,11.3069
A228W,7.8384
A228Y,3.4475
V229A,13.2495
V229C,10.3379
V229D,18.6213
V229E,18.6322
V229F,16.6683
V229G,18.6363
V229H,19.4452
V229I,6.6223
V229K,20.9846
V229L,16.1248
V229M,16.0487
V229N,12.0194
V229P,21.7747
V229Q,17.718
V229R,16.0329
V229S,10.7152
V229T,7.3418
V229V,0.0
V229W,18.6875
V229Y,18.0569
E230A,1.9579
E230C,5.4724
E230D,3.419
E230E,0.0
E230F,3.7735
E230G,8.5809
E230H,0.4338
E230I,4.4729
E230K,-1.5648
E230L,3.8606
E230M,4.9769
E230N,2.9677
E230P,20.0135
E230Q,0.4413
E230R,-1.0704
E230S,1.3232
E230T,-0.7217
E230V,-0.6954
E230W,5.264
E230Y,2.1869
T231A,-0.9693
T231C,0.4707
T231D,6.7632
T231E,5.7774
T231F,13.4926
T231G,9.6141
T231H,11.3595
T231I,-1.493
T231K,12.0708
T231L,8.0637
T231M,7.5694
T231N,5.553
T231P,11.7258
T231Q,6.8286
T231R,9.7014
T231S,4.2134
T231T,0.0
T231V,-8.338
T231W,15.5053
T231Y,12.451
F232A,15.2705
F232C,16.7575
F232D,16.0513
F232E,14.4039
F232F,0.0
F232G,18.7919
F232H,9.7925
F232I,8.8333
F232K,14.8847
F232L,10.2738
F232M,14.0254
F232N,14.8558
F232P,23.5865
F232Q,13.8259
F232R,13.1904
F232S,14.7673
F232T,10.1199
F232V,9.5775
F232W,7.2495
F232Y,2.8127
H233A,3.7109
H233C,6.5492
H233D,4.1583
H233E,2.1247
H233F,-1.3312
H233G,5.721
H233H,0.0
H233I,4.2834
H233K,5.6756
H233L,1.4999
H233M,7.3446
H233N,-0.6217
H233P,16.3012
H233Q,3.934
H233R,2.7473
H233S,4.084
H233T,5.65
H233V,4.9316
H233W,0.2037
H233Y,-1.5823
I234A,21.0344
I234C,19.1778
I234D,27.8181
I234E,24.7726
I234F,25.0907
I234G,25.7507
I234H,24.4895
I234I,0.0
I234K,22.8093
I234L,14.6179
I234M,16.9357
I234N,22.0411
I234P,32.1403
I234Q,17.6732
I234R,20.7107
I234S,21.396
I234T,13.9363
I234V,1.963
I234W,26.5649
I234Y,25.6755
G235A,16.2275
G235C,17.1708
G235D,21.2002
G235E,20.342
G235F,19.8867
G235G,0.0
G235H,21.3962
G235I,23.7723
G235K,20.2977
G235L,16.9515
G235M,20.3618
G235N,18.0184
G235P,28.0459
G235Q,21.29
G235R,19.9759
G235S,15.3064
G235T,21.0152
G235V,23.5901
G235W,19.484
G235Y,22.0657
S236A,2.8419
S236C,7.1375
S236D,6.8662
S236E,2.8504
S236F,7.5983
S236G,4.1102
S236H,4.009
S236I,13.4609
S236K,5.0321
S236L,6.7428
S236M,7.3304
S236N,4.2806
S236P,18.4703
S236Q,2.7612
S236R,4.3147
S236S,0.0
S236T,8.3711
S236V,12.4613
S236W,6.3722
S236Y,6.7878
S237A,-2.3614
S237C,6.5424
S237D,1.1988
S237E,0.5416
S237F,5.0066
S237G,1.7574
S237H,3.2736
S237I,8.9041
S237K,-1.5849
S237L,3.22
S237M,4.0878
S237N,1.114
S237P,16.7992
S237Q,0.0999
S237R,-1.5828
S237S,0.0
S237T,4.3626
S237V,7.0461
S237W,6.4692
S237Y,4.2618
N238A,3.0544
N238C,10.2979
N238D,3.178
N238E,7.1851
N238F,5.9965
N238G,0.9131
N238H,3.2458
N238I,12.0146
N238K,-2.094
N238L,4.9217
N238M,7.0225
N238N,0.0
N238P,17.4789
N238Q,2.88
N238R,0.2009
N238S,2.2832
N238T,8.7851
N238V,13.1592
N238W,9.4283
N238Y,5.6727
G239A,14.9865
G239C,20.4954
G239D,13.1093
G239E,15.7588
G239F,18.1724
G239G,0.0
G239H,14.9117
G239I,23.3273
G239K,13.7139
G239L,18.7443
G239M,20.7268
G239N,11.549
G239P,20.914
G239Q,15.7898
G239R,13.4657
G239S,12.495
G239T,16.5157
G239V,22.1655
G239W,20.1685
G239Y,17.4761
L240A,4.6948
L240C,7.029
L240D,5.7377
L240E,5.183
L240F,-1.6819
L240G,10.1962
L240H,2.3699
L240I,3.4234
L240K,-0.6144
L240L,0.0
L240M,4.8786
L240N,2.6074
L240P,16.4614
L240Q,3.7751
L240R,-0.8118
L240S,4.1853
L240T,3.1562
L240V,3.1424
L240W,0.7031
L240Y,-1.9155
V241A,15.6581
V241C,11.2977
V241D,20.2492
V241E,19.6383
V241F,20.1034
V241G,23.6905
V241H,23.8525
V241I,3.177
V241K,24.1157
V241L,14.746
V241M,17.0911
V241N,16.791
V241P,29.857
V241Q,18.9542
V241R,23.3497
V241S,15.883
V241T,7.9958
V241V,0.0
V241W,21.8613
V241Y,21.1912
Y242A,-0.355
Y242C,2.4834
Y242D,11.1821
Y242E,9.5777
Y242F,-0.1692
Y242G,1.5567
Y242H,6.1463
Y242I,5.8176
Y242K,10.6479
Y242L,7.8732
Y242M,5.1209
Y242N,8.3194
Y242P,16.8151
Y242Q,7.9768
Y242R,9.0415
Y242S,3.4804
Y242T,3.0638
Y242V,0.0093
Y242W,2.996
Y242Y,0.0
T243A,-2.4014
T243C,1.7968
T243D,9.7323
T243E,7.6263
T243F,7.628
T243G,6.9379
T243H,10.1372
T243I,0.2367
T243K,10.0678
T243L,1.9711
T243M,3.5913
T243N,9.5438
T243P,14.1104
T243Q,7.6444
T243R,8.7779
T243S,3.1108
T243T,0.0
T243V,-5.5837
T243W,13.176
T243Y,10.4221
E244A,5.2954
E244C,10.2813
E244D,-0.9881
E244E,0.0
E244F,4.4162
E244G,9.3351
E244H,3.631
E244I,4.8406
E244K,8.8762
E244L,1.6016
E244M,7.9482
E244N,6.3926
E244P,21.071
E244Q,5.5235
E244R,7.8925
E244S,5.4053
E244T,6.1508
E244V,1.7832
E244W,0.1856
E244Y,3.2425
R245A,3.1055
R245C,7.4342
R245D,9.5357
R245E,5.8899
R245F,4.1259
R245G,7.2011
R245H,5.6391
R245I,12.7319
R245K,1.7814
R245L,4.4653
R245M,5.0105
R245N,8.5523
R245P,24.1275
R245Q,5.9654
R245R,0.0
R245S,2.7694
R245T,8.9999
R245V,11.7488
R245W,4.3185
R245Y,2.7756
V246A,11.1504
V246C,10.6988
V246D,9.2051
V246E,6.6422
V246F,5.2397
V246G,16.3069
V246H,7.2174
V246I,0.2813
V246K,5.025
V246L,8.9769
V246M,6.8125
V246N,8.2694
V246P,20.7134
V246Q,5.0649
V246R,6.3098
V246S,9.4679
V246T,1.3587
V246V,0.0
V246W,8.9854
V246Y,4.5932
D247A,-7.5802
D247C,-4.8374
D247D,0.0
D247E,-2.6024
D247F,-6.993
D247G,3.7417
D247H,-0.5499
D247I,-12.3162
D247K,-4.0888
D247L,-7.3772
D247M,-7.1035
D247N,-0.2869
D247P,8.0566
D247Q,-2.5433
D247R,-3.6603
D247S,-1.5561
D247T,-4.3907
D247V,-13.4025
D247W,-6.3239
D247Y,-6.6316
V248A,10.2356
V248C,9.9054
V248D,10.1316
V248E,6.9231
V248F,9.3405
V248G,13.831
V248H,8.1092
V248I,-1.314
V248K,8.4769
V248L,2.0592
V248M,7.1843
V248N,7.3889
V248P,21.9261
V248Q,6.6252
V248R,4.4862
V248S,8.0566
V248T,3.2728
V248V,0.0
V248W,7.5848
V248Y,7.6663
L249A,7.0748
L249C,6.3394
L249D,15.4165
L249E,12.0957
L249F,5.5626
L249G,12.4375
L249H,8.3287
L249I,-2.3238
L249K,8.1247
L249L,0.0
L249M,5.5786
L249N,10.7763
L249P,22.9438
L249Q,9.9212
L249R,5.5264
L249S,11.3541
L249T,9.2262
L249V,-2.3384
L249W,5.9923
L249Y,7.2355
R250A,10.5828
R250C,9.2168
R250D,11.5653
R250E,6.1839
R250F,17.4671
R250G,14.4278
R250H,12.1008
R250I,4.1616
R250K,0.737
R250L,9.9161
R250M,10.1366
R250N,7.2703
R250P,24.0516
R250Q,6.074
R250R,0.0
R250S,7.8938
R250T,-2.5584
R250V,1.8866
R250W,18.0004
R250Y,16.4762
A251A,0.0
A251C,2.3352
A251D,9.1392
A251E,13.1073
A251F,9.2614
A251G,4.8164
A251H,7.5204
A251I,13.8485
A251K,14.4615
A251L,9.39
A251M,11.1199
A251N,3.8677
A251P,18.0028
A251Q,12.3033
A251R,12.9837
A251S,-0.5744
A251T,13.6569
A251V,10.7004
A251W,11.5109
A251Y,10.5721
L252A,11.0044
L252C,14.2614
L252D,13.9504
L252E,10.0744
L252F,9.4462
L252G,17.7274
L252H,8.8944
L252I,4.3
L252K,0.5925
L252L,0.0
L252M,8.865
L252N,6.2223
L252P,27.4774
L252Q,7.6267
L252R,3.0371
L252S,12.138
L252T,8.9673
L252V,7.9532
L252W,13.2821
L252Y,9.8009
P253A,2.3819
P253C,11.8844
P253D,5.3817
P253E,3.7246
P253F,10.1982
P253G,4.1073
P253H,8.2783
P253I,10.9489
P253K,3.9345
P253L,5.8655
P253M,9.641
P253N,6.7717
P253P,0.0
P253Q,4.826
P253R,5.9179
P253S,3.9398
P253T,6.0387
P253V,9.5464
P253W,12.8809
P253Y,10.9509
T254A,20.9508
T254C,23.2156
T254D,21.5866
T254E,20.333
T254F,27.2323
T254G,25.4567
T254H,22.2511
T254I,26.0659
T254K,19.6167
T254L,28.0958
T254M,24.7276
T254N,14.8392
T254P,34.617
T254Q,20.8661
T254R,20.884
T254S,7.4982
T254T,0.0
T254V,19.76
T254W,30.3769
T254Y,26.0931
G255A,13.9785
G255C,20.0178
G255D,12.0827
G255E,13.3338
G255F,20.3279
G255G,0.0
G255H,16.1621
G255I,22.5943
G255K,12.4983
G255L,17.4731
G255M,20.1189
G255N,11.9604
G255P,19.871
G255Q,14.0633
G255R,14.1071
G255S,11.56
G255T,15.8013
G255V,21.5775
G255W,22.2957
G255Y,19.8061
K256A,10.1276
K256C,16.8635
K256D,14.4698
K256E,10.2038
K256F,15.4678
K256G,16.0296
K256H,11.8549
K256I,19.9425
K256K,0.0
K256L,7.0147
K256M,14.3308
K256N,11.0396
K256P,30.4553
K256Q,7.2615
K256R,2.7508
K256S,12.8759
K256T,16.6151
K256V,20.0707
K256W,19.3318
K256Y,14.3125
S257A,4.0946
S257C,9.321
S257D,7.2791
S257E,0.9133
S257F,10.1245
S257G,7.9342
S257H,8.8318
S257I,8.9098
S257K,3.8663
S257L,10.6955
S257M,9.3504
S257N,9.4379
S257P,16.7204
S257Q,4.392
S257R,4.8646
S257S,0.0
S257T,1.9061
S257V,6.6801
S257W,9.8217
S257Y,9.3627
Y258A,-1.1642
Y258C,1.9665
Y258D,9.478
Y258E,9.625
Y258F,1.0166
Y258G,13.007
Y258H,2.2782
Y258I,3.7734
Y258K,2.6241
Y258L,12.2578
Y258M,8.5604
Y258N,9.1702
Y258P,19.2144
Y258Q,7.6676
Y258R,5.5094
Y258S,5.5138
Y258T,5.2637
Y258V,-2.5457
Y258W,4.3378
Y258Y,0.0
N259A,-0.2465
N259C,3.5063
N259D,4.9359
N259E,1.818
N259F,7.8652
N259G,5.6235
N259H,3.7487
N259I,1.2543
N259K,-0.0476
N259L,4.4329
N259M,7.5527
N259N,0.0
N259P,4.8623
N259Q,1.9473
N259R,-0.3459
N259S,0.979
N259T,-0.3352
N259V,-2.1417
N259W,9.4758
N259Y,6.6943
L260A,1.9102
L260C,1.5955
L260D,10.0453
L260E,8.4512
L260F,11.3092
L260G,11.2456
L260H,9.1067
L260I,-1.328
L260K,2.3754
L260L,0.0
L260M,2.6891
L260N,7.4481
L260P,18.797
L260Q,3.8159
L260R,1.5563
L260S,8.0113
L260T,6.5011
L260V,-5.9646
L260W,11.0387
L260Y,11.1013
S261A,0.7654
S261C,4.8223
S261D,-0.7763
S261E,-2.9097
S261F,1.4857
S261G,2.5888
S261H,-1.3302
S261I,2.3395
S261K,-1.5312
S261L,1.5344
S261M,3.3456
S261N,-1.1331
S261P,-3.3723
S261Q,-1.0651
S261R,-2.0888
S261S,0.0
S261T,0.7144
S261V,1.0408
S261W,1.5471
S261Y,0.1448
I262A,14.9148
I262C,10.9612
I262D,12.6819
I262E,6.6842
I262F,12.0424
I262G,16.242
I262H,11.1506
I262I,0.0
I262K,7.4249
I262L,6.8826
I262M,9.141
I262N,11.3787
I262P,27.1935
I262Q,8.8976
I262R,7.3831
I262S,13.1821
I262T,7.7802
I262V,1.3895
I262W,12.6599
I262Y,11.743
L263A,3.347
L263C,5.0823
L263D,9.034
L263E,9.4784
L263F,3.8185
L263G,4.9781
L263H,7.0594
L263I,-4.717
L263K,11.3226
L263L,0.0
L263M,5.3923
L263N,7.0389
L263P,15.7856
L263Q,5.4712
L263R,10.3452
L263S,6.6413
L263T,2.9807
L263V,-3.9471
L263W,14.055
L263Y,6.7248
G264A,-2.1769
G264C,5.6901
G264D,1.9577
G264E,0.4881
G264F,9.7865
G264G,0.0
G264H,8.2204
G264I,12.2104
G264K,4.3425
G264L,7.1607
G264M,6.2648
G264N,3.2233
G264P,15.1928
G264Q,2.1744
G264R,3.0229
G264S,-4.6997
G264T,3.9641
G264V,9.9532
G264W,10.0578
G264Y,8.5925
V265A,5.6449
V265C,8.4321
V265D,15.0403
V265E,8.5745
V265F,17.1641
V265G,10.1966
V265H,15.741
V265I,5.8664
V265K,9.663
V265L,11.2616
V265M,8.6962
V265N,13.0638
V265P,22.8101
V265Q,8.1174
V265R,7.4249
V265S,6.2435
V265T,9.3145
V265V,0.0
V265W,19.2497
V265Y,17.9395
F266A,9.5627
F266C,10.783
F266D,15.448
F266E,15.5149
F266F,0.0
F266G,17.0295
F266H,7.8018
F266I,7.149
F266K,14.2799
F266L,10.5338
F266M,11.3617
F266N,10.7076
F266P,26.5652
F266Q,14.1195
F266R,12.3985
F266S,10.2028
F266T,4.3104
F266V,4.9219
F266W,3.0675
F266Y,0.6922
Q267A,1.4752
Q267C,6.1473
Q267D,5.9367
Q267E,0.8573
Q267F,5.2583
Q267G,5.4139
Q267H,2.5986
Q267I,4.2253
Q267K,-2.42
Q267L,4.6154
Q267M,5.3669
Q267N,4.1865
Q267P,17.5
Q267Q,0.0
Q267R,-2.8034
Q267S,1.8865
Q267T,1.0813
Q267V,2.5809
Q267W,5.7337
Q267Y,3.7704
L268A,19.2326
L268C,15.1826
L268D,26.5656
L268E,22.6571
L268F,11.3015
L268G,21.1024
L268H,22.4861
L268I,8.412
L268K,21.2889
L268L,0.0
L268M,13.0171
L268N,21.0674
L268P,25.6998
L268Q,17.9602
L268R,21.9751
L268S,19.9115
L268T,14.0062
L268V,11.716
L268W,23.2431
L268Y,17.6702
T269A,5.0914
T269C,9.111
T269D,3.1264
T269E,1.1585
T269F,7.5182
T269G,8.9503
T269H,4.9293
T269I,4.2084
T269K,0.2006
T269L,5.8464
T269M,8.5327
T269N,3.1699
T269P,20.254
T269Q,3.1107
T269R,1.9578
T269S,2.6881
T269T,0.0
T269V,1.1125
T269W,9.8427
T269Y,7.0972
E270A,1.9298
E270C,10.0811
E270D,-2.3515
E270E,0.0
E270F,9.0344
E270G,2.5405
E270H,4.2897
E270I,12.2051
E270K,1.5289
E270L,8.1253
E270M,9.9681
E270N,-2.6638
E270P,16.2082
E270Q,1.813
E270R,4.6274
E270S,1.2505
E270T,6.2705
E270V,10.5169
E270W,12.5338
E270Y,8.392
G271A,14.0543
G271C,19.8639
G271D,13.0522
G271E,14.1016
G271F,17.1257
G271G,0.0
G271H,14.2274
G271I,25.3213
G271K,11.5123
G271L,16.9092
G271M,17.059
G271N,11.1202
G271P,21.9592
G271Q,13.587
G271R,12.543
G271S,11.6822
G271T,17.2412
G271V,24.4648
G271W,20.5217
G271Y,16.4818
K272A,10.3865
K272C,14.3372
K272D,14.952
K272E,8.3361
K272F,8.427
K272G,17.0352
K272H,9.8767
K272I,14.7362
K272K,0.0
K272L,3.9118
K272M,9.2162
K272N,12.5719
K272P,29.0827
K272Q,6.4502
K272R,4.1151
K272S,11.4313
K272T,11.5756
K272V,11.446
K272W,14.566
K272Y,8.4017
I273A,8.8492
I273C,5.8321
I273D,18.5694
I273E,12.7971
I273F,8.8469
I273G,15.1609
I273H,21.6718
I273I,0.0
I273K,18.8601
I273L,6.013
I273M,7.6684
I273N,15.8894
I273P,26.1875
I273Q,12.3823
I273R,17.7792
I273S,15.1236
I273T,12.1979
I273V,2.6376
I273W,18.5041
I273Y,17.1452
T274A,9.2069
T274C,14.2129
T274D,17.0859
T274E,13.3596
T274F,20.1492
T274G,15.2796
T274H,14.0532
T274I,11.9466
T274K,11.0391
T274L,19.4435
T274M,16.722
T274N,15.1405
T274P,29.9727
T274Q,13.1277
T274R,10.5921
T274S,3.4233
T274T,0.0
T274V,8.4973
T274W,19.7196
T274Y,18.8124
G275A,0.7245
G275C,4.3779
G275D,4.6966
G275E,5.0703
G275F,0.5943
G275G,0.0
G275H,2.9024
G275I,9.2451
G275K,4.5152
G275L,1.2587
G275M,3.1544
G275N,2.4193
G275P,21.981
G275Q,3.9186
G275R,2.557
G275S,4.1512
G275T,8.0859
G275V,7.3183
G275W,4.6517
G275Y,0.3025
W276A,2.7372
W276C,4.0594
W276D,4.5186
W276E,4.4013
W276F,0.2199
W276G,10.9853
W276H,0.5374
W276I,8.9643
W276K,1.3196
W276L,1.9686
W276M,4.6577
W276N,3.5612
W276P,20.4178
W276Q,2.4704
W276R,2.2849
W276S,3.3986
W276T,10.1309
W276V,6.3399
W276W,0.0
W276Y,-1.0609
R277A,1.8909
R277C,6.7471
R277D,7.4151
R277E,5.7466
R277F,5.1763
R277G,7.8272
R277H,6.2509
R277I,1.3797
R277K,1.0926
R277L,5.469
R277M,3.9093
R277N,5.0554
R277P,15.8318
R277Q,3.383
R277R,0.0
R277S,5.023
R277T,4.4224
R277V,1.732
R277W,7.3419
R277Y,7.3933
D278A,4.3119
D278C,8.4219
D278D,0.0
D278E,2.675
D278F,4.3657
D278G,6.9109
D278H,6.78
D278I,7.1559
D278K,6.9345
D278L,4.0422
D278M,7.324
D278N,1.2872
D278P,15.4914
D278Q,4.6968
D278R,6.0234
D278S,4.6718
D278T,5.4842
D278V,6.6421
D278W,5.8902
D278Y,6.0816
Y279A,13.9107
Y279C,16.2071
Y279D,19.446
Y279E,24.0949
Y279F,0.9048
Y279G,22.5009
Y279H,9.8884
Y279I,23.553
Y279K,23.7829
Y279L,20.9349
Y279M,16.7905
Y279N,17.7044
Y279P,35.8489
Y279Q,22.2938
Y279R,23.6534
Y279S,13.909
Y279T,16.2946
Y279V,18.5147
Y279W,7.1939
Y279Y,0.0
F280A,10.8195
F280C,10.7125
F280D,16.1695
F280E,13.6796
F280F,0.0
F280G,12.6594
F280H,3.3807
F280I,21.1143
F280K,10.7992
F280L,7.5935
F280M,10.6164
F280N,10.3216
F280P,24.8199
F280Q,11.7169
F280R,10.47
F280S,9.7359
F280T,14.3972
F280V,20.9143
F280W,5.0022
F280Y,1.7075
D281A,9.6211
D281C,6.6631
D281D,0.0
D281E,-0.3492
D281F,13.5873
D281G,15.0309
D281H,9.9335
D281I,18.914
D281K,17.3284
D281L,19.2869
D281M,16.152
D281N,3.8027
D281P,9.1685
D281Q,8.6205
D281R,17.2807
D281S,9.43
D281T,12.0297
D281V,15.4109
D281W,16.6708
D281Y,11.0782
L282A,8.1054
L282C,10.4804
L282D,11.1048
L282E,5.4893
L282F,12.7325
L282G,12.5721
L282H,11.9716
L282I,3.3078
L282K,9.8281
L282L,0.0
L282M,5.4338
L282N,12.0736
L282P,20.2134
L282Q,6.1781
L282R,6.4332
L282S,7.7541
L282T,9.1841
L282V,7.2248
L282W,12.5368
L282Y,12.217
R283A,0.2146
R283C,8.4673
R283D,0.9144
R283E,-1.1291
R283F,6.0939
R283G,3.7154
R283H,4.0904
R283I,5.7314
R283K,1.0307
R283L,2.8941
R283M,6.8652
R283N,5.5719
R283P,12.0225
R283Q,-0.0481
R283R,0.0
R283S,2.3256
R283T,2.9038
R283V,3.7119
R283W,4.4729
R283Y,5.3005
E284A,-0.4141
E284C,5.3995
E284D,0.0456
E284E,0.0
E284F,7.2479
E284G,1.3017
E284H,4.7873
E284I,0.9086
E284K,-0.0832
E284L,0.966
E284M,4.3376
E284N,1.311
E284P,-0.392
E284Q,0.0246
E284R,-2.3009
E284S,-2.4475
E284T,-1.2808
E284V,0.5083
E284W,8.2479
E284Y,6.8608
F285A,2.134
F285C,3.3762
F285D,20.3741
F285E,13.5968
F285F,0.0
F285G,8.6976
F285H,11.3896
F285I,5.1171
F285K,12.5748
F285L,-3.0059
F285M,4.3581
F285N,16.4375
F285P,12.2052
F285Q,10.9021
F285R,11.811
F285S,12.4227
F285T,6.5007
F285V,1.1731
F285W,5.1782
F285Y,3.0295
E286A,8.5815
E286C,17.277
E286D,13.0709
E286E,0.0
E286F,24.7486
E286G,13.3164
E286H,20.3324
E286I,20.4819
E286K,21.2957
E286L,25.0525
E286M,14.375
E286N,18.8003
E286P,27.7292
E286Q,9.8794
E286R,18.9037
E286S,8.8041
E286T,16.4706
E286V,20.8609
E286W,23.7659
E286Y,23.473
E287A,4.2014
E287C,14.7882
E287D,0.8566
E287E,0.0
E287F,12.8691
E287G,11.0417
E287H,9.8976
E287I,9.3997
E287K,6.8691
E287L,6.9887
E287M,10.6151
E287N,7.6029
E287P,22.748
E287Q,5.9657
E287R,5.3168
E287S,7.9757
E287T,7.7502
E287V,8.9004
E287W,13.2739
E287Y,12.4246
A288A,0.0
A288C,10.4882
A288D,10.2382
A288E,4.9367
A288F,12.8288
A288G,8.4329
A288H,7.7941
A288I,12.3759
A288K,3.0942
A288L,9.0458
A288M,8.8942
A288N,9.7583
A288P,20.9493
A288Q,3.6413
A288R,2.9741
A288S,5.0019
A288T,6.9928
A288V,10.7983
A288W,12.9112
A288Y,11.942
V289A,19.3967
V289C,12.2046
V289D,29.9995
V289E,27.1219
V289F,26.0691
V289G,27.5254
V289H,30.9755
V289I,-0.1271
V289K,25.3738
V289L,13.0117
V289M,11.2054
V289N,24.9026
V289P,38.0213
V289Q,21.6695
V289R,23.2394
V289S,22.4275
V289T,10.2537
V289V,0.0
V289W,30.0787
V289Y,30.0715
D290A,4.1479
D290C,9.0265
D290D,0.0
D290E,1.4699
D290F,9.0052
D290G,1.7174
D290H,5.3306
D290I,12.0709
D290K,5.2204
D290L,6.4671
D290M,9.5354
D290N,3.3445
D290P,14.5237
D290Q,3.7591
D290R,6.0952
D290S,3.7483
D290T,9.1603
D290V,10.7064
D290W,12.1495
D290Y,9.2629
L291A,9.0664
L291C,6.6981
L291D,14.1113
L291E,8.9515
L291F,0.3005
L291G,19.4136
L291H,4.6254
L291I,2.4392
L291K,9.8426
L291L,0.0
L291M,6.4474
L291N,10.3249
L291P,18.4669
L291Q,7.7029
L291R,8.0879
L291S,10.1924
L291T,4.2176
L291V,-2.8186
L291W,2.0913
L291Y,-1.1147
P292A,4.5348
P292C,9.6854
P292D,1.3117
P292E,1.5437
P292F,8.6642
P292G,6.6975
P292H,6.5849
P292I,7.3732
P292K,4.3329
P292L,6.8343
P292M,9.8511
P292N,3.9262
P292P,0.0
P292Q,5.1377
P292R,4.3386
P292S,6.2881
P292T,6.0492
P292V,5.0838
P292W,10.3782
P292Y,8.0105
L293A,9.4202
L293C,12.282
L293D,18.5388
L293E,17.6583
L293F,6.8597
L293G,12.1125
L293H,16.323
L293I,8.3403
L293K,16.3993
L293L,0.0
L293M,5.7094
L293N,15.2283
L293P,15.2234
L293Q,13.8391
L293R,11.4344
L293S,11.2308
L293T,11.0755
L293V,8.6788
L293W,7.9823
L293Y,11.3918
R294A,5.39
R294C,8.6633
R294D,0.0099
R294E,2.8022
R294F,4.1964
R294G,4.9101
R294H,4.092
R294I,7.0971
R294K,3.0074
R294L,1.9613
R294M,4.9134
R294N,2.5811
R294P,10.1702
R294Q,4.1976
R294R,0.0
R294S,4.6915
R294T,0.7836
R294V,5.6339
R294W,7.3344
R294Y,4.4018
G295A,7.6441
G295C,13.176
G295D,6.8899
G295E,6.8776
G295F,12.1288
G295G,0.0
G295H,10.353
G295I,12.451
G295K,8.274
G295L,9.4336
G295M,13.3858
G295N,8.2348
G295P,14.0794
G295Q,9.1436
G295R,7.6644
G295S,7.7931
G295T,9.847
G295V,11.5414
G295W,14.8493
G295Y,12.2913
