,50,100,150,200,250,300,350,400,450,500,550,600,650,700,750,800,850,900,950,1000
A11R,-0.28440945537550083,-0.0570436597665476,0.06951903495957451,0.12167311068195003,0.12034914017811038,0.0629227992964198,0.16113231334071032,0.21557398569804556,0.2348995460556508,0.24782075900627037,0.28333380329941993,0.277019659108642,0.2925165019301187,0.291201317766687,0.299979429494152,0.2683020222679485,0.2537581444726415,0.2860194673972618,0.30243974442855404,0.28310619770652873
A142R,-0.0903928769453658,0.09320308806356027,0.12214060798839863,0.07757754093095004,-0.043362853702961765,-0.15421171651744747,-0.23631503082565716,-0.3042020772695883,-0.3693077294198275,-0.38429528693296416,-0.3838037708521569,-0.3750950425746006,-0.39056586828895395,-0.44348993866319575,-0.4779323836237047,-0.4975262024378977,-0.5185463595198373,-0.546427177465866,-0.5551567770620731,-0.5745250244196253
A16K,-0.1226509026895998,-0.2201743147009204,-0.1466356433841276,-0.24983655370402724,-0.24226247577613186,-0.20599693339207156,-0.17873809047108163,-0.1576581955372585,-0.12826680652413022,-0.12180968025993122,-0.09387585689314985,-0.061592232543825565,-0.05414619626327634,-0.047152984412937554,-0.07736548417020099,-0.10513022081860568,-0.12318140613570965,-0.14431245204806847,-0.15537898463393968,-0.18956916755634118
A16R,0.32079484156630467,0.3729546947923976,0.4733704411650831,0.401038776727226,0.37111056735623843,0.3445631850208102,0.21626490467190612,0.1659762373418083,0.12970448796733244,0.11717096481743705,0.11857880317300995,0.10685465668964814,0.0814277072354668,0.06340917866179485,0.04915025175473331,0.005288945959608488,-0.02688229289693103,-0.024847399450454388,-0.041529482382162114,-0.03435709467010406
A19K,-0.0467484958631362,0.13539603918297755,0.15222695119033886,0.043390944244666566,0.03542114078870398,0.08769825790767581,0.04063648318121289,0.02031813161637039,0.0001582676136664875,-0.026292944402056668,-0.024071818422881575,-0.026095161281571126,-0.05976557869341515,-0.0939080670213586,-0.1042248441591388,-0.11988970753303875,-0.1238036419491674,-0.13142008052768417,-0.14675911734037264,-0.15169892041757332
A19R,-0.6655705386226635,-0.5652891256180677,-0.45090573883620805,-0.5182784838913165,-0.45953165361767845,-0.38318709203710816,-0.35924388003357693,-0.3686394903190846,-0.3684063031689281,-0.3777395642594069,-0.39580770801570314,-0.40708300887175974,-0.4492564133368159,-0.472168938581291,-0.49157023026140423,-0.5009692973520516,-0.523673463855221,-0.518844308112854,-0.523662407143077,-0.5144994318834575
A41R,-0.32622759170703275,-0.28059572009000544,-0.306843301933123,-0.3483936311051836,-0.44857653221771965,-0.35818968474971064,-0.34681886172927623,-0.33351978711042085,-0.3748583647593207,-0.3572610414891297,-0.3573430771830037,-0.33835178532881277,-0.32404182976871065,-0.3068744605701024,-0.26573098338278434,-0.2343417679319505,-0.19991767670781282,-0.1531197638315324,-0.13734138718869798,-0.12449887911039106
A41S,0.09124726131789306,0.03166205085517898,0.019109652050488382,0.005717774124862238,-0.08308831809403114,-0.07122674645439059,-0.03820007611982198,-0.0006890881325844438,-0.016014936130198217,0.010081654624993969,-0.027622804377299075,-0.048070766513411745,-0.05171138961643951,-0.05099486711835792,-0.026726504314035126,-0.0034665219076496063,0.0083185322979132,0.032187364968887563,0.04368419696661939,0.048073372249631194
A48H,-0.1951104866821714,-0.04758437876645896,-0.04484568089950625,-0.13497187869627955,-0.1311259739475472,-0.1179550970160811,-0.09747401476909631,-0.1025072349176597,-0.06703101613233825,-0.05620398969663784,-0.05301012404555333,-0.040376058256583545,-0.04068738845738345,-0.041956433280362214,-0.0498666740760768,-0.05697303364123558,-0.0717046572688053,-0.05675103585678005,-0.039460295651816885,-0.019971239426605194
A48L,-0.16698111746041233,-0.08276020514638166,-0.14874590843992982,-0.29489314701142916,-0.3513475365466475,-0.38741604911610916,-0.3798034890280122,-0.3907553380602292,-0.3557296880844075,-0.32625452664138976,-0.31438037894381093,-0.31686626429335446,-0.2951287505403104,-0.2899194167802721,-0.2969894294344586,-0.2905003707774385,-0.2754515492521677,-0.25809577957471175,-0.2513670601737523,-0.249491254742352
A48R,0.0178639794965479,0.022502487358453394,-0.11779180053671197,-0.16901148100343766,-0.20116319824864382,-0.24470200856036475,-0.23143175030998006,-0.24072659624291481,-0.21741647913027512,-0.2073712337496597,-0.19878066299665456,-0.1975101147841331,-0.17831922757398436,-0.16519951893302234,-0.1635531471497516,-0.15108686982497962,-0.13275300903268888,-0.11443276661168555,-0.10455636195815099,-0.08630037011629005
A66P,0.05859579931906125,0.13398241994066912,0.05057558521138359,-0.0007086484950961937,-0.010635799071658887,-0.025680950241773463,-0.027031015802130656,-0.00040151701141611875,-0.012829169910078493,-0.0038255140113917186,0.013290358028032568,0.03001986566795395,0.020793476429909707,-0.013645371594962144,-0.005567086488775332,0.0005256733957597625,-0.013683079503822668,-0.027832269811526443,-0.0395674009188297,-0.05305623087651908
A66R,-0.5537805485652826,-0.7436466776794193,-0.7715430740587368,-0.8161767928673328,-0.7824611671665145,-0.7762611551865705,-0.8185245045885967,-0.834254816465548,-0.8447556338570716,-0.8380243516588892,-0.8181494928096419,-0.8027071920695118,-0.7995224699875487,-0.7938232200827686,-0.7843489713609153,-0.8017347511029635,-0.8279051326034612,-0.826083153559959,-0.8414428754532424,-0.8571345171187813
A72R,-0.31433025443592993,-0.3322313140124815,-0.3602949498905665,-0.4576709541049461,-0.5573251554392135,-0.5684114245898183,-0.5825530385027794,-0.562641301184424,-0.5913279554673851,-0.5702669982562544,-0.5659682195318597,-0.5651263714471743,-0.5655200668993945,-0.5585709585800213,-0.5307561132794841,-0.5099659078906138,-0.5202820439699474,-0.5247017914343013,-0.5214702414233684,-0.5048538792696878
D144K,0.274575118883748,0.4820995384066023,0.31887409453897575,0.14763795902110374,-0.05735940224792119,-0.09411060808228182,-0.19850854800404757,-0.25288480328066765,-0.2833981950426435,-0.3289583200114675,-0.35884871446189515,-0.3524821224834138,-0.35974295224297936,-0.37185214730950616,-0.37566859190382784,-0.3665336679796965,-0.3742096229947434,-0.3792598850509658,-0.3604903804010908,-0.35533777923980797
D144R,0.020432370473228306,0.035385381054774914,-0.15439958655761374,-0.27864984648189095,-0.37903611205114546,-0.40242621165089754,-0.40699067423186486,-0.42004874017448923,-0.4357980610849922,-0.39302319632512395,-0.37078071444252636,-0.3537776530086485,-0.34747081304398075,-0.3522734284474054,-0.34333967695069156,-0.3167443410102851,-0.2936759812998099,-0.284297471221625,-0.27527618879531696,-0.2566977951169159
D24E,-0.10974859651782734,0.19280385607191944,0.1851187248003445,0.118418119536838,0.12138830382800253,0.17638480076402174,0.16448904077320353,0.1538256423593519,0.13814337626731216,0.13903255429188638,0.13094937069500753,0.12354371994785303,0.1228110319377205,0.12932484424670018,0.1125923826331347,0.11676704768193442,0.12548336475884048,0.144737984354912,0.15612694556986487,0.14777847783072703
D24K,-0.01922214597492442,0.15757897616661842,0.1403592404229987,0.08672633896967957,0.04587339441816019,0.11227423995972419,0.13181203269921293,0.15166288512691342,0.17025976189801575,0.16407717423528023,0.1510099419882313,0.16903324102808864,0.15851809089433475,0.16243113164370712,0.13619831011651723,0.09791048264473867,0.08596190931733319,0.10540110402641256,0.0986687677489377,0.09667592865584078
D24R,-0.21098938344042112,-0.002483057663886225,0.07197458430622966,0.08923395816719774,0.051389388088410995,0.08400338604133553,0.08135042982302094,0.06547836683069894,0.08537204711113691,0.09438848840180508,0.08365280843246738,0.06885586567045299,0.05073534853820593,0.038182579597365755,0.010170032198172006,0.001996193175682506,-0.006314882019792494,0.005742193361342162,-0.002041310542479069,-0.006189931446279737
D33H,-0.43867523231840194,-0.22321222305842453,-0.22075184787511604,-0.2468764677814891,-0.35290205404469516,-0.32625633655617614,-0.31625491751152396,-0.3263107207412093,-0.2827696973130195,-0.28870035963704765,-0.2746553454632716,-0.2646031675027833,-0.27234230007508625,-0.284354224565407,-0.2824874553733333,-0.28837531545453327,-0.29255578241527963,-0.273767081116757,-0.28072042871431035,-0.2836728160477665
D33K,-0.493113754645098,-0.27970115158070846,-0.22648134291656968,-0.19596469389077895,-0.26977614322463017,-0.26479877069423424,-0.28961409589825504,-0.3285003759619734,-0.3180707642620184,-0.323008380860455,-0.3041980086659851,-0.2879539823663658,-0.280328722509049,-0.2827749946576583,-0.27028336857743807,-0.2764604459930852,-0.28537955102004403,-0.2606335215934852,-0.25261071938442137,-0.2504395588607598
D33N,-0.33732820037155836,-0.1595545655382872,-0.2042382211843027,-0.19430602918713225,-0.21555297039425525,-0.16611985863508194,-0.16536784927878584,-0.15922866910417338,-0.1373093695968165,-0.15228109369775994,-0.14040998575270475,-0.14871453829795217,-0.16399099786322419,-0.1926570221910282,-0.21149383054282775,-0.218334764576589,-0.22805040030325813,-0.20710774650960181,-0.2104519982818615,-0.2215845212280405
D50P,0.041798975620784426,0.08205533081817773,0.10977653408919638,0.09599474536685193,0.13682332383243043,0.14449494629643939,0.1425843209414141,0.1303247575277981,0.1398074341723253,0.1425576879563433,0.13738362682562105,0.12899599628417244,0.12457155145139917,0.12820493825316356,0.11195628091900572,0.08286583612508533,0.06260383518334582,0.04718396976927118,0.03546442962590304,0.030607140430071712
D65E,0.03559688347307308,0.14694145750827303,0.0312754322853105,-0.018574029504280262,0.022241049972767837,0.04306369925568202,0.05700474197207948,0.06962897971378285,0.0883279166354243,0.09149224033759507,0.09017392011223258,0.04875519997002266,0.03472429079331763,0.006634944002083819,0.013443837321673306,0.006470288772100606,-0.00326278217201085,-0.01224059704136755,-0.0179009903988919,-0.019588059654693894
D65K,-0.2722662532830348,-0.1395897514743774,-0.1490512693685039,-0.13054316027736731,-0.10096194612857035,-0.0832114155711393,-0.08016952652917606,-0.05004500828153907,-0.02646491061941514,-0.029584029703269538,-0.04172476080691036,-0.0615765143131729,-0.06933330951293447,-0.0708882814576969,-0.06573542115113118,-0.062352268532115375,-0.06691897908554402,-0.0639675848420369,-0.05026316582091625,-0.04815453161537023
D65P,0.06150226008049524,0.04047056105876928,-0.06265845647802526,-0.03464255814912861,-0.07558953866141056,-0.10940967589263115,-0.14191986862554773,-0.12658243890713883,-0.1269436880969147,-0.10360429755836602,-0.09812147480156011,-0.10047531235954034,-0.08568866999081122,-0.08282410985200328,-0.08003624831318623,-0.07543579308129195,-0.07656009781180112,-0.0841078846479841,-0.07631959767348652,-0.07594766684754788
D65R,-0.45230776152645163,-0.391838143148811,-0.5614116499681309,-0.6202054446490785,-0.6175892766699572,-0.5589815415544698,-0.5319859404969588,-0.5253978645272332,-0.5209215683860353,-0.5210314449220462,-0.529946408345836,-0.5534136860074209,-0.5628651284723837,-0.5795403643640636,-0.5906802458456336,-0.5990197670911732,-0.622592117119603,-0.63157653202194,-0.6281711559072396,-0.641066850951769
E124D,-0.47630635706037605,-0.28404259963403083,-0.225441192114345,-0.20888819484785276,-0.14106719908702348,-0.04232341175598482,0.008327811957194212,0.05410491228580914,0.0908041699132183,0.0955111753560871,0.12769742917739865,0.1594716034578924,0.18720824319087703,0.21763240059247907,0.2100267238983663,0.20988450784355994,0.20547737535884797,0.2301264192746093,0.2354201887403807,0.2514510979943244
E124K,-0.1907735036218381,-0.1882107787906815,-0.1438874540949811,-0.13151991407245203,-0.12939455891846224,-0.04778100611394376,-0.006752445023776588,-0.004693526375461425,6.3184816962375e-06,-0.00312949542651605,-0.021598700890063573,-0.05123184558058802,-0.07466999358450949,-0.06689168107405391,-0.10650220002065705,-0.12178589471172035,-0.11258585310156395,-0.09614106444603035,-0.0963944863662797,-0.09578716740119443
E124N,-0.12413652214315044,-0.17527470325949798,-0.25731315382954983,-0.2971934368433876,-0.2852614863627476,-0.27203434037133384,-0.2924468288111828,-0.27995382448467115,-0.2640088396109921,-0.2635703147708211,-0.2823208263259647,-0.29410843236615,-0.2729975426928234,-0.27716435592093025,-0.30182793196132496,-0.3022192579205438,-0.2902923131137643,-0.2707892525160108,-0.26087068812847153,-0.2518312586267646
E124Q,-0.565221359495294,-0.4567725000765726,-0.4100152544112884,-0.4650883880318273,-0.48354385772894387,-0.41940656509706925,-0.37167571829492063,-0.3820672341644548,-0.37147367033967776,-0.37013522763474543,-0.3583521832251278,-0.3535347688974253,-0.3714726952224528,-0.3809669869148514,-0.39207548424088656,-0.40687084149916425,-0.4147436143022501,-0.38926493047730726,-0.3935140132849622,-0.3960508109377199
E124R,-0.8618371289852522,-0.8309824560900647,-1.0256564597541915,-1.0342198148204207,-0.9712262246393464,-0.9253446144706596,-0.9036677393096815,-0.9216669717119321,-0.8697150185532703,-0.8495779340263231,-0.8244401931496903,-0.790140217883244,-0.7375035331615176,-0.7026689361114893,-0.7057086925265145,-0.7120790924318405,-0.7143684591904004,-0.678527344532079,-0.6741192171924117,-0.6634612341683952
E138H,-0.09856944883047829,-0.15959785986953287,-0.2079839251341377,-0.2596105120675499,-0.3117822422336137,-0.3482072159059617,-0.3407351694859821,-0.37757062742998665,-0.4008682642969501,-0.4010236373006084,-0.4044207544167626,-0.40137147693613634,-0.3941297156439657,-0.4212788676630414,-0.4107727038737984,-0.4306625279100462,-0.43452641028428474,-0.4409614235525301,-0.4421237929621911,-0.4384444769257968
E138N,-0.8142340719779824,-0.8068626077709538,-0.8419806648060878,-0.8193270685159513,-0.7588608152941223,-0.7727801659699618,-0.7659526662417584,-0.8211367923520454,-0.8840567655333021,-0.901426584063647,-0.9163807318317253,-0.9347696635625529,-0.9503187349514898,-0.9869988831750125,-1.0009655641192958,-1.011071141664777,-1.0179491473754136,-1.021688706708528,-1.0163277477389132,-1.0117855814817127
E138Q,-0.8951500318520369,-0.7994197003767713,-0.8556538923522932,-0.8588244010031523,-0.8560637530691255,-0.8552243093992675,-0.8325288360151845,-0.8467130795376177,-0.8427569586415118,-0.8294013688558006,-0.8417625751958872,-0.8639408778498232,-0.8739154818480482,-0.911362592386805,-0.9221645884141563,-0.938418607110765,-0.9439016935252175,-0.9475864001182618,-0.9429450977459246,-0.9422860250818195
E138R,-0.26545579340041525,-0.36002846917864517,-0.3634594219290326,-0.4742314381227054,-0.4733369599056783,-0.5236388876815457,-0.5185107432546721,-0.5424538056154834,-0.5215513730044852,-0.4885437995882522,-0.48907971419613205,-0.4942242106397795,-0.48856639632619414,-0.5044194822533334,-0.5124444337530363,-0.5197776091107398,-0.5327051199161207,-0.5453159938397253,-0.5474912217774741,-0.5650846051539813
E30K,-0.5097723509564671,-0.1747421585163364,-0.09751210132015305,-0.017474352972496318,-0.04233873779980539,0.025935481267000612,-0.0018453676979738563,0.018600799663992064,0.05004775629042818,0.05647596575558994,0.02336466412394425,0.032882496278939015,0.035468329467849474,0.05802155596076802,0.08181418603102185,0.08670616225601194,0.08760344834645248,0.09854767917010718,0.11216408297317182,0.12649650621189562
E30R,-1.000048460855164,-0.7051711754622313,-0.7107227032167962,-0.7351380458252175,-0.7433034117773774,-0.7064660944116382,-0.7111528747233395,-0.7394955344322423,-0.7207952967486032,-0.6840853205839923,-0.656746915683445,-0.6224896237697453,-0.5958379025446298,-0.5799680124696087,-0.5777410130143753,-0.5899388701575897,-0.5995198160315167,-0.5773400131239208,-0.57350630672022,-0.5739151209313457
E45K,-0.7896960763993739,-0.688118933593251,-0.7013067861601359,-0.7663907760731228,-0.8231946302277412,-0.7876270891007924,-0.7530286717663324,-0.7378660554147,-0.6787607726592585,-0.6460137961630915,-0.62662643304496,-0.6035160973115687,-0.5953233089773996,-0.6046403788940615,-0.615943959750371,-0.610075187284405,-0.61752611260396,-0.591368414552493,-0.5691708804754099,-0.5525012455435802
E45R,-1.0324314825407395,-0.9707295689502212,-0.9372764016054501,-0.9340405202859807,-0.941743966905102,-0.8764976697343223,-0.8642156967548933,-0.854658867363741,-0.803177289887627,-0.7880028590032065,-0.7754203379734512,-0.7646946648547093,-0.7306125157705478,-0.7084425175617336,-0.6958387701886146,-0.7011185547960688,-0.7033172002135853,-0.6972459788299779,-0.6873871302251205,-0.693800383534959
E49P,-0.13547484731951143,-0.14086496727264042,-0.13718369162338326,-0.3122688549516296,-0.36066485719426766,-0.3157115410872352,-0.33812823830662075,-0.36686363226548047,-0.3442455911687977,-0.3318546351793815,-0.3383478761870055,-0.35913244456576604,-0.34854725062275066,-0.33170389842214587,-0.3313699271330832,-0.32814027888328035,-0.33332307212682494,-0.3077620797664574,-0.28395494455379544,-0.26646272393115567
E68H,-0.9109754587233863,-0.9199945367467879,-0.8986260316162361,-0.8880381985773242,-0.8726749206160997,-0.8446008214116105,-0.8364715485263318,-0.8401817792438242,-0.807916810532366,-0.7762626068773745,-0.7503659959301205,-0.7432184619377478,-0.7092192065042008,-0.7027552209037545,-0.6845429707156895,-0.6569104222384009,-0.6476601883768738,-0.6399134229862181,-0.6480376156690193,-0.6561765445192619
E68K,-0.10716104126549011,-0.26114310471225466,-0.36797577040842583,-0.41519017746096315,-0.4681662854821854,-0.451211175009958,-0.4213079447965937,-0.4049633205683401,-0.4026374149093266,-0.40998751279493395,-0.400268723047612,-0.4077570278908056,-0.42240225192288866,-0.42445346033880427,-0.41058406733337494,-0.3927348794105187,-0.38938583245661773,-0.38339522370322937,-0.3688973370780792,-0.363641044179706
E68Q,-0.4560677048093123,-0.5325975672282844,-0.5191810218431446,-0.5265437305172381,-0.4896704410852768,-0.5095936071734025,-0.5345725876028373,-0.5326616481397399,-0.5348396706118116,-0.5255851802343257,-0.5023376237565351,-0.4932664619460757,-0.49065833431412814,-0.4960064711359851,-0.4730577055224475,-0.4723682733052177,-0.4798405515784857,-0.4724349010174711,-0.4672675634331273,-0.4609472744412855
E68R,-0.17618502502387157,-0.239686487644487,-0.3482585594781832,-0.3807758016847662,-0.39069446814267245,-0.39227833516926136,-0.40379367640795316,-0.39555281873047304,-0.42472480845718774,-0.41497545965764376,-0.3949568148958138,-0.3857452726048971,-0.36925110656746496,-0.36542847355530883,-0.34642766839524075,-0.32909384815793963,-0.341469245237538,-0.3471238494996498,-0.34678081164489677,-0.34909878724591303
E6K,-0.5806954977925117,-0.45116383541676314,-0.31282876384096925,-0.3357078828464495,-0.5070924353360444,-0.49904422779170077,-0.5160496299975957,-0.5324079261318255,-0.5318427583467183,-0.5190610138875311,-0.5047301162403134,-0.5183882752128484,-0.5462749975820373,-0.5546135831443875,-0.5612518945737909,-0.5722765881059407,-0.5991904615272565,-0.5778103331797921,-0.5617816509349227,-0.5714575305490671
E6P,-0.038637484305571276,0.09959914139682112,0.08246907832281923,-0.00170397111642275,-0.17978386430052118,-0.3325679040572142,-0.3970336585914295,-0.43276154217446244,-0.4581272189975971,-0.5008946744920681,-0.5359427169645724,-0.5506962999492699,-0.569926768623032,-0.5964640657326783,-0.6149270633187593,-0.6259499796404677,-0.6236900693925338,-0.6068362771234275,-0.5915504271287881,-0.5821815103232343
E6Q,-0.025856799678663923,0.2427600829901657,0.29675830947052395,0.2663770544496653,0.1258297815258123,0.018773198919557837,-0.027665797560854175,-0.0537977000696307,-0.0825811254476147,-0.11642480630556303,-0.1421971396144577,-0.1635970554301588,-0.2018700050475283,-0.25335094723211116,-0.2853472411474988,-0.31750958101821153,-0.3595121770585126,-0.3644689358002382,-0.4080829229834193,-0.4360082882952841
E6R,-0.837729097816825,-0.7278832937644738,-0.5723234331310711,-0.5616479979337288,-0.7435254139955348,-0.7767869770918803,-0.71952779962257,-0.7018560521030115,-0.6869932632918574,-0.670131297870806,-0.6569085781767676,-0.6950615606749887,-0.711894540253103,-0.7336173560355175,-0.766071170546853,-0.817078786444781,-0.8646596076151195,-0.8811459190544457,-0.871705655196064,-0.8781793759832236
F86W,-0.606793837035056,-0.4677394745894409,-0.4190008626308383,-0.4718373897284067,-0.4762937018661047,-0.4538785079392645,-0.43803456371658395,-0.40101118129695656,-0.3856294347622434,-0.3797130832621785,-0.3769279303225336,-0.3933894898796638,-0.41144679463343353,-0.4342828231039008,-0.4729649763442258,-0.502377697968294,-0.5314608173301721,-0.5383775473946136,-0.5385216511940959,-0.5597094292286189
G129A,-0.44278427675328497,-0.16275001754209817,-0.16364676027578567,-0.2540801854543244,-0.2770210301619011,-0.20279175958212484,-0.20619110719258488,-0.22451550035243542,-0.20523011575243036,-0.20905375183427805,-0.21648109303407534,-0.2377398663694539,-0.2571925121556992,-0.26147131433891596,-0.26246722087242574,-0.2739230665347192,-0.2800813876189298,-0.25802861014396883,-0.25590079714600084,-0.25982483835046105
G18A,0.019051783337701442,-0.0163200865496413,0.030511786479436406,0.0034296480125469374,-0.007639677403976069,0.053742409024016044,0.10365540381212882,0.10454424827567807,0.15585447813170816,0.15699969637706362,0.17423530919702612,0.13944598131039845,0.11942790895079257,0.1132541957174679,0.09863684677803025,0.07270176273103394,0.06061848720281294,0.054104652258223696,0.05348804047141375,0.05165258057572216
G18D,-0.13323648788550319,0.0153722792531092,0.11433247957369069,0.10024320461712415,0.06749324937078685,0.0778292092175285,0.100946799625606,0.1365695609599311,0.16999847056967146,0.1809768282990104,0.18495730487404782,0.17094377534792907,0.15698133504686768,0.1187320919857017,0.09779665450104869,0.06516915981122268,0.05347353833980942,0.049404971641010084,0.03949817051193462,0.029304693221931914
G18H,0.017365585864323792,0.08234780205316218,0.049851055067113036,-0.007915299620913956,0.002391904844696819,0.09527641737217701,0.08116622895403589,0.01882728785198077,-0.008446265933663481,-0.016578600886398894,-0.013216211870543362,-0.039838068791128514,-0.053623503827081614,-0.06106741535728796,-0.0730489712128692,-0.11055471340046577,-0.14100079800267362,-0.14809014280161445,-0.1703738055054253,-0.1877259537171645
G18K,-0.339149799286022,-0.2270275301074067,-0.11351713512105105,-0.07485202596424644,0.00879949430883885,0.0931394658307105,0.04862181754190062,0.0567098665000106,0.05124190395766229,0.047340592096756645,0.06926522214958529,0.07321167801452247,0.057454409289594076,0.03024851136218372,-0.0006900117207700437,-0.04506028697645606,-0.07445301150956055,-0.09968089234463863,-0.11970386888957675,-0.14646160614992157
G18N,-0.1358099289032705,-0.14742900804029566,-0.050905012118635976,-0.10421481971775788,-0.10588279165151837,-0.08310435144495573,-0.11101306621281233,-0.14430161363162103,-0.14103241899771682,-0.18733259301501298,-0.18925779005213084,-0.19490549523293207,-0.18699879479315026,-0.18777240392937186,-0.21039885491635077,-0.2619603281227867,-0.2836038736021354,-0.2812489132932747,-0.26630046481933256,-0.264226800650176
G18Q,-0.1736615302687403,-0.13871835959076967,-0.07666346678958152,-0.08078630980704161,-0.09888229466450853,-0.0714517458497698,-0.04197538306568709,-0.015436539951895737,0.030156250049499594,0.05351924644399443,0.08679892203269116,0.08788969297605106,0.07181074881432828,0.07781280634657424,0.07481583490602516,0.06580244885668268,0.0575892803995014,0.05882470785664137,0.04573333026370623,0.04069757976626793
G18R,-0.2618301340840198,-0.22420644729927489,-0.12263609209170775,-0.2163723165519359,-0.3016815294637778,-0.2812059189035318,-0.2798889096031941,-0.28114677357979223,-0.23632096121288906,-0.2380015726283612,-0.2342692351254447,-0.23830203827407112,-0.23373040216406116,-0.23397240171581885,-0.2462146069969383,-0.24762665170109358,-0.2395865364596889,-0.21078634648485084,-0.17958977781888824,-0.1574981144721434
G18S,0.08734540584156261,0.20131922195656876,0.26463818040625153,0.2103334870368112,0.2322966173338371,0.2742204643653166,0.3286918925959004,0.3606956184975689,0.37958762011500125,0.38553672757212354,0.4136011377190382,0.42321833003091264,0.4289172909733799,0.43124345661289276,0.4262418772295893,0.40399658347703993,0.3636871454388837,0.3568463724899751,0.3539157597482899,0.3758114962186755
G89A,-0.18670971310054857,-0.04640739598110827,-0.011904180287166912,-0.027644141081956314,0.02347536959824775,0.10412707177035889,0.0871514711533522,0.10326656262195713,0.1410893337146164,0.17004528363956983,0.2218824630409416,0.24155799326164304,0.24181668131577114,0.24714470309750766,0.2380224897490771,0.23439591453577105,0.24272657253336635,0.23890322058359326,0.2296777463262855,0.21312383873287044
G89S,-0.7302227872307793,-0.624255131630072,-0.5250553251777473,-0.5493267054219497,-0.5132167569590351,-0.5080744224614221,-0.48896348187577915,-0.5008081590573276,-0.45022467824265744,-0.41067472034559904,-0.3813480897227773,-0.3699307527694879,-0.37187925576132336,-0.37621362405499564,-0.3919946921265362,-0.40510116259749085,-0.397919196248653,-0.3928586471963952,-0.3801781900613412,-0.3644702835538967
I127F,-0.20090617603298505,-0.2152849336900211,-0.2187746473598649,-0.2458607245616395,-0.23552439898453487,-0.1741220996493122,-0.14469242374242097,-0.12714326119540614,-0.09540539663620502,-0.06438455616723465,-0.03646866868853267,-0.0144238060929452,0.017445764149328732,0.03343497085653206,0.045850896637086205,0.06036655218871381,0.0730052683894605,0.09805518460499472,0.11787832266958727,0.13886136288300804
I27M,-0.2681420150127937,-0.035962881327651894,-0.018716363886229326,-0.18758424418638062,-0.2475706554415113,-0.18725679258331526,-0.1826690945771895,-0.19892172001840924,-0.1898242377180327,-0.1977273432588525,-0.19058422037031605,-0.18795460014632803,-0.21512550915038756,-0.22039178870675924,-0.24127314825501284,-0.2671431507515187,-0.2959219806320672,-0.2883602552062253,-0.3003502292237283,-0.3083552430684131
I27R,-1.318216546230403,-1.0294232241250516,-1.1224065579413716,-1.1545139339902064,-1.1842171217918378,-1.1269001746353375,-1.1330149086652854,-1.1433050460687992,-1.124071192026292,-1.1015391044676301,-1.100933652594179,-1.0884817049546585,-1.087107770293148,-1.0752962838764302,-1.0872051123224566,-1.0915375599080555,-1.089357069023142,-1.04608280402364,-1.0298745284030861,-1.0133995674239795
K110R,-0.22220898644199558,-0.0935123292702997,-0.20373865330229032,-0.2554863448379022,-0.3299913107500108,-0.3668276437324347,-0.35483742938776686,-0.3573047297952816,-0.3791080848753288,-0.35279440466221856,-0.3410632803597583,-0.36827200947346134,-0.36826985608445234,-0.3616881782038237,-0.3547430124226092,-0.34459352004982713,-0.33894984040143267,-0.32026558992521215,-0.30150821513390336,-0.28368856281100335
K126R,-0.5624936644602465,-0.5130198595864539,-0.5192363012523189,-0.5475318049433442,-0.5583278515027911,-0.4928327492213548,-0.5234420436154598,-0.5491750546691891,-0.5507151906830314,-0.5610359393416872,-0.5671591108560148,-0.576735146736409,-0.5699021856068068,-0.5720886734385455,-0.6087580845795878,-0.6238868473685274,-0.6421205483182818,-0.6087543602662782,-0.6002405954084884,-0.58188224180875
K13P,0.09428887602605772,0.04105211314875383,0.01552252833703103,-0.01570411312307089,-0.0797403663286586,-0.022226809730833144,0.06281250115493262,0.10246385085766774,0.11089497222577895,0.12364148857656082,0.18075727304674477,0.20550730087831717,0.23099034237868668,0.2269983974117751,0.2259117593013746,0.1907788606310741,0.0961093407461091,0.03734561005763988,-0.036317757501427544,-0.046610289579334864
K13R,-0.36479741719523884,-0.40523035595719614,-0.480534494231169,-0.5523396648980406,-0.5648810059582138,-0.5351952642626865,-0.47046443713609104,-0.40925207033210736,-0.40600290193750516,-0.43043387742425815,-0.3779040999181289,-0.3014327408196592,-0.27978539076272113,-0.2749045020667332,-0.2416641023531787,-0.2271309163043396,-0.247823737099824,-0.2310207384802845,-0.2215665808192686,-0.20855270820506536
K26R,-1.0096439911599286,-0.6076272838158774,-0.4499134305501937,-0.48611860953566843,-0.4606626054614455,-0.3764282704288353,-0.385796974927005,-0.3860146780164607,-0.358838212061702,-0.3580266890076289,-0.36878204951860105,-0.35176822250482354,-0.35963561470555333,-0.3580632893271919,-0.3591770175692644,-0.36511395302153826,-0.3738589919935938,-0.35509548092113147,-0.3558684031395328,-0.3550758364722498
K42R,-0.3317152953798031,-0.19258407171903413,-0.15510010155714968,-0.2051330925124346,-0.3015413718277725,-0.3622157237786444,-0.382938462397009,-0.41193074069916,-0.36364950060614026,-0.3526835713556564,-0.3343075487774712,-0.31573759865230133,-0.30815300546055585,-0.32969446073629755,-0.29405643016853933,-0.261803627730552,-0.24835531733604443,-0.22690895251325305,-0.2287553592195423,-0.22753826902848
L106I,-0.06638689764321247,0.09276404591417581,0.21687743192774872,0.16095727124900028,0.12181165388626372,0.17593811973268556,0.2850895700767213,0.2783139074234336,0.29911690872656066,0.3203355530531353,0.34380347487995505,0.30657324949838033,0.2688528430274857,0.24991158371490785,0.25653724177574033,0.26774680135478807,0.2618889017167261,0.2740186296034473,0.2994317815641301,0.2946902734112083
L106R,-0.31382418863983336,-0.3412894114523887,-0.36205219004080513,-0.4336577679562776,-0.4616550365171634,-0.39997137916082076,-0.35952663977536375,-0.40223664734611053,-0.4311479557725644,-0.4236210125691626,-0.3865490875992409,-0.36205741186437895,-0.360176835542954,-0.35631601251842965,-0.347778335496088,-0.3187482680259987,-0.3104793763484892,-0.2850937713945344,-0.2568144559525535,-0.24474010606045293
L122F,0.39879705618826655,0.5348424685833455,0.5784507087669738,0.6069596891799798,0.5847233203452293,0.5418635268183821,0.5324443597856394,0.5679087036489573,0.5950404559696336,0.6106465004611544,0.6067929462539643,0.618036993131479,0.6384796943407223,0.640907741426396,0.6426447943922727,0.6456038358304899,0.649359075968119,0.6836740063723689,0.7105100630046952,0.722999697179893
L29I,-0.26399375468175884,-0.09550583745724125,-0.019942281468100623,-0.03305338395317284,-0.00536080334501085,0.05531706991304915,0.07424892906079816,0.0649088475214167,0.09083406338496304,0.08899712030533978,0.0772159469980918,0.06996502003956621,0.06333137850349746,0.05055836552783081,0.041607712827357896,0.00939397476082303,-0.014290467994896593,-0.0029909286400640563,-0.016584671533775217,-0.0332105879061649
L94F,0.1351056813540613,0.2377273441062294,0.16095969233825508,0.03148887325970413,-0.06059295997923569,-0.05100314052419241,-0.121792187712506,-0.16311276746899203,-0.1336188003600714,-0.1066091092807901,-0.10365687512865801,-0.07396784928080212,-0.04279480492404599,-0.04314413217850866,-0.03668554017919956,-0.006012624978454656,0.011263312373783363,0.03843754928725471,0.060973837599317175,0.07434335213585458
L94H,-0.6039893251538573,-0.48077045432198195,-0.4872347895263661,-0.5282791087762282,-0.5445968236450591,-0.4876155129740605,-0.47648230271179304,-0.48164066922078774,-0.4342273136109295,-0.39619375675363816,-0.36466951837930084,-0.33104213299272023,-0.30910786787534816,-0.29428384056144125,-0.3063284716319524,-0.3114132037383175,-0.3146997636520723,-0.29717478863087404,-0.29592181994358124,-0.28979944344662656
L94Y,-0.10082360088124273,-0.04413758183576598,-0.09124593647905965,-0.1400122769106707,-0.1810856100697644,-0.16891695065118156,-0.19631527742688054,-0.1897709601591286,-0.17962775954449237,-0.15274946109783835,-0.14798467359044745,-0.1593432883127381,-0.18479823533680467,-0.23521858705981757,-0.2772007223548745,-0.3167214069094584,-0.3411403383767234,-0.33953332769872563,-0.3274984962892774,-0.32217298758962587
N92K,0.41797388408630076,0.42549819452858967,0.545616840185165,0.5983867791500802,0.685707103176425,0.7495393131664975,0.7832456243904866,0.8030964703236068,0.9182052356306287,0.991708867291232,1.0281251503328117,1.0724843353035447,1.099419251904766,1.1056401036377594,1.1076207052130556,1.1082229066706923,1.0971087649490852,1.0900536224311967,1.0983409293305018,1.115663898415968
P8Y,-0.3817186676871525,-0.39119814765536753,-0.31442824726260926,-0.3674130916190049,-0.4012412821591044,-0.3286002703310721,-0.2968075882849026,-0.28541581396927157,-0.2639913934637302,-0.262396616015652,-0.24003067032428524,-0.2295965112346128,-0.23445823464853574,-0.25870382429457306,-0.2681488292256008,-0.27652949001548516,-0.2905011353928494,-0.29997049427296835,-0.3060783286921177,-0.318161219885346
Q121I,0.04365448101506653,0.1985443475350962,0.17841891388418163,0.1402384916767307,0.1784914723943799,0.21720265970247962,0.22366072471372025,0.24731428051203316,0.2854147873454091,0.2828762747727134,0.28990626120862995,0.2899516528389847,0.26429523160195373,0.2271987347320567,0.1939115356603593,0.1868470359465428,0.17136461843354506,0.17688575890975164,0.18889150230172844,0.19034051911100447
Q121V,-0.17519758312294587,0.014282562380708744,0.045918114536978645,-0.07841627025860369,-0.055132089251852104,-0.051433560786475846,-0.05839109971106065,-0.05285215741113665,0.0013481797273183563,-0.011176760216989481,-0.017007946207835755,-0.01830551107436901,-0.036987009115947975,-0.06731925777304466,-0.09625635831325878,-0.09348521242585875,-0.1010718811985161,-0.0909624588913697,-0.0778379757192701,-0.07300601967172594
Q69R,-0.3856486471705218,-0.22406536158058915,-0.16604283822624,-0.12622953303705528,-0.12863211831680132,-0.15064728778158415,-0.1593848950817014,-0.14440839229325256,-0.09661259740992761,-0.08388010874988228,-0.06019321407925626,-0.042564652168570305,-0.022997338232977057,-0.014718289718177706,0.0178446171257316,0.048372552716464845,0.04631315472283065,0.04676847612202045,0.05224526050236458,0.06835782512181203
Q7P,-0.1949642321902924,0.09989580189832277,0.028370872121998937,-0.09024003886961257,-0.19483989280984465,-0.16835175147319892,-0.15549894049726076,-0.14551788119116518,-0.15332250892581736,-0.198367538463831,-0.20661373415206088,-0.22475128703905323,-0.23906650975273314,-0.26387162852790963,-0.28703715069137853,-0.2954774035481389,-0.30920859143354673,-0.309796454291814,-0.3147852474191213,-0.3185179099107658
Q7R,-0.18758464173758357,0.040292991944688855,0.0828536451684586,0.05038723832100607,0.02251203575215009,0.12094718385702394,0.17296755353925347,0.1584506240126003,0.1458569309911001,0.0847993338844558,0.09436173331032117,0.07354335864220411,0.06797891441578054,0.05151515113216053,0.05169236837207118,0.035059263982157515,0.007381458112346162,-0.008699900010713144,-0.005312027203355912,-0.009769210652439962
R9P,0.211498795991903,0.21866204939951894,0.2419335320080206,0.25132477614692045,0.3053737296531319,0.41107714776194737,0.4187661151366347,0.4560227914970503,0.477066137616921,0.4724302013258916,0.4651139844550213,0.4457302726471384,0.41051652122452825,0.366917757307934,0.3090067795635628,0.24554443260939346,0.16879084145909407,0.11714882783749256,0.07628975983155799,0.05396693498724085
S111I,-0.40698154926774993,-0.03391581326030247,-0.0438077019506769,-0.030888373302290356,-0.13960196282627765,-0.2490613985947284,-0.30204839330105054,-0.38769017533059635,-0.4413033586887193,-0.4660399143162044,-0.4692354121504174,-0.4615230138608938,-0.458668559111259,-0.4536723485040219,-0.44294048544358444,-0.4328556200991201,-0.419584800867424,-0.40586038727728685,-0.3862061982465375,-0.38179744787581965
S111K,0.01964765532667582,0.19132809952520216,0.21722165853886227,0.2376804762758078,0.2118364937827158,0.22830532950297755,0.21559344782482653,0.18986091370097158,0.16758219466897545,0.15358538924890563,0.14032421306882134,0.15138995869305738,0.13024961483129824,0.09401112342994156,0.06844845554930964,0.06998143322215539,0.0677691429711817,0.06961766645969075,0.08409214800328517,0.08530046553048487
S111P,-0.419422665807066,-0.03403290684949818,0.016802616412671913,0.05519961193761603,0.034017182642638956,0.0785740162342071,0.10631252466670943,0.12500996216666604,0.143417534469304,0.1521933767302892,0.1698403203697344,0.1683808377582754,0.16038352029569736,0.1464826077100484,0.1467446218211978,0.14683918737474622,0.14193653294090652,0.15458997575566857,0.1637754814354792,0.18033179815720524
S111Q,-0.2396188074540994,-0.046146194302181406,-0.032692486783648195,-0.13014734318926535,-0.2693242322420736,-0.31110580045424313,-0.34547719861744564,-0.3564703745819563,-0.3731344379770929,-0.38331776651639177,-0.38943265281845263,-0.39241354537902645,-0.4200467881242507,-0.4322640904064648,-0.4298995154526376,-0.41339285329158787,-0.39958673934794814,-0.3738894504799952,-0.35315056488049845,-0.34576452999270535
S111R,0.1241645040256349,0.21475927918260507,0.0932043661823793,0.08885354816270805,-0.053586394066017645,-0.12661639533982075,-0.1990907375939583,-0.3150750938946705,-0.3903898991345759,-0.43545629550249065,-0.42371649734003014,-0.39272302256449143,-0.3664595679289447,-0.3460287651981316,-0.3327286026895435,-0.3327525610829746,-0.3162963196217826,-0.2939371601175728,-0.284393954667466,-0.2826312467745664
S12R,-0.20694812072911972,-0.022527721125121105,0.07376078207545395,0.09466391283518752,0.1402395065780649,0.2491696661305703,0.28634951197840564,0.33178329429734255,0.35144006017132506,0.38262752863238797,0.3966220551044103,0.3998883716424515,0.41062701117650074,0.3961782109243127,0.38767849869107385,0.3933721358318641,0.3596036174216669,0.3518365662214669,0.3555931536241957,0.35289004971788085
S15K,-0.20932830108144407,-0.08984080149992564,0.07374323445790967,0.03966805998706889,-0.051221149291338024,0.038339591079220955,0.09910972748089257,0.1506979510033113,0.2128401624848365,0.13913906874968374,0.1392102099521757,0.1092711275431078,0.04576497626129361,-0.057955268930178425,-0.13937873563852904,-0.2085321252175839,-0.2653753037524901,-0.33639369374308026,-0.3666335476256978,-0.39776907108874127
S15R,-0.3961158076377496,-0.38551931345099744,-0.19879300765268956,-0.1849205474496266,-0.17021703461525636,-0.13114502033534386,-0.10316547818157944,-0.16797739128114958,-0.19735622398411096,-0.24761260357963574,-0.2332531571593068,-0.25061079901577366,-0.27150440593071884,-0.32562961572276883,-0.3748070436721941,-0.4260391823471663,-0.4507373091332696,-0.44275354776942,-0.4430411873369828,-0.45549697565359243
S21R,-0.0749407463150759,0.1043171346542596,0.05659459553391831,-0.027088220454311675,0.032332070515898856,0.012919693250389287,-0.02062347871227702,-0.034198495927962126,-0.0009882125826756625,0.014984000557456481,0.018949062858755836,0.041828231745817186,0.019421262686517306,0.0005588423474048625,-0.022898415300265488,-0.04376933739891087,-0.0748550726863656,-0.08290498453557336,-0.08511398260323452,-0.07813099105789653
S91R,-0.6207475728748082,-0.6244113531043327,-0.6161273657798279,-0.6788517073226672,-0.6506460135742502,-0.6582713842770007,-0.6728370341262887,-0.6909352205741203,-0.5811958769796824,-0.5042468638638656,-0.45284364332776206,-0.4188482582969216,-0.43509720425115356,-0.43032794544264935,-0.421728559910808,-0.4144478459118734,-0.3978147104476431,-0.3782693959740727,-0.3561791005469057,-0.3464551887405645
T123R,-0.5032460611513869,-0.44386934090873115,-0.4707355626412573,-0.43149940943551435,-0.4424325062067956,-0.39793567642610256,-0.3629365116456727,-0.36060464614876,-0.34378746137588156,-0.34845886002842974,-0.3682725900464854,-0.3629755282668696,-0.36715987855489135,-0.37029408157093463,-0.3797755145133427,-0.3776114720005326,-0.3813997530018892,-0.3572047122873224,-0.35188758263351894,-0.34908348577267967
T128R,-0.6094643009036727,-0.3782396008407166,-0.35876999314518876,-0.34754205861187176,-0.32199286883722833,-0.28145645305661704,-0.2878662993952735,-0.30813570150337877,-0.2810378164241063,-0.26195266820033464,-0.25327850098112853,-0.252623148312042,-0.24822658250130325,-0.2398713231849018,-0.24204559920065125,-0.24701591913647514,-0.2601707679520978,-0.2384211837957613,-0.21859941195981086,-0.21861243022049054
T76A,-0.28122414731541645,-0.049464044690684925,-0.012666095076003563,-0.022180435187486705,-0.10841678131702957,-0.11596865218246427,-0.1305177260807584,-0.0831693453907446,-0.07647507191377459,-0.06123598099796328,-0.001325953457233375,0.033850520862616904,0.04147079152271346,0.002115417276732825,0.004493064891337393,0.013223725676198781,-0.0004566025243443,-0.008405738505375819,0.019762041241017724,0.02838541300470115
T76K,-0.36601139169856983,-0.3636961382110158,-0.33505884860411866,-0.2771190254777802,-0.35533556162395913,-0.33864409049953603,-0.3142218216654786,-0.3206351191702691,-0.3522678137154877,-0.33476366397993074,-0.29111451325327614,-0.26597077293899285,-0.2752204215938571,-0.2871173866335956,-0.27986939946108175,-0.27005054705847603,-0.279196521947194,-0.2982825464566953,-0.301812525380113,-0.2953105962171536
T76Q,-0.5622652104715767,-0.5493518857580428,-0.5100674756104164,-0.4285715558321992,-0.5054422567589194,-0.5050234536637451,-0.5367778766286321,-0.5538461887500394,-0.6063042061014754,-0.5644237627146632,-0.49756712682022664,-0.46743594545281475,-0.4492131835789817,-0.44217810392661844,-0.44208235541956403,-0.4148112917227727,-0.4059439092269626,-0.39740777721662746,-0.3692481582999922,-0.3572887896013394
T76R,-0.8093706146195018,-0.7760599348203039,-0.742195987233071,-0.6938155253607159,-0.7335897452251874,-0.7511039410824127,-0.7539922464947275,-0.7888814638925568,-0.8053563752470018,-0.779853750909178,-0.735249883345308,-0.7197639514417485,-0.748865890712933,-0.7930214988098603,-0.7885292615723678,-0.7965000867842682,-0.8132186393068194,-0.8112206912572086,-0.8023734921323639,-0.8032895927448275
T85L,-0.32782647220986,-0.09531190751994036,-0.1242945425768895,-0.20449431165442097,-0.25617535032315597,-0.23423544858210593,-0.2418464435652705,-0.25662394131517563,-0.2689675363327871,-0.28429668301988975,-0.28942469242810775,-0.28647209847879507,-0.28650000483274973,-0.32436513832985125,-0.35325989843114236,-0.40404867204012673,-0.4182953689637639,-0.428038272899396,-0.4408186270926252,-0.46035462252264536
T85P,-0.22190689495332147,-0.14572779336531427,-0.09437431934789473,-0.12240259305179703,-0.16636318208779705,-0.1677139086842234,-0.15470620074753205,-0.15178061249109198,-0.17120865719912243,-0.18530856969925266,-0.17985840274877113,-0.19471386511880465,-0.21651848685798092,-0.22288105553717463,-0.24682521754506395,-0.2860167918312785,-0.2885107104307364,-0.2776981601919688,-0.2791247957438398,-0.2826407367540655
Y62W,-0.14501717508539383,-0.06944886337186637,-0.053906011658272315,-0.09023999422967062,-0.09513863691872632,-0.12237195319946545,-0.14441502153204944,-0.14123526021136146,-0.16068167934761382,-0.18156154763713922,-0.16839195986200756,-0.18697607503343283,-0.20361454463078965,-0.20631377967851944,-0.19750138153282096,-0.205816526468898,-0.22266717376159018,-0.22470967972266193,-0.22236965955643861,-0.22958574426367956
Y96F,0.02477996345115498,0.1438010735721995,0.15119973202235534,0.10008474280342225,0.10378615216412665,0.10084698869019965,0.09737373126486869,0.0999524661631427,0.10378085288039456,0.14622418097565484,0.18730359193353244,0.1677269778369913,0.16108800761417078,0.1414770947116844,0.1369080906251508,0.1188551282165359,0.11325930609382814,0.1243727139060974,0.13881492944546636,0.1286946363077161
