,e_hbonds_s,hbonds_unsat_s,score_sc_s,hpsasa_s,rmsf_bb_s,e_hbonds_r,hbonds_unsat_r,score_sc_r,hpsasa_r,rmsf_bb_r,saltb_p,foldx,foldx_raw,SO_raw,SO,ddg
E4A,0.7590085831710845,0.5459381315287288,1.3278789599797476,0.014586395647280969,1.2791523755891534,-0.7173001222704872,0.4308964689319427,0.006814995172094447,0.016010288406744937,0.651401114179812,-1.3156011711508546,-0.8054821268140545,5.308,-0.08299437,0.14276783771501744,0.625
A15L,-0.13023115886728018,0.15428686325811905,-0.24954966661688358,-1.4119630986567977,1.2995210439902547,-0.0034574459454966857,0.035908039077661894,2.2474339634195912,-0.46014754828274335,1.0912840504793975,-0.8970007985119465,0.17223478031913186,-1.135,-0.12212524,0.21008119520911547,-0.15
E18A,-0.5274423012613226,-1.139349144059956,1.8796355623161598,-4.37591869418429,2.8577241766744943,-1.8600459629671795,-0.17954019538830948,0.0,-1.7371162921318255,2.914458433270021,-2.0332018099604117,-0.2549378246133405,1.68,0.27249837,-0.4687547247574357,0.95
D20A,-1.2253842176961598,-0.3916512682706098,1.0783292933628639,-0.37632900769984895,-0.1323963446071576,-1.7770472750385797,-0.0,0.0,-0.43346373427150175,-0.7206592786184701,-0.6179338834193409,-2.4464926240573073,16.122,0.708634,-1.2190000829133794,0.5
G23A,-0.09820632821841377,0.4213218188971712,0.48307320785470126,0.96561939185,2.0327931064298967,-0.34505510388423716,0.3770344103154499,0.0,-0.20931969657707267,1.9429722888466805,-1.8936683524141091,0.032929469012556487,-0.217,-0.031621844,0.05439624750982023,1.12
H24V,-0.5504196345347987,0.21956207463655403,0.6433344616453603,1.7153601281202417,1.951318432825492,-3.046139782020995,0.05386205861649284,-0.5679162643412039,0.0,1.0800529967866423,1.524901357470309,0.020941321307524404,-0.138,-1.0059882,1.730512082696965,0.52
D60A,-1.8929799767756479,0.5281358011527921,0.707438963161624,0.9977094622740182,1.877991226581528,-2.7921574016837427,0.05386205861649284,-0.2241376189933285,-0.334733622429908,1.3495982854127713,-1.6843681660946548,-0.3946983820352969,2.601,-0.094842166,0.16314854807655926,0.15
E109A,-0.5814120417026755,-0.6646203340349742,1.7102165225946058,-1.4469704482102719,2.6316319574222713,-0.16121091167253765,-0.0,0.0,-1.8008609589364581,2.6842218325685354,0.15946680862434603,0.01259514252554004,-0.083,-0.19262156,0.33134974840454234,-0.258
E109G,-0.4067118027477297,-0.46286058977435707,0.46246818951018787,-1.7882921063566466,0.11406454304616656,-1.3823988063349781,-0.17954019538830948,0.0,-1.3813321053152714,-0.15349106713432353,0.9966675539021627,-0.37284656849701053,2.457,0.20431904,-0.3514718835121968,0.917
H113Q,0.6787120439644952,-0.7773684264159074,0.6112822108872286,0.3150661459812689,2.018535038549126,0.6350808585723753,-0.9336090160192093,-0.001514443371576544,-0.06967440325157519,1.881201493536526,0.05980005323412976,0.0877107515633993,-0.578,-0.21286789,0.36617771029839963,0.26
H116A,0.18779861930154734,1.4123182098243203,0.8562529845386648,-0.8926874136135952,2.7029222968261255,-0.8874044642652562,1.1849652895628424,1.0790409022482874,-0.8538820483597298,2.6261947218226327,-0.9368675006680329,0.43020757903501217,-2.835,-0.16793713,0.28888731756341773,-0.2
H119F,-0.7649351668176816,0.1424186430074945,-0.7761223576433351,-1.6832700576962236,-0.33200929493794906,-1.1479519948516164,0.7540688206308997,2.8463963168781143,-2.264566349087367,-0.35565003360392033,0.019933351078043254,0.5042609471369826,-3.323,-0.81980395,1.410235866501912,0.68
D122A,-0.06472349494372226,0.23736440501249081,1.4194568192886956,-1.3507002369382177,2.7966181714711906,-1.7874196128750697,0.17954019538830948,0.2513975996817063,-1.149775897062164,3.036128181608204,-1.0365342560582493,-0.005007707269190619,0.033,0.14519522,-0.24976643121643383,0.1
F123T,0.16506559998158793,-0.12461631263155769,0.5792299601290967,0.1312775608255287,1.8922492944622986,2.1046752525385792,-1.9569881297325733,-0.17718987447445564,0.0,1.5573727787287457,1.1561343625265086,-2.5810937255049464,17.009,1.4006126,-2.409349361630297,3.5
F123A,-0.7910058299864893,0.1424186430074945,-0.01831557186178962,-0.708898828457855,1.0347283547759394,1.5422507219133323,0.46680450800960466,-0.04391885777571977,-0.10495633511088347,0.6439137450513084,-0.5581338301852111,-2.9317849830534164,19.32,1.4757967,-2.53868188608406,1.1
F123K,-0.7483809261931108,0.3204419467668626,1.0645926144665216,-1.067724161380967,2.753843967828878,1.1329230968688793,0.25135627354363327,0.0,0.0,2.3809833828641405,0.25913356401456233,-3.407820671036779,22.457,1.7315254,-2.9785892381209798,2.1
A125L,-0.105051059464517,1.2817677870674504,0.3663114372357924,0.4725992189719033,1.287299842949594,-0.2912748319805864,-0.035908039077661894,0.0,-0.2671346269347627,0.86666297662429,-0.09966675539021627,0.03505395088433433,-0.231,-0.043620467,0.07503641215312888,-0.6
G129A,-0.7421312176402497,0.023736440501249085,2.5023650056170066,-0.0437591869418429,2.700885429986015,-0.07522443086040188,-0.35908039077661896,0.0,-0.38098556671606004,2.349162064068,-0.8372007452778167,0.5296029808931897,-3.49,-0.31882718,0.5484500586410459,-1.05
A130L,1.0152939204100377,2.432985151378031,2.007844565348687,-1.9983362036774928,2.7212540983871163,0.4996908726893274,0.25135627354363327,0.0,-2.7051457670951997,2.86017500708837,-1.3355345222288981,-2.2580207322895878,14.88,0.80993235,-1.3932546304640028,2.3
A130K,0.8275780526088751,0.9731940605512123,0.7005706237134529,0.11669116517824775,1.2139726367056298,1.0414906390616692,-1.005425094174533,0.0,0.0,1.606040678064019,0.5182671280291247,-1.548899033231171,10.207,1.3771714,-2.3690255488530534,3.7
A144L,0.584331987501963,-0.29670550626561354,2.3512615377572423,-0.1312775608255287,3.5135952991899515,0.8441464194731892,0.4308964689319427,0.0,-0.4370215761396673,2.9331768560912796,0.7574673409656436,0.20121878299838666,-1.326,-0.22900912,0.39394403354611834,-0.4
H36Q,0.07894887191461036,-0.985062280801837,3.099910537607893,-0.8080863188593655,0.5092167100275293,-0.11358609266607175,-1.974942149271404,3.10233724667455,-0.17374127789541727,0.8123795504426391,0.9966675539021627,-0.47831191856026756,3.152,0.6963209,-1.1978189514394157,1.3
H48Q,0.39831055518486735,1.317372447819324,2.891570907680036,0.16336763124954684,2.825134307232732,1.0868171558500306,2.0647122469655588,1.6560438268189508,0.3949204473663751,2.0683857217491157,0.9568008517460762,0.2831630837669604,-1.866,-0.04492861,0.0772866942810857,0.62
H82Q,-1.3310815269732046,-1.0622057124308963,1.8727672228679886,0.33840437901691844,2.415724072370599,-0.1575236355052305,-0.21544823446597136,0.7390483653293535,-0.004743789157554055,1.787609379430231,-1.574734735165417,-0.9757441739665356,6.43,0.58551,-1.0072008096515446,0.05
I142A,-1.263765151684096,-0.7358296555387216,1.6667170394228554,0.24796872600377648,2.2955489288041018,0.22000747798266052,-0.0,0.0,0.0005929736446942569,2.1732088895481656,0.0,-2.1326763018546955,14.054,1.4092238,-2.4241624435794886,1.92
L11A,-0.33454855386466215,-0.11868220250624541,-0.03892059020630294,-1.8553895263341391,-0.1935023498104611,-0.04500675300149443,-0.17954019538830948,-0.022716650573648158,0.29470790141304565,0.16846580539133066,-3.229202874643007,-1.548899033231171,10.207,0.7410277,-1.2747240856931938,0.6
I28F,-0.26273207317368263,0.06527521137843498,0.3411275259258317,0.3500734955347432,1.8005902866573436,-0.04483687848972147,-0.0,1.147190853969232,-0.14231367472662165,1.3963943424659186,0.31893361724869207,-3.048783234706325,20.091,0.8603276,-1.4799450996320647,0.28
I28A,-1.4412671200092082,-0.1839574138846804,0.4647576359929116,-0.6447186876098188,1.7741110177359118,0.09434030974402952,-0.035908039077661894,1.7113210098814946,-0.06493061409402112,1.2260566947924623,-1.0166009049802058,-2.0825992291627893,13.724,1.644685,-2.829205416853257,2.06
I28M,-0.2422294038164719,-0.5222016910274798,-0.6502028010935316,-0.1750367477673716,-0.4481107048242257,0.1087696506263914,-0.0,1.7113210098814946,-0.006522710091636826,-0.8778940303170454,-1.6744014905556335,0.2519028505108008,-1.66,0.96455145,-1.6592321247981612,0.6
I28V,-1.6439137228083476,-1.1986902453130786,0.32739084702948945,-0.32965254162854984,1.8535488245002065,-0.28088250890741717,-0.0,1.7113210098814946,-0.4064834334379131,1.4226001344156813,-0.27906691509260556,-0.7557085515324025,4.98,0.2760064,-0.47478927695343903,-0.04
I28L,-1.96296804336289,-1.1037444833080825,0.7509384463333745,-0.5017720102664652,2.4849775449343428,-0.16482823951146772,-0.0,1.7113210098814946,-0.2784011261839536,2.000999399592583,0.05980005323412976,-0.5267197554957769,3.471,0.55390084,-0.9528263812995007,0.6
L29M,-1.6317374306088894,-1.3529771085711977,-1.6255070027338285,-0.00875183738836858,-0.24442402081321404,0.005445976995074259,-0.0,0.46644855844557553,0.00948757831510811,0.17595317451983428,-0.09966675539021627,0.11988147705032086,-0.79,0.061806515,-0.10632025405157955,-0.12
L29A,-1.4804913311915409,-1.7861671477189935,0.6318872292317419,-2.2871468374936557,2.067419842711769,0.7814927024839865,0.17954019538830948,1.0623820251609455,-2.093196965770727,1.9467159734109323,-0.20930018631945418,-1.769238153075558,11.659,0.5424622,-0.9331495056367238,2.37
L29F,-1.4977509298432,-1.0681398225562087,0.49909933323376715,-0.00875183738836858,2.1101940463540814,-0.6394376401684347,-0.5745286252425903,0.8390016278534053,-0.44947402267824677,1.8849451781007778,0.5780671812632543,0.3736053120226455,-2.462,-0.38077083,0.6550062138438125,0.13
L29I,-2.056733374393993,-1.9819927818542982,0.2060501834451332,-1.5986689629419941,2.0959359784733107,0.53074793048876,0.17954019538830948,0.1862765347039149,-0.9784065137455239,2.006614926438961,-0.3787336704828218,-0.7499421007375768,4.942,0.26140082,-0.4496645959037039,1.12
I30A,-1.2805715873574584,-1.1749538048118295,0.9340941649512706,1.3944594238800605,1.442101722797963,0.04046011165698289,-0.0,0.0,1.2197467871360863,1.5629883055751237,-2.132868565350628,-1.4026132814887542,9.243,1.300066,-2.2363879827849993,1.9
K56A,-1.8146537113877412,-1.0206669415537104,2.8732553358182464,-1.9166523880527189,3.1184431322085895,-1.8028082451180318,0.46680450800960466,2.967551786604238,-2.4750719929538283,3.221440567538668,-0.6378672344973841,-0.3962158690865668,2.611,0.06714766,-0.11550815104474157,0.35
K77A,-0.6900292967790078,0.3323101670174871,1.978081761073279,-2.427176235707553,2.281290860923331,-1.0811313560148061,1.2567813677181663,-0.6996728376683632,-2.451353047166058,2.0889759868525006,0.8471674208168383,-0.616099742815573,4.06,0.1851964,-0.3185769056455933,-0.2
L115A,-1.431313296677224,-0.15428686325811905,0.5929666390254389,-1.2252572343716013,1.9411340986249415,-0.6262473839601815,0.07181607815532379,0.0,-0.10881066380139615,1.3346235471557641,0.28903359063162715,-2.378660952865544,15.675,1.1876218,-2.042960220183814,1.4
K133A,-0.19997097095336824,2.0057292223555474,2.401629360377164,-1.371121190844411,2.7945813046310803,-1.8806507419834053,1.9390341101937425,0.0,-2.3549948299032413,2.549449188255471,-2.531535586911493,-0.4142739649966784,2.73,-0.041735202,0.07179335834634894,0.05
L137A,0.8677637574147247,0.8011048669171565,1.8407149721098568,-1.0414686492158611,2.1346364484354026,-0.8878741173272169,-0.0,0.0,0.2914465463672272,1.7258385841200765,-1.066434282675314,-0.5141246129702368,3.388,0.42306763,-0.7277656393116431,1.78
K140A,-0.24031035711707507,-0.8841824086715283,1.7605843452145271,-1.2923546543490938,2.3607286676876256,-0.684354459604873,1.364505484951152,0.006814995172094447,-1.4418154170740856,1.7258385841200765,-1.764101570406828,-0.17026204715248103,1.122,-0.08193782,0.1409503486619913,-0.438
I142L,-1.3768943338052115,-1.2461631263155768,1.4102990333578007,-0.7001469910694864,2.152968249996394,0.8289676322153585,-0.017954019538830947,0.0,0.0005929736446942569,1.768890956608972,-0.3388669683267353,0.12777240971692425,-0.842,0.27887964,-0.4797318563360682,-0.63
I142V,0.724489385867766,0.3204419467668626,1.3026950486697866,0.2800587964277946,1.7333736809337095,0.6627204408996696,-0.0,-1.41979066085301,0.0005929736446942569,1.3982661847480446,0.6179338834193409,-0.7104874374045599,4.682,0.25278598,-0.43484525238605526,0.12
I142M,-2.8232841657429946,-1.9997951122302353,1.8727672228679886,-0.21879593470921452,2.3648024013678457,0.29531184978977904,-0.0,0.0,-0.00029648682234712843,2.0496672989278566,-1.6744014905556335,0.07132189140968456,-0.47,0.7680371,-1.3211859557692003,-0.93
L149A,-1.207848780709885,-0.7120932150374725,-0.09386730579167181,-0.3442389372758308,0.5764333157511631,-1.2763871183703126,-0.39498842985428084,0.23549594428015255,0.3534122922377771,-0.3575218758860462,0.4784004258730381,-1.167251039836795,7.692,0.24349946,-0.41887047746701833,1.6
Q8A,0.02319012284589379,0.8901165187968406,0.9203574860549284,-1.29527193347855,1.3300740465919063,0.18321465725630556,1.2208733286405045,1.2130691406328118,-0.6104663672127374,1.2354159062030916,1.5149346819312872,0.10136813502482828,-0.668,-0.09476805,0.1630210529095969,-0.965
Q8G,-0.2215572909108544,1.1274809238093313,2.0650807274167797,-1.0297995326980363,2.8088393725118515,-0.5751651190082189,0.5745286252425903,2.695709201406248,-0.2920395200119215,2.6018607721549962,0.15946680862434603,-0.3500842627279623,2.307,0.16868955,-0.29018163881019066,0.543
L9A,0.42964184944955747,0.8367095276690301,1.1607493667409172,-0.6213804545741692,2.0327931064298967,-0.1219199363612863,-0.682252742475576,2.208815657444389,0.39254855278759804,1.7726346411732241,1.205967740221617,-0.6878768803406387,4.533,0.22102016,-0.38020133576081355,0.41
V13A,-0.6018595433929631,-1.0681398225562087,3.147988913745091,-0.21296137645030214,2.6621849600239234,0.4445915751648513,0.39498842985428084,0.23701038765172913,0.0,1.9747936076428207,1.4551346286971576,-1.4250720898475484,9.391,0.4403981,-0.7575777064251711,0.67
L29N,-0.6704802399500395,-1.9582563413530492,-0.7509384463333745,0.32090070424018124,-0.3442304959786098,2.7058311718480605,-1.8672180320384186,0.5777601462564516,0.00948757831510811,-0.40618977522131955,-0.9568008517460762,-1.5938166499487594,10.503,0.7635416,-1.3134527467039605,5.59
L29V,-3.410047471137212,-2.84837286014989,0.3411275259258317,-1.2340090717599699,2.0572355085112184,0.3188944290712015,0.1615861758494785,1.0623820251609455,-2.068885046338262,2.038436245235101,-0.8272340697387951,-0.7966807019166893,5.25,0.52817476,-0.9085720925509561,1.72
L49I,-1.787487575975746,-0.6883567745362233,2.7450463327857193,1.2923546543490938,2.717180364706896,1.010543500063972,0.3052183321601261,-0.24988315631012975,2.1127650960456372,1.9560751848215616,0.6478339100364058,-0.11183879567859047,0.737,0.29697615,-0.5108616739717486,0.8
T51A,-1.8027414358799865,-0.20175974426061719,4.0568991673864,-0.5338620806904835,4.108360416502106,-0.1255172789635372,1.1490572504851806,0.009843881915247535,-0.8651485476089208,5.068948899996927,-1.3355345222288981,-0.39909909448397957,2.63,0.726889,-1.2504025368085971,1.41
V114A,-1.8437743584278694,-1.1512173643105803,0.5815194066118204,0.5455311972083082,1.877991226581528,0.37073613301697267,0.017954019538830947,0.004543330114729631,1.9950598275738274,1.8213025405084973,-0.8372007452778167,-1.112166259875698,7.329,0.67819655,-1.1666412431263076,1.45
S117A,0.0014816459116492888,-1.139349144059956,0.8883052352967966,-1.4469704482102719,2.61533702270139,-1.246219403603103,-0.0,0.0,-1.2665917050669326,2.6093481412834993,-0.6378672344973841,0.18862364047284663,-1.243,-0.21171954,0.36420230586506225,0.3
R118A,-1.623801167667236,0.01780233037593681,0.22894464827237024,-1.674518220307855,1.7965165529771232,-1.7455605346505447,3.2317235169895704,-0.28850146228533163,-2.3541053694362,1.7464288492234612,-0.2990002661706488,-0.5667814136493018,3.735,0.6685779,-1.1500951344898114,0.65
M131A,0.7842083853120345,0.3323101670174871,0.4739154219238064,-3.375291952780816,-0.2729401565747557,0.09523964539459222,0.07181607815532379,0.0,-0.6605726401894021,-0.2695452886261291,-1.0365342560582493,-2.621307132363598,17.274,1.0527173,-1.810895999887599,2.2
R139A,-1.0652048967849046,-0.023736440501249085,1.0279614707429425,-1.9691634123829307,1.2567468403479423,-1.9406963855859762,1.7954019538830948,0.0,-2.2959939522561625,0.9864608826803474,-2.3720687782871472,-0.4050172939839321,2.669,0.2702108,-0.46481962141823635,0.45
