,e_hbonds_s,hbonds_unsat_s,score_sc_s,hpsasa_s,rmsf_bb_s,e_hbonds_r,hbonds_unsat_r,score_sc_r,hpsasa_r,rmsf_bb_r,saltb_p,foldx_raw,foldx,SO_raw,SO,ddg
R14A,-0.5762007969219599,-0.47434251791166115,0.13444687583741663,-0.6472483757399548,0.42433467909236405,-1.726024814808157,2.0772185083543793,0.736234380909349,-1.5700392246173982,0.14677263081551345,0.9075976882975302,4.585,-0.38163708286947096,-0.012115747,0.018534840823971423,3.0
R14K,-0.26946927151867084,0.9255463764129975,0.6956164445501122,0.6381322014337582,1.1554173189743888,0.025039397485517766,1.4612157782906665,1.5684309353987627,0.5414455777053667,1.1454317683231308,1.3730324002449816,0.615,-0.051190143067551715,0.08369845,-0.1280430705562877,0.015
Q69P,-1.0328753680366065,-0.1677552807248558,0.07599171242984418,-0.7498053366846658,0.5777086594871944,-0.6423804011002356,-0.744933534030536,0.0,0.38492599921615056,0.38130621613927207,0.698152067921177,8.234,-0.6853652650702778,1.1600791,-1.7747053864459226,3.04
R80K,0.7574975797665101,-1.382534899766915,0.7540716079576846,0.7520843802612149,0.9884100958777959,0.07251914989757266,0.5300488607524968,-0.6276870042368167,1.3770663892487718,1.3602947948778,0.3025325627658434,0.922,-0.07674359659883363,-0.04844126,0.07410612349470602,0.185
P86G,-0.3894045738626545,0.7520064308355605,1.597774466473647,-1.6135628521967884,0.6731413583995334,-0.2509346278185746,0.45842063632648367,1.709227894995743,-1.3324557602005425,0.5144607678069544,0.6283368611290594,11.407,-0.9494731088968495,0.48793676,-0.7464525446730067,1.91
R96G,-0.6253526624046448,0.017353994557743703,1.0931115557216047,-0.4740410639222203,0.6032709895529995,-2.0185766930260485,1.6331235169130982,0.18405859522733725,-0.20571872938240626,0.5749855640195373,0.17453801698029425,13.172,-1.0963846577004737,1.2472599,-1.9080758051998374,2.9
R96F,0.21633220880777698,-0.09255463764129976,0.5592210632657764,-1.123568483238724,0.524879844017864,-1.6457541344715192,1.6187978720278955,-0.7912946444388943,-2.4087190507241103,0.40400301471899064,0.4770705797461376,43.074,-3.5853076788483293,0.9374002,-1.4340480612015898,4.2
R96H,-0.963883290525405,-0.49748117732198616,-1.6601266407750574,-0.6632016807757987,-1.3087912993692192,-1.238036661158947,0.5443745056376993,-3.187202683167395,-0.44228252227815973,-0.611300441747087,-0.32580429836321595,35.754,-2.976020122336982,0.9238912,-1.4133818022667481,3.128
R96A,-0.4289068516859762,-0.6825904526045857,1.5061947104684499,-1.005058217258169,1.1520090082989483,-1.548690642813949,1.6331235169130982,0.18405859522733725,-1.4402860235571195,1.1076037706902664,0.5585216543369416,7.336,-0.6106193325911535,0.62998605,-0.9637615541222924,2.0
R96I,-1.0183960380410695,0.12726262675678718,1.5061947104684499,-1.2056140519944931,1.1520090082989483,-1.4832064953316624,1.6331235169130982,0.18405859522733725,-1.9977914277198487,1.1076037706902664,0.6748803323238045,8.467,-0.704759254232456,0.57923496,-0.8861218200808794,2.85
R96K,1.35058268083911,0.20824793469292444,0.9274885927334829,-0.034185653648237044,0.5351047760441859,-0.939218419678551,0.11460515908162092,0.18405859522733725,0.0,0.699061396255332,0.5934292577330005,2.246,-0.18694806720279863,0.2947673,-0.45093917738723266,0.25
R96L,-0.7479832512845943,0.24295592380841186,-0.3370914423170011,-1.8163977305096615,-0.03578726209212709,-1.713400893807394,1.6331235169130982,-1.4063964455832434,-2.326635493275368,0.03328863791692058,0.7214238035185496,7.09,-0.5901432753641328,0.33457926,-0.5118440759040404,3.2
R96D,-1.978445885537353,-0.7520064308355605,0.5903971504164818,-0.6837130729647408,0.4567136305090505,-1.5532568804927598,1.2893080396682353,-0.7905080692456151,-0.62403897091466,0.571959324208908,-1.0355922340830794,16.116,-1.3414314563848186,1.5622786,-2.3899958602384914,3.5
R96M,-0.007878022335234028,0.3008025723342242,1.5061947104684499,-0.9822677814926777,1.1520090082989483,-1.7606852294856907,1.6331235169130982,0.18405859522733725,-1.8810390385536258,1.1076037706902664,0.5585216543369416,2.905,-0.24180059448981744,0.3952458,-0.6046526053526246,2.7
R96E,-0.8396130964944457,-0.41649586938584887,0.37606155125538276,-0.25069479342040496,-0.1806404657983558,-0.2410335133081722,1.6331235169130982,0.18405859522733725,0.0,-0.1240758322357949,1.4893910782318445,8.792,-0.7318109558535199,1.0968026,-1.6779041033390676,2.5
Q105E,0.6590486926107086,0.3470798911548741,0.2533057080994806,0.011395217882745681,0.034083106754406754,-0.5080769938795267,0.5730257954081046,-0.7267954785899983,0.267153938528825,-0.3101895805894872,2.0479127325687863,0.066,-0.005493576329200673,-0.0025275946,0.003866749906425887,1.1
Q105G,-0.1840151624108119,-1.2205642838946404,0.30006983882553856,-0.6723178550819952,0.5879335915135165,-2.6853972136282773,0.02865128977040523,0.0,-0.6334709324848571,0.2481516644715898,1.3381247968489227,6.855,-0.570582814191979,0.58310497,-0.8920422160199145,3.11
Q105A,-1.3201130768658178,-0.2140325995455057,0.15393193030660746,-0.5150638483001048,0.4925008926011776,-2.068310251767445,0.5873514402933071,-0.7905080692456151,-0.8205806566071449,0.05144607678069543,2.4435322377241198,1.234,-0.10271323015505499,0.07632394,-0.11676144103688742,0.733
R119E,-1.738182699334355,-0.4280651990910114,1.5529588411945079,-0.18004444254738178,1.4468278817245668,-0.9834737959835999,1.346610619209046,1.570004085785321,-0.22815150284665875,1.2241140033994884,1.3730324002449816,-1.488,0.12385517542197878,0.10378878,-0.15877754104754654,0.113
R119H,-0.828511946930768,-0.3065872371868054,1.2821165840727555,-0.8181766439811399,0.771982367987313,-0.8714022991734195,1.0314464317345882,1.570004085785321,-0.9722567953711246,0.5916298829779976,0.7563314069146084,-0.006,0.0004994160299273339,0.11810517,-0.18067895660400346,0.295
R119M,-1.1716149950501187,0.543758496142636,1.1905368280675588,-1.0027791736816198,0.7191535525179825,-1.0092557770573978,1.9053107697319478,1.570004085785321,-1.9753586542555965,0.5916298829779976,1.0006846306870203,-4.608,0.3835515109841924,-0.13765922,0.21059301837947453,0.067
R119A,-1.081901871354828,-0.49748117732198616,0.2747392680155905,-1.189660746958649,0.2266526599168049,-1.2108802490577182,1.8050312555355295,1.570004085785321,-1.6758301449317707,0.09381343412950344,1.5126628138292169,-1.884,0.15681663339718283,0.012570024,-0.019229800192551116,0.19
Q122A,-0.580637957743103,-1.1048709868430158,0.9002095164766156,-2.324624448080119,0.7004078438030588,-0.006364071629383678,1.2320054601274248,-0.7983738211784073,-1.1338747314658526,0.2769009426725666,1.9431899223806093,0.63,-0.05243868314237005,0.028728068,-0.04394860404069407,0.22
Q123A,0.06933517396131222,-0.3933572099755239,-1.387335878206386,-1.5588658063596093,-1.5422605806369056,0.7128216197288487,0.5443745056376993,-1.6942829663234378,-0.8083445983539161,-2.0230413134055825,1.140315044271256,-0.846,0.07041766021975407,-0.117322594,0.17948176078993933,0.21
Q123E,-0.7335534063539773,-1.4924435319659586,-2.811693359904235,-0.09571983021506371,-1.4996566971938972,0.28960759942927156,0.5443745056376993,-3.390139083033434,0.6778266436528109,-1.547921663136807,0.7679672747132947,0.87,-0.0724153243394634,-0.106612355,0.16309708594886754,-0.4
I3W,-0.05672967842407217,-0.3008025723342242,0.6020881830979962,0.5629237634076366,1.1724588723515923,-0.5475576879897563,-1.002795141964183,0.0,-0.7777544527208445,1.1499711280390745,1.0239563662843931,14.711,-1.2244848693768347,0.9628732,-1.4730170162572727,2.8
I3Y,-0.47609910859783666,0.6478824634890982,-0.2552542135463997,0.3646469722478618,0.4311513004432454,-0.15467885866053718,-0.673305309604523,-0.7928677948254528,-0.38467108133587496,0.22848110570250033,1.838467112192433,12.037,-1.0019117920392195,0.9173193,-1.403328016857474,2.475
I3T,-0.3849476190155435,-1.5965674993124208,-0.23382065363028978,0.6221788963979142,-0.10906594161410162,-0.09264055958351551,-1.8623338350763399,-0.3822755439337004,1.7214604455011024,0.20124494740683802,1.3730324002449816,10.743,-0.8942044015848912,1.009719,-1.5446823825175289,2.15
I3V,0.4375205519863515,0.10412396734646222,-1.5568558520883462,-0.38515836443680396,-1.6922262503562953,-0.05598689422165068,0.14325644885202615,-2.8403230229312597,-0.5123849393539488,-1.4601607086285617,2.164271410555649,4.425,-0.36831932207140866,0.08060488,-0.12331048349188191,0.5
K16E,-0.17298988994667786,0.02313865941032494,0.740432069829251,-0.9799887379161285,1.2747081926148127,-0.09337011538954518,0.6876309544897254,1.7312520004075609,-0.2487998511489821,1.2180615237782302,-0.8377824815054125,0.535,-0.0445312626685206,-0.101641744,0.15549297506054333,-0.5
L32A,0.8417607483119655,0.8966230521500913,-0.04676413072605795,-1.050639088789152,0.5794128148249148,-0.16505548722308394,0.1002795141964183,0.0,0.2470154259870529,0.600708602409885,-0.11635867798686284,5.342,-0.44464673864530285,0.7512181,-1.1492240558990088,3.0
L33A,-1.0699693727004975,0.17932461043001827,0.1597774466473647,-0.19599774758322572,0.6969995331276181,-0.26062078392184335,-0.014325644885202615,-0.044834786016915484,-0.13179254410248334,0.5023558085644378,1.7453801698029425,16.492,-1.372728194260265,1.4174483,-2.1684324224258638,3.9
L33M,-0.1641485583476715,-0.45698852335391754,0.4715383181544177,-0.33046131859962474,0.787319766026796,-0.3293162797288856,-0.2005590283928366,-0.02831670695805188,-0.030080309872520375,0.7338631540775673,-0.11635867798686284,1.488,-0.12385517542197878,0.52525234,-0.8035384458191903,2.3
L39P,-0.948582508452199,-0.8098530793613729,-0.9742527234595408,0.0820455687557689,-2.481250171720812,-1.2306889919696484,-1.2033541703570196,0.3044045997990577,1.1749165101902237,-3.9447035931550882,1.349760664647609,-3.277,0.2727643883453122,0.29920182,-0.45772316869463764,2.8
L39A,0.831909921388595,0.566897155552961,0.2883788061440241,-0.6176208092448159,-0.7038161544784995,-0.22377821571734582,-0.02865128977040523,0.3044045997990577,0.23681871077602903,-0.5326182066707292,1.7221084342055701,4.783,-0.39811781185707296,0.3387149,-0.5181708363675305,0.9
K48A,0.052454168815000445,1.5965674993124208,-2.174532078761695,-0.9936629993754234,-0.9935225618909568,-0.6479888613590886,1.5471696476018824,1.5015720439700289,-1.0760083726432923,-1.0682626531520876,0.7446955391159222,0.08,-0.006658880399031118,-0.036987543,0.056584065511998426,0.82
I58Y,-0.6396604441751265,-1.5965674993124208,-1.835492130997775,0.3464146236354687,-2.0211282305363203,0.2287743702104239,-1.2893080396682353,-3.2163059653187265,0.05863111246338717,-3.465044583170369,-0.09308694238949028,60.528,-5.038108909906944,1.313077,-2.0087637340576627,3.11
K60P,0.5715920878757614,-0.3239412317445491,0.25915122444023786,-0.45580871530982725,0.48568427125029623,0.058963742465896675,0.14325644885202615,-0.001573150386558438,-0.8651912856553741,0.24663854456627515,2.5133474445162376,-2.938,0.2445473826544178,0.1829701,-0.2799102423520509,-0.033
K60H,-0.25736522463928485,-1.1916409596317343,0.4988173944112849,-1.3264033615515973,1.1486006976235077,0.01075443424781213,0.5730257954081046,0.0,-1.8616652796526802,1.109116890595581,0.7912390103106673,2.25,-0.18728101122275018,-0.060011834,0.09180695096592859,0.36
L66A,2.3344117515315266,0.23138659410324938,0.5085599216458804,-0.6130627220917176,1.2491458625490075,0.14017242312457254,-0.0,0.07944409452120112,-0.8901732379223827,1.0183296962767068,0.09308694238949028,9.925,-0.8261173495047981,1.4263172,-2.182000190866697,4.1
K83H,-0.10546916836575874,0.5090505070271487,1.4613790851893111,-0.9913839557988742,0.6901829117767367,0.8152655854558878,0.4870719260968889,0.26192953936197994,-1.4578753572961356,0.6491284393799512,-0.3490760339605885,5.211,-0.43374282199188946,0.020185292,-0.03087974469963625,0.433
K85A,-0.4550580589939327,-0.01156932970516247,1.3444687583741664,-1.4130070174604643,0.8997940183163383,-0.22734782805399092,1.3752619089794509,0.657576861581427,-2.0248127230290622,0.9018194635674848,0.6050651255316868,3.235,-0.26926847613582083,0.10401249,-0.15911977576412906,0.6
L118I,-0.9088295062999504,-0.11569329705162469,0.9606131853311072,-0.4375763666974341,0.7089286204916604,0.16880748851123645,0.14325644885202615,-0.21394845257194756,-0.39486779654689885,0.6400497199480638,0.3490760339605885,5.625,-0.46820252805687546,0.34554863,-0.5286251730076071,1.2
L121A,-1.00933037414776,-1.8973700716466446,1.2938076167542703,-2.577598285077073,1.4366029496982446,-1.1802975302246002,-0.2865128977040523,0.0,-0.14938187784149948,0.9653704995906967,2.769336536087336,14.731,-1.2261495894765924,1.964112,-3.00472626908206,4.2
L121I,0.3375541228396758,-0.41649586938584887,0.011691032681514488,-0.9959420429519725,0.0817994562105762,-0.43047700890424745,-0.0,-0.001573150386558438,-0.0007647536408267891,-0.12710207204642401,2.6064343869057276,1.242,-0.1033791181949581,0.24340995,-0.3723719782379777,1.3
K124G,-1.3093649207652347,-1.5734288399020957,0.18315951201039368,-0.7839909903329029,0.29822718410105914,-1.7029982096803462,0.4011180567856732,0.0,-0.8325617969800978,0.3011108611575998,1.6522932274134523,0.99,-0.08240364493801008,-0.5676856,0.8684534460863793,0.1
L133A,-0.9694948968873115,-2.065125352371501,0.49102337262360857,-4.852083774473111,0.6237208536056436,-0.061693062847382615,-0.0,0.0,-1.171602577746641,0.5764986839248518,2.583162651308355,14.915,-1.241465014394364,1.6803203,-2.570577719540356,4.2
L133D,0.3660212311858795,0.01156932970516247,1.005428810610246,-4.216230616615902,1.4178572409833208,2.7720254517031733,-0.8595386931121569,0.0,-0.11165403156071121,1.2498370417898363,0.7912390103106673,15.822,-1.3169600709183793,1.9381027,-2.964936874714307,5.8
K135E,0.47975110638891877,0.3065872371868054,0.9274885927334829,-1.8733738199233898,0.8043613194039994,0.8050192347158462,0.9025156277677647,0.0,-0.9801592496596682,0.7262975545509944,3.7234776955796107,4.997,-0.4159303169244812,0.21247861,-0.325052777583479,1.0
K147E,0.3910111889703844,0.7404371011303981,0.5144054379866375,-0.7178987266129779,0.7481241932592283,1.6396766740516473,0.6589796647193202,1.533821626894477,-0.7759700275589154,0.5432100460079312,2.53661918011361,0.511,-0.042533598548811266,-0.012432903,0.01902003055072682,0.7
T26S,-0.8573485437617062,-1.3883195646194963,-0.3565764967861919,0.0045580871530982725,-0.14144489303078803,0.39414252420752055,1.117400301045804,-0.7205028770437646,0.06959258131523782,-0.15282511043677174,0.7446955391159222,2.905,-0.24180059448981744,0.28023356,-0.4287052567319906,-0.585
M6I,2.6228272049058297,-0.04627731882064988,0.31176087150705306,-0.1618120939349887,0.6169042322547623,-0.8540362654334637,-0.07162822442601308,0.0,0.0,0.31624206021074547,1.559206285023962,14.548,-1.2109174005638088,0.5101927,-0.7804999959187169,4.78
L7A,0.5755640890866582,0.3933572099755239,-0.6761313900809214,0.009116174306196545,-1.3633242701762702,-0.08761183563481112,-0.11460515908162092,0.6512842600351934,0.0,-1.233192722831376,1.9315540545819234,14.964,-1.2455435786387705,1.2979182,-1.9855735877891398,3.9
P37A,-0.6154160613687466,-0.18510927528259952,1.071677995805495,-0.25525288057350326,1.7689132405537105,-0.4682575774307831,1.1460515908162092,0.06607231623545438,-0.452224319608908,1.8913998816432145,2.071184468166159,2.276,-0.18944514735243528,0.089036226,-0.13620887564564907,0.1
N40A,-0.04530192743192365,-0.07520064308355605,0.3195548932947294,0.052418002260630134,0.9014981736540587,-0.11735426251277006,0.4011180567856732,1.3057148208435037,-0.3780432164487094,0.8533996265974184,2.071184468166159,-1.958,0.1629760977662866,-0.21143773,0.32346042466319636,-0.188
N40D,-0.5305029889706777,1.0990863219904345,1.1574122354699345,0.33729844932927217,1.6496223669132868,0.15832012379956018,0.11460515908162092,1.8901401894499634,0.09712371238500223,1.5766709413377837,-0.9541411594922752,-4.518,0.37606027053528235,-0.21438476,0.3279688327665901,-0.42
N53A,-1.0762011918760657,0.6131744743736108,-0.8690334293259104,0.09116174306196545,0.08861607756145755,-1.1219526074156037,0.4011180567856732,-0.8542206599012319,-0.05429750849870203,0.10743151327733459,1.1635867798686284,2.272,-0.1891122033324837,0.0047617257,-0.007284555207113017,0.8
N55G,-0.7768660341761244,0.41649586938584887,-1.720530309629549,0.3623679286713127,-1.91717475493538,-1.238681536380348,1.2320054601274248,0.0,-0.04180653236519781,-1.3950965527000352,0.04654347119474514,-5.369,0.4468941107799759,-0.042917848,0.0656563298315325,0.6
L66P,0.44745715302224964,-0.34129522630229286,0.28058478435634776,0.28715949064519114,0.5760045041494741,-1.2367403968250192,-1.1460515908162092,-0.019664379831980473,1.0132985740954956,0.44485725216248406,2.53661918011361,19.493,-1.6225194452289196,2.197589,-3.361902680165782,12.23
N68A,0.5644101554537327,-0.3817878802703614,-0.9372311199680782,-1.5611448499361584,-0.8333319601452451,-0.22124431206961784,1.117400301045804,-2.152856304005222,-0.3403153701679212,-0.6506415592852658,2.699521329295218,0.595,-0.049525422967793935,-0.36223325,0.5541495402553261,-0.05
P86A,-0.5849629524170945,0.46277318820649876,1.0677809849116568,-1.6203999829264357,0.011929087364042364,0.3234342360427715,0.9454925624233725,0.3390139083033434,-1.6381022986509823,-0.3101895805894872,-0.09308694238949028,9.288,-0.7730960143275128,0.11971897,-0.18314777062939744,0.4
L91P,-1.7946319623905485,-0.8561303981820227,1.5627013684291033,0.2757642727624455,1.2389209305226856,-1.024022768238373,-1.0887490112753986,1.6014670935164899,0.16212777185527932,1.1257612095540412,1.140315044271256,29.599,-2.4637025116365256,1.7907069,-2.7394486987791438,9.603
L99G,0.3781912581518252,-0.6131744743736108,-0.35462799133927286,-4.011116694726479,-1.0378306006716858,-0.06900164868992968,0.02865128977040523,0.8605132614474655,-1.7314022428318507,-0.8745833052718224,1.559206285023962,21.656,-1.8025589240177236,1.980818,-3.030283343755645,6.5
M102V,-0.26450427000504967,-0.1504012861671121,-0.29812133337861946,-1.0597552630953484,0.126107494991305,-0.45328865562492465,-0.6016770851785098,0.0,-0.6250586424357624,0.012104959242516575,1.5359345494265895,14.04,-1.1686335100299612,0.4730749,-0.7237166614090076,3.3
M102K,-3.0702678629064395,-2.915471085700942,0.7014619608908693,-0.5857141991731281,1.186092115053355,-0.18594553606180805,-3.4954573519894376,0.0,0.0,0.801953549816723,0.20944562037635311,16.319,-1.3583283653973601,1.4400475,-2.203004997666094,6.0
M102A,-0.15789694514613528,-0.9486850358233223,0.7014619608908693,-0.3418565364823704,1.186092115053355,0.5092494942820742,-0.05730257954081046,0.0,-0.009686879450472663,0.801953549816723,0.09308694238949028,17.459,-1.4532174110835536,1.347362,-2.0612134111308023,2.85
M106A,-0.5288699818283239,-0.22560192925066813,-0.30006983882553856,-1.0483600452126027,0.7140410865048215,0.6205588658305986,-0.0,-0.09753532396662315,-0.17334415858740557,0.7989273100060938,-0.43052710855139253,11.515,-0.9584625974355415,0.87047076,-1.3316584589065315,2.067
N116D,0.06536317275041532,0.3817878802703614,0.0935282614521159,-0.4968314996877117,-0.0408997281052881,-0.2113627392325912,1.2893080396682353,-0.3421602090764602,-0.1634023612566573,0.07716911517104316,1.1170433086738831,-4.661,0.3879630192485505,-0.27868477,0.426335895922479,-0.6
N116A,-0.34643174348628997,0.057846648525812346,0.8242178040467715,-0.2575319241500524,-1.0071558045927196,-1.2669843933196236,1.0314464317345882,1.54090080363399,-0.4491653050456008,-0.9124113029046867,2.071184468166159,-0.412,0.03429323405501025,-0.16476169,0.25205475964779755,-0.185
M120A,-0.39999437775549423,-0.5900358149632858,-2.663606945938384,-1.8346300791220547,-1.180979649040194,-0.5850125619600287,-0.7735848238009412,-2.718403867972981,-0.13663598382771966,-0.674851477770299,1.675564963010825,5.961,-0.4961698257328062,0.37927002,-0.5802126315450841,0.2
N132M,-0.04763432349181077,-0.3355105614497116,1.1554637300230153,-0.8204556875576889,1.5371481146237447,-1.5434274187847352,1.2033541703570196,1.7682210344916842,-1.652887535706967,1.328519276866194,2.1875431461530215,-3.554,0.29582076172695737,-0.24495098,0.3747294676899252,-1.5
N132F,-2.538847750732581,-1.307334256683359,0.7501745970638464,-2.3132292301973734,0.21813188322820323,-1.3890872824627116,1.2033541703570196,1.7682210344916842,-2.2644355304881225,0.4993295687538087,1.3730324002449816,-1.021,0.08498396109263463,-0.16662619,0.25490709807284845,-1.3
N132I,-1.8921736233561532,-0.7288677714252355,-1.5588043575352653,-3.5530289358401035,-1.3104954547069396,-2.5395316496602236,0.45842063632648367,0.8148919002372709,-2.0579520474648896,-1.2740469602748694,0.9075976882975302,0.269,-0.022390485341742136,0.07284349,-0.1114369994860865,-1.2
P143A,-0.0945989491050401,-0.9255463764129975,-0.7579686188515227,-0.8364089925935331,-0.9884100958777959,0.46676589636309745,1.0314464317345882,0.0,-0.8952715955278946,-0.31624206021074547,0.6516085967264319,6.886,-0.5731631303466035,0.39382127,-0.6024733392455515,1.0
N144D,-1.0599436985477433,-0.7404371011303981,0.931385603627321,0.5652028069841858,0.8299236494698045,-0.008253100055710462,-0.17190773862243136,0.06921861700857128,0.29290064443666025,0.9941197777916735,1.0821357052778244,-10.433,0.8684012400386456,-0.2360051,0.36104393415820407,-0.4
N144H,-0.8400584620787239,-0.3470798911548741,1.0307593814201943,-0.08660365590886718,0.8623026008864908,0.5037257146078498,-0.7019565993749282,0.06921861700857128,-0.005863111246338717,1.0637232934361438,1.8151953765950604,-0.73,0.060762283641158946,-0.12871015,0.1969026047407135,0.12
I3L,0.8616471464010739,2.3370046004428184,0.08963125055827775,0.12078930955710422,0.5964543682021183,-0.005471668545222405,0.14325644885202615,-0.020450955025259693,-0.6051750477742658,0.505382048375067,1.966461657977982,2.206,-0.18361862700328307,0.043947607,-0.06723166968899667,-0.836
I3D,0.5605668154116273,-0.24295592380841186,-1.139875686447663,0.12534739671020248,-0.11929087364042364,-0.07341806687285919,-1.002795141964183,-1.8610369072986321,1.014318245616598,-0.15131199053145716,0.698152067921177,11.286,-0.9394015522933149,1.725174,-2.639195543093965,2.87
I3P,-0.9598684022582442,-1.8337387582682512,0.044815625279138877,0.2666480984562489,0.5112466013161013,-0.06359511905595992,-1.002795141964183,0.0,1.7214604455011024,0.38584557585521573,1.7686519054003151,4.263,-0.3548350892633707,1.2711189,-1.9445756402673027,3.0
I3M,-0.05223313552502528,0.08098530793613727,-2.279751372895326,1.10761517820288,-1.2576666392376092,-0.2891972242883799,-0.0,0.0,-0.15957859305252334,-1.5343035839889758,1.4661193426344719,3.479,-0.28957806135286573,0.6055289,-0.9263466607394913,0.76
I3E,0.1568346657525233,-0.7057291120149105,-2.414198248732742,2.1377428748030898,-2.32276372531282,0.629743452317222,-0.17190773862243136,-0.24147858433672023,1.7214604455011024,-2.52539712197002,3.397673397216395,5.491,-0.4570489033884983,1.4972281,-2.2904806868843637,1.72
I3S,-0.9153252458217577,-2.0072787038456883,0.23576915907720886,1.0141743915643655,0.5487380187459487,-0.0019215978819531064,-0.7592591789157386,-0.4892497702196742,1.7214604455011024,0.5825511635461101,2.3039018241398845,16.545,-1.3771397025246233,1.4579136,-2.2303368096992404,1.8
I3F,-1.255581253206055,-0.9486850358233223,-1.1749487844922062,0.3259032314465265,-0.21472357255276256,-0.05551789406063161,-0.9168412726529673,-1.1342414287086338,-0.7127503932505675,-0.5386706862919876,3.0951408344505515,15.86,-1.320123039107919,0.61197615,-0.9362097548188205,1.042
I3G,-0.004275509609071733,-0.1504012861671121,0.20849008282034173,-0.9275707356554984,0.529992310031025,-0.2845072226781893,0.12893080396682352,0.0,0.15983351093279896,0.5401838061973021,0.3490760339605885,17.92,-1.4915892093829706,1.659393,-2.538562840525839,2.03
E11M,-0.4091821048089393,-0.6247438040787734,0.33903994776392016,-0.4968314996877117,0.5027258246274996,-2.0362488796488916,-0.07162822442601308,0.0,-0.6696692714839917,0.38130621613927207,-0.9192335560962165,-0.285,0.023722261421548357,-0.75211525,1.150596528635954,-1.6
E11F,0.1897455329285261,1.6197061587227457,0.526096470668152,-0.41934401808504107,1.1690505616761515,-2.471526626312459,-0.0,0.0,-1.6816932561781093,1.038000255045796,-1.3032171934528638,-4.984,0.4148482488596386,-0.6315069,0.9660881719253166,-1.7
I17M,0.4205108856712482,-0.7635757605407228,-0.14029239217817388,-0.33274036217617387,-0.19768201917555916,0.3217601660235785,-0.0,-0.9887250179519783,0.07418110316019855,-0.2723615829566229,1.2101302510633736,-1.692,0.14083532043950814,1.1709845,-1.791388621340291,2.75
E22K,-2.352988444902424,-1.8163847637105075,0.17731399566963643,0.47176202034567116,0.6850704457635758,-2.779268898634468,-1.3895875538646536,-0.050340812369870015,0.5246209976071774,0.30867646068417265,-0.3490760339605885,-2.299,0.19135957546715673,0.22466347,-0.34369334845066335,-0.585
G28A,0.25242661516028764,-1.2263489487472217,0.46764130726057956,0.34869366721201783,1.1997253577551177,-0.9589750514614791,-0.8595386931121569,0.0,0.0,0.886688264514339,1.838467112192433,13.818,-1.1501551169226498,-0.5545796,0.8484037022415326,2.1
G30F,1.1665510234066578,0.4396345287961738,-0.978149734353379,-0.802223338945296,-1.886499958856414,0.3495614533462085,0.5443745056376993,0.0,-2.089306946738788,-1.2483239218845217,1.2799454578554912,27.878,-2.3204533470523687,0.49007827,-0.7497286569071878,1.5
G30A,1.336020875735373,1.6312754884279081,0.1461379085189311,-0.3578098415182143,0.6100876109038809,-0.04777287751269181,-0.47274628121168627,-0.011012052705909065,-0.938607635174746,0.5734724441142227,1.4893910782318445,19.536,-1.6260985934433991,0.36082676,-0.5519978719949615,-0.1
H31N,0.7402536841441197,0.4049265396806864,-0.4130831547468453,-0.6404112450103072,-0.1039534756009406,1.856217956728824,-0.3438154772448627,0.0,0.2885670404719751,0.11953647251985118,1.1635867798686284,1.508,-0.12551989552173656,0.8797364,-1.3458331658009741,4.0
E45A,0.6043544998570047,1.4230275537349837,0.931385603627321,-1.2261254441834353,1.6087226388079987,-0.21440472638808983,-0.0,0.0,-1.470876169190191,1.3618079147831144,-0.02327173559737257,-1.458,0.12135809527234212,0.0323489,-0.04948780395716163,-0.265
G51D,-0.6789152966738491,-0.7520064308355605,0.7521231025107655,0.2757642727624455,1.891612424869575,-0.6377164550545461,-0.9741438521937777,0.0,-0.05200324757622167,2.000344514825864,2.3039018241398845,19.892,-1.6557306112190875,0.6044823,-0.9247455572824476,2.63
G77A,1.2774866419438917,-1.3478269106514276,0.41698016564068346,-0.6996663780005848,0.923652193044423,0.46167854739426567,-0.3581411221300654,-0.5034081236987001,-1.9669463642065017,1.0198428161820214,1.0588639696804518,-4.214,0.35075652501896415,0.39905494,-0.6104798815062304,1.2
F104A,0.514674366204994,-0.44541919364875504,0.4520532636852269,-0.5720399377138332,0.5828211255003555,0.6890133476660061,-0.014325644885202615,-0.7692705390270762,-0.06933766343496221,0.5795249237354809,0.8726900849014713,13.747,-1.1442453605685097,1.0553554,-1.6144975915821527,2.8
G113E,1.34258259534374,0.46277318820649876,-0.17536549022271733,0.5059476739939083,-0.008520776688601689,1.6875212043667172,0.2865128977040523,0.0,0.6378045364495422,0.10591839337202003,0.698152067921177,-0.228,0.018977809137238687,0.15166359,-0.23201710133449172,-0.3
G113A,-0.039551762888241526,-0.7635757605407228,0.8865699783481821,-1.2443577927958285,0.3135645821405421,-0.6281605767737826,-0.14325644885202615,0.0,-0.4193399130533561,0.3828193360445866,0.32580429836321595,-0.913,0.07599447255394264,0.050797492,-0.07771072047616724,-0.397
E128K,-1.055348185518857,-2.1634646548653818,0.8943640001358585,-0.7953862082156485,1.5132899398956599,-0.7146389953527976,-2.8364776872701176,0.0,0.6617668171954483,1.458647588723247,0.7912390103106673,-1.863,0.15506867729243715,0.23826066,-0.3644945216926679,1.23
E128A,0.4247830962759919,-0.8908383872975101,0.8943640001358585,-1.103057091049782,1.5132899398956599,-0.8168875443460787,0.17190773862243136,0.0,-1.398989326952473,1.458647588723247,-0.02327173559737257,2.226,-0.18528334710304084,0.004338175,-0.006636601366100846,-0.16
I150V,-0.9204584965561061,-1.4345968834401461,0.17341698477579826,-0.7885490774860011,0.6578039603600504,-0.4443125136543098,-0.0,0.0,-0.251349029951738,0.4826852497953483,-0.10472281018817656,5.256,-0.4374884422163445,0.41508383,-0.6350011037416359,2.1
S38A,-0.367716919410465,-0.16197061587227454,0.7501745970638464,-1.223846400606886,0.7089286204916604,-0.33322461440404444,0.25786160793364704,0.0,-1.1723673313874678,0.8533996265974184,0.4537988441487651,2.357,-0.19618726375645432,0.2550569,-0.3901896467923601,0.77
Y24A,-1.7217833488199297,-0.19667860498776196,-2.176480584208614,-0.12306835313365336,-1.5235148719219818,0.5798535601888191,1.5185183578314772,0.0,1.3602418091505823,-1.1287874493646706,0.7679672747132947,1.822,-0.1516560010879337,1.3004614,-1.98946421105682,5.5
Y25G,-1.5024061590174203,0.3817878802703614,0.4890748671766895,-0.6768759422350935,1.5235148719219818,-0.21410508739632766,1.3752619089794509,0.15652846346256458,-1.0421042945666381,1.0728020128680313,1.6057497562187073,13.188,-1.0977164337802798,1.8527017,-2.8342892191295554,4.55
V71A,0.9850101142418366,-0.520619836732311,0.7638141351922799,-0.038743740801335316,1.291749745992016,-0.32494545878383296,0.14325644885202615,0.0,1.2090755061471536,1.162076087281591,1.9548257901792958,10.207,-0.8495899029113828,1.1269419,-1.7240116300186792,1.5
V94A,-0.08280500863248497,0.566897155552961,0.761865629745361,1.0574762195187992,1.1843879597156348,-0.904551491109892,-0.744933534030536,0.0786575193279219,1.9916733985932347,1.1590498474709618,0.7912390103106673,2.156,-0.17945682675388863,0.61996907,-0.9484374366876097,1.8
W126R,0.1427578142850009,-2.4353439029366997,0.14418940307201206,-0.21195105261906966,0.797544698053118,-0.12719675200304512,-3.3665265480226143,-0.8054529979179202,2.3523821991832032,0.685443317107501,1.803559508796374,7.599,-0.6325104019029684,1.4373132,-2.198822026920255,5.74
V131S,0.35957827573331996,-2.105618006339569,-0.15198342485968835,-0.6677597679288969,0.07498283485969486,1.1403804054089777,-1.4325644885202615,1.0020967962377252,1.6070023172573595,0.18611374835369232,3.1416843056452968,-1.629,0.13559145212527113,-0.076298565,0.1167226220036154,0.1
V131G,0.8500214551492461,-0.8329917387716977,-0.36047350768003006,-0.9549192585740881,-0.9781851638514738,1.051478819331364,-0.22921031816324183,1.0020967962377252,0.7102012144478116,-1.0047116171288757,2.257358352945139,-0.006,0.0004994160299273339,0.1185537,-0.18136512413084072,0.7
V131I,-0.17614043907990587,0.034707989115487406,0.18900502835115093,-1.6682598980339678,0.8503735135224485,0.08450470956805982,-0.5300488607524968,0.9037748970778227,0.030080309872520375,0.7444549934147693,-0.03490760339605885,-3.154,0.26252635973180183,-0.22806379,0.34889520599610124,-0.2
V131T,0.15929572298120195,-2.4006359138212123,0.37801005670230187,-0.12078930955710422,0.8231070281189231,0.8215319487183925,-2.449685275369647,1.0020967962377252,1.3635557415941653,0.7338631540775673,1.5126628138292169,-3.015,0.25095655503848524,-0.085311115,0.13051014824265653,0.093
V131D,1.3922194144626394,0.7982837496562104,0.9352826145211591,-0.5173428918766539,1.5115857845579395,1.5818007514036698,0.22921031816324183,1.0020967962377252,0.7759700275589154,1.349702955540598,1.7221084342055701,-0.775,0.06450790386561396,-0.0034142435,0.005223157912325099,-0.1
V131M,0.6480762042158225,-0.3239412317445491,-1.5003491941276927,-1.4198441481901118,-1.3820699788911939,0.6670875901383648,-0.22921031816324183,1.0020967962377252,0.5330332876562721,-1.656866296319456,1.838467112192433,-2.292,0.1907769234322415,-0.31751433,0.4857379050486887,-0.12
V131E,1.2385056068043923,-0.24295592380841186,0.9352826145211591,0.015953305035843954,1.5115857845579395,2.1815412211979224,0.22921031816324183,1.0020967962377252,1.9100996769050438,1.349702955540598,2.071184468166159,-2.565,0.2135003527939352,-0.14514315,0.2220420401597861,-0.2
V131L,0.17120842760956465,-0.8792690575923476,0.39944361661841177,-2.1719285284513266,0.8742316882505332,1.321961634416858,0.186233383507634,0.991084743531816,0.026001623788110835,0.8049797896273521,0.7097879357198633,-2.941,0.24479709066938146,-0.32739356,0.5008512905884662,-0.1
W138Y,-0.7017707986581462,-1.0990863219904345,-3.994436166184117,-0.768037685297059,-1.741646755150185,0.5193134560706083,-1.4325644885202615,-2.7018857889141175,0.6339807682454083,-1.5691053418112109,1.6988366986081975,12.129,-1.0095695044981052,0.13728504,-0.21002059253239191,2.87
A129V,0.9011131351767877,-1.3998888943246586,0.7209470153600601,-1.9212337350309219,0.777094834000474,-0.09723936671795244,-0.0,0.0,-0.015804908577086975,0.8276765882070707,0.1512662813829217,-4.759,0.39612014773736365,0.07089721,-0.10845955286237614,0.75
A129L,-1.954475320090196,-1.723830126069208,1.005428810610246,-2.61178393872531,1.474094367128092,0.023984147123224876,-0.0,0.0,-0.0005098357605511928,1.339111116203396,1.140315044271256,2.492,-0.2074241244298193,0.3308464,-0.5061334939714389,1.6
A129M,-1.0141601164839336,-2.417989908378956,1.005428810610246,-2.048860175317673,1.474094367128092,-0.28323050001763733,-0.0,0.0,0.0,1.339111116203396,2.652977858100473,-1.544,0.12851639170130058,0.54620445,-0.8355912795220021,2.1
E11A,-1.2586394302180994,-0.06363131337839359,-0.3078638606132149,-0.7178987266129779,0.4567136305090505,-1.8795311730661464,-0.014325644885202615,-0.005506026352954533,-0.39257353562441843,0.2299942256078149,-0.2210814881750394,1.531,-0.127434323636458,-0.35204276,0.5385599847728394,-1.1
D20T,-2.861048307429803,-1.8684467473837385,0.3137093769539721,0.11851026598055507,0.676549669074974,-1.6496950386023046,-0.22921031816324183,0.8353428552625306,-0.08004421440653726,0.43577853273059663,-0.17453801698029425,0.774,-0.06442466786062606,-0.49451783,0.756520358477753,-0.75
A41V,1.1832043972543385,-0.01156932970516247,-0.6858739173155167,-0.12078930955710422,-1.468981901114931,0.550697383512134,0.6303283749489151,1.5644980594323665,-0.3719251873220951,-1.6069333394440752,0.11635867798686284,0.221,-0.018395157102323464,0.110387295,-0.16887204245960044,-0.37
A41D,0.17149873999042753,0.13883195646194962,-1.4418940307201202,0.8181766439811399,-1.6802971629922527,2.0735669619055335,0.7735848238009412,-2.018351945954476,0.5419554134659179,-1.564565982095267,0.3956195051553337,-2.33,0.19393989162178132,0.34886387,-0.5336968739677925,-0.295
A42L,-0.04628503072166391,0.3875725451229427,0.33319443142316296,-0.6267369835510125,0.8043613194039994,0.7216088588568309,0.07162822442601308,0.0,-0.36937600851933916,0.5084082881856961,-1.5242986816279032,25.346,-2.109699782423034,0.67207307,-1.0281468715488864,5.1
A42F,-1.2033778087199816,-0.5090505070271487,0.8553938911974769,-0.45580871530982725,1.5984977067816766,0.4582522406623764,0.08595386931121568,0.0,0.0,1.1287874493646706,0.9075976882975302,61.811,-5.144900704306405,0.8793709,-1.345274018740445,5.2
A42K,-0.7456343602030673,-3.453444916990997,0.2669452462279142,-1.4608669325679964,0.8793441542636943,1.5697435389308048,-2.2061493123212026,0.0,0.0,0.5220263673335273,0.9774128950896479,45.042,-3.749116136664495,1.6976557,-2.5970976592204993,3.7
A42G,2.270519934711394,1.9783553795827824,0.8553938911974769,-0.0250694793420405,1.5984977067816766,-0.5497398415167201,0.08595386931121568,0.0,0.0,1.1287874493646706,2.420260502126747,9.853,-0.82012435714567,1.2900431,-1.9735261486198623,3.2
A42I,-1.2044268920962817,-0.9024077170026725,-0.8417543530690433,-0.4216230616615902,-1.543964735974626,-0.6020789567082225,-0.8022361135713464,0.0,0.0,-1.4752919076817075,2.1875431461530215,26.713,-2.223483401241478,0.7751239,-1.1857954862672473,4.4
C54V,-0.2466005735170618,-0.25452525351357436,-2.125819442588718,-0.7247358573426254,-2.1472357255276253,-0.26086179789347813,-0.0,-1.573150386558438,-1.8830783815958305,-2.2015894622327017,1.0472281018817655,6.156,-0.5124008467054445,-0.47513953,0.7268751615337127,0.7
C54Y,-0.5072120184150863,-0.5784664852581234,0.43646522010987426,-0.5127848047235556,1.554189668000948,0.380548033429093,-0.2865128977040523,0.3649708896815576,-1.9394152331367374,1.455621348912618,-0.2559890915710983,45.391,-3.778165502405268,0.37408885,-0.5722864045256576,5.02
C54T,0.853198396317098,-0.16197061587227454,0.05066114161989612,0.12762644028675163,0.8145862514303215,2.3449552078574394,-0.17190773862243136,0.3649708896815576,0.1552449890878382,0.7777436313316899,0.4537988441487651,-0.747,0.06217729572595306,-0.10303724,0.1576278245444826,-0.87
A74P,-2.232914584376665,-2.637807172777043,-0.26109972988715696,0.4626458460394746,-0.044308038780728774,-0.21244404515938514,-1.0314464317345882,1.6423690035670093,0.8396994976278146,0.1331545516676823,0.6748803323238045,19.358,-1.6112825845555547,1.4834948,-2.2694712906426093,4.867
A82P,0.5085778062068731,-1.1916409596317343,0.5826031286288054,0.8500832540528278,0.13803658235534735,-0.0026250981234817016,-1.0887490112753986,0.851074359128115,1.0293584005528582,0.4781458900794047,1.3032171934528638,-5.821,0.4845167850345017,-0.005302787,0.008112278423148399,-0.8
D89A,-1.602102069809201,-0.15618595101969335,1.628950553624352,-1.472262150450742,0.6373540963074064,-1.337992320476135,-0.0,1.2018868953306465,-0.4027702508354423,0.6476153194746367,0.5817933899343142,-1.41,0.11736276703292345,0.08409512,-0.12864990192290873,0.6
A93P,-1.1199228962348833,-0.8561303981820227,0.36631902402078736,0.9458030842678916,0.5453297080705081,-0.23627185889560365,-0.8595386931121569,-0.003932875966396095,1.0681059183547488,0.32380765973731834,-0.02327173559737257,-6.285,0.5231382913488822,-0.066055715,0.10105296545385287,-0.363
A93T,-0.5557865581403736,-0.3933572099755239,0.3039668497193767,0.20967200904252054,0.6271291642810842,0.23151671837416035,-0.27218725281884965,-0.23282625721064884,0.9827084284624241,0.6052479621258287,1.0123204984857066,1.15,-0.09572140573607231,-0.0954465,0.1460154033181106,-0.08
A98T,0.6428076943040264,-0.6247438040787734,-0.20459307192650358,-0.2803223599155438,-0.0817994562105762,-0.03456922020178012,-2.0342415736987713,0.0,0.0,-0.1286151919517386,2.373717030932002,15.938,-1.3266154474969745,0.75857854,-1.1604841609337535,3.83
A98M,-2.2185375235152955,-0.4107112045332676,0.524147965221233,-0.603946547785521,0.47205102854853354,0.0022863757849679333,0.3008385425892549,0.0,0.0,0.2693353431459938,-0.19780975257766684,30.606,-2.54752116865933,0.39836174,-0.6094194143588745,4.0
E108V,-0.39057572039909005,-0.005784664852581235,0.1480864139658502,-1.8847690378061355,0.7293784845443045,-1.3656828716496352,0.3438154772448627,-0.16046133942896068,-2.3189879568671,0.4266998132987092,1.4661193426344719,1.103,-0.09180931350164154,-0.09744051,0.14906586796972532,-0.95
D127A,1.3713730061140865,0.017353994557743703,0.3526794858923538,-1.3286824051281463,0.691887067114457,-0.738362586831012,-0.014325644885202615,0.46643908961457686,-0.4448317010809157,0.770178031805117,1.5010269460305308,-2.187,0.18203714290851317,-0.030365556,0.046453656302941154,-0.2
A130G,-0.49979585668577053,-1.185856294779153,0.017536549022271735,-1.2785434464440653,0.7447158825837876,0.5741473915630871,0.014325644885202615,0.0,-0.47363742155205807,0.897280103851541,3.106776702249238,4.916,-0.40918820052046223,1.3288902,-2.0329549906857207,2.1
A146T,1.7490067325344818,-1.2494876081575468,0.5397360087965856,-0.3783212337071566,0.7430117272460672,1.4106678037607139,-1.1460515908162092,-0.3799158183538628,0.0,0.5235394872388418,0.9657770272909617,14.462,-1.2037591041348503,1.0613021,-1.6235949372041694,2.87
A146V,0.3334468624513314,-2.759285134681249,0.023382065363028975,-0.4284601923912376,0.5743003488117538,0.004448987638555836,-0.0,-0.9022017466912642,0.0,0.41308173415087807,1.186858515466001,14.391,-1.1978493477807102,0.9034064,-1.3820438659999303,4.31
A146I,-0.8651473899930685,-3.2047043283300036,0.8398058476221242,-0.1321845274398499,1.3309453187595837,0.08769000232831431,-0.0,0.0,0.0,0.9774754588332134,1.0239563662843931,18.06,-1.5032422500812748,1.0162357,-1.554651722187429,4.31
